loan_id,customer_id,amount,interest_rate,start_date,end_date
02614084-f075-4867-9e1d-281551594744,1d913a16-fa5c-42c4-8703-f4d761d10a1c,355815.77,8.34,2024-07-09,2024-09-06
47baeb62-1643-4cbb-8429-fef77f2c1cdf,5e99403d-1d9e-4a21-8b26-1200064d2eb0,214896.38,7.39,2024-07-09,2025-03-20
e0572bc1-34e3-482d-9d95-a1efb1c79fb8,ba0532da-b8bf-4e64-8d1d-4b1b994253a0,321131.77,6.57,2024-07-09,2024-07-23
522a1bdb-7a39-44a1-b8c9-369930aa25a3,1d2cc221-7dbc-443e-bb25-4254e7df85a7,272668.6,13.26,2024-07-09,2024-11-17
59604e83-980e-43ba-bda5-ae240151897a,d3e73ac7-6de5-417b-a803-de787e9c38a0,36986.98,9.6,2024-07-09,2024-07-11
c14df739-c5d3-485d-b52a-91a6d0cbd13c,7af454d4-59c3-46a4-8d5a-e9d9a6e5e338,393316.47,6.26,2024-07-09,2024-11-19
525f4ff6-d686-4677-8d4e-44af325c8fd6,754233f9-4b3e-4651-9c93-68148fb72952,281471.4,4.2,2024-07-09,2024-09-16
7080a4b2-3967-4d66-9832-d261ee74d04c,38185ff1-c26a-4710-9a1e-2d83651117bd,464437.84,13.81,2024-07-09,2025-02-19
31b23b9e-4ef3-4059-af83-a43d3c76be57,dbfec00e-c139-479d-b2d6-c2dd9051e9b0,342380.62,7.39,2024-07-09,2024-10-13
382cd1aa-0495-4471-8388-a6134fdcc4bd,b456a710-a7b5-4930-ab52-5b045f655fea,114622.27,14.37,2024-07-09,2024-12-01
b3ffa716-202a-40a5-902d-8e79e22960d9,bc038300-c5cf-485b-8a7a-7c9ccfd1a50a,349291.15,2.37,2024-07-09,2024-12-10
f3e3997b-7efb-45c3-bab1-70facdfb4e8a,23654ff7-3623-4e8b-9d88-ce0841562b66,128446.07,5.07,2024-07-09,2024-10-16
935bc08e-04d5-484c-8e81-63f6e005bb8d,0c0c8123-418a-43ce-bbfb-f2465f7286d4,75201.35,3.4,2024-07-09,2025-06-13
9ac7d811-2ef4-4f26-80fe-4da486a91a4c,6006d053-de47-4bd1-a228-5c8ed5f09880,455350.97,2.52,2024-07-09,2024-08-05
7a88ccff-f15e-43b1-b540-9b180b1637e0,65989862-0b6c-4850-856a-a11bfff372e9,464781.13,10.3,2024-07-09,2025-06-18
a1c3b3e9-4343-4f38-ab42-db4cc95ea04e,91840a06-efd6-4ef6-a4f6-b5054c0572b1,444049.99,3.86,2024-07-09,2024-07-26
3d8402f4-bcf4-4751-9dca-3bf15a9fcfe4,2b952908-edd4-4081-9bdf-55aec2164541,337466.59,5.44,2024-07-09,2024-12-28
af1ca50d-9244-4a3e-8192-840b8dd8e800,2a7f5b0b-44bc-4115-be09-cd9cde2adeb7,489027.05,3.81,2024-07-09,2024-11-30
edf69162-4d0d-49be-ad32-e1dbf7709798,328e2fc9-a621-4308-ba10-07990a09e63d,360898.06,4.62,2024-07-09,2025-04-17
1c927241-3903-46a4-adb0-7f1fb3b49596,59933031-e575-4e18-a68c-66553af19676,400585.03,5.12,2024-07-09,2025-05-12
db8f5cd9-132e-4e99-a332-3fde799705d6,b1c81e0a-a4bd-41c2-b934-f8e96662dcd7,205788.86,11.74,2024-07-09,2025-05-07
936c4ec3-d012-471c-aefc-d871f642cdaa,ef989e1b-130b-4cd0-9777-bc25751a5ac1,375875.36,5.36,2024-07-09,2025-05-23
0a83e262-f61c-408c-b7b0-2f13c3b13528,3de174a0-5155-49b9-bd8d-203aa2dfc10f,377835.69,12.03,2024-07-09,2024-09-11
e45791c7-8208-414a-a750-d426a94dcb19,f2c7a100-6b32-49c9-b16a-55b943f050c9,351937.53,5.1,2024-07-09,2024-11-29
66d6dc58-968d-40bb-8e17-e5885f15dacd,69b61171-3073-41ae-b361-dbbac30b0225,447446.85,9.19,2024-07-09,2024-11-27
b70a2c13-8893-4632-b2a2-6431efd6d57d,35839fff-5d92-430a-9119-7e2ccf28cb08,469329.88,2.9,2024-07-09,2024-09-12
9790d603-8037-45b5-8a0f-0488c6ccba92,6f8d2858-48a3-492f-b06c-816531759f15,103384.13,4.17,2024-07-09,2025-01-01
7a70fb48-9977-4b38-866e-6ccf6dc4c993,5706af27-09d4-4d32-ab0f-40e412b57712,482342.8,12.66,2024-07-09,2025-03-31
b166d773-b120-44c8-bb26-1912295d755b,9c62f0d1-9957-4a41-a33a-3d098c41c2c6,43589.9,8.42,2024-07-09,2025-05-06
50583b4b-47e3-43e2-9575-cebff8e2ed56,f49a4e0f-260a-4ea7-81c8-087e9e639b5e,402652.1,10.02,2024-07-09,2024-11-05
f8cba2c8-224c-4645-9ca1-8494520c00cf,4c9d6001-44b0-44f9-9d50-998b400d81e0,113047.77,13.58,2024-07-09,2025-05-08
674c001d-77df-4c65-a43f-b5d496b13de1,9ea83526-cfc1-45ff-a82f-e7e954e12bd9,176049.53,3.64,2024-07-09,2024-12-26
d0fbb152-a89c-49c3-8dd4-f250f3a6e9fb,574a51ba-633b-4235-ba11-146b28419285,94546.53,5.46,2024-07-09,2024-08-30
720db2e7-ffe8-4bfa-9bd3-b1516e9215b9,3ead9668-7f48-4422-a948-490f9f7a76a9,331827.8,3.71,2024-07-09,2024-12-30
6748fda4-4ef4-4c65-bdf3-decaac9489ab,872dc486-d044-4a32-bd23-b3877e2170da,121616.53,14.11,2024-07-09,2024-07-18
a58450cd-bc7e-4914-860b-ea1c2e0f3d08,9c8b1119-6ccc-4c8f-8080-02d486ed21ce,64623.15,11.99,2024-07-09,2025-05-15
5dda3399-941c-4425-99d9-077c9603ca3a,106e0c38-d35b-475e-a453-d68b98063bf8,388602.14,7.41,2024-07-09,2024-08-17
bb7d7d59-259f-4a49-bc8f-9be89e26beb7,38cd5196-b2c2-4865-b57e-3372ed33b849,361250.59,6.41,2024-07-09,2024-08-22
1451a2e9-84db-4502-a56e-65e773303199,966803c7-24a7-4bca-8949-d42d4b72f44d,379200.49,1.04,2024-07-09,2024-12-10
7d9249e8-8968-4170-acf8-4a33e8337a15,5b5c8edb-f329-419d-9256-bc0a1af22234,170029.24,10.29,2024-07-09,2024-07-27
f6217ad0-287c-4ade-93c4-0e2983838656,b3e0f75f-d478-4ba2-87c7-d7a2ad1a4ef1,380110.2,6.18,2024-07-09,2024-08-18
9e973768-0771-42c2-b7f6-49042f7669b7,469cc633-d41c-442c-a7f8-202cd6364f56,461778.89,12.33,2024-07-09,2024-12-22
d3cace55-e2ec-46df-9059-7c174c86563e,305f0f8f-35cc-4501-a352-2a04caf8c33b,338496.0,3.18,2024-07-09,2024-10-23
cceff816-b00e-42c9-bacb-5571b264676d,40fb2f0a-5adc-494c-9e87-cf83ae143dbd,34952.64,1.23,2024-07-09,2024-08-21
4f11de4c-4021-4675-840a-0f81fece47d3,c6a6ea24-1d28-4850-85eb-22f47224d6eb,232689.68,10.33,2024-07-09,2025-04-01
a5e2d119-752d-4938-8ff7-f65b95d43c0b,266c227e-55df-4239-977a-4faa7f7df25b,310137.05,3.96,2024-07-09,2025-02-07
107a93cf-9468-4d71-a77e-16ed9ef731a1,6006d053-de47-4bd1-a228-5c8ed5f09880,178074.53,5.4,2024-07-09,2025-06-30
a672d0a2-4c6b-41bc-a45c-d7857270a4c7,2070ac72-d9de-46fd-b517-691f349882da,47488.68,7.7,2024-07-09,2024-12-24
906966c2-ad53-467c-87e1-e571268a992e,4c9d6001-44b0-44f9-9d50-998b400d81e0,84995.08,14.67,2024-07-09,2024-11-10
504f4efb-8e5b-4b00-84bb-b86b9a5e744d,a6fdba49-fe56-4c77-b9f1-6bf5c43a0a7e,235233.75,13.34,2024-07-09,2024-11-24
368cd103-76a6-42f5-b080-ffab483f7fe6,f963affb-fd27-47d4-829a-7c4b899f5e2b,458454.74,4.45,2024-07-09,2024-08-27
a399669e-490e-438f-a125-8747f8269e63,f687581f-deea-42dd-a2fe-c93db85edb2b,278460.53,12.26,2024-07-09,2024-11-02
26170580-c737-4e96-a9d7-17f975928e43,92ae48f7-2b28-473f-99ff-dfbdcf4313c1,396582.8,12.76,2024-07-09,2024-08-26
cb5614a3-9504-469f-af15-4b17a1a272de,af814eeb-711e-4a29-9699-8d6ca870b452,402673.7,9.92,2024-07-09,2025-05-17
5b518389-2f6e-4bd0-bd70-0ba7e2ae9afa,965b4cc1-b03b-4eee-a0d9-79ae4ac11a57,358394.84,7.34,2024-07-09,2025-05-16
cafa629c-7013-4d9b-855f-a8db5b54acf2,416b144c-8a90-477f-ad29-5f4341437a42,397519.56,4.94,2024-07-09,2024-10-04
1ac1e67a-01c9-4954-a31f-0aaf8596503d,dba0c578-d6d8-4d3c-96ce-ec4864787882,486411.75,10.2,2024-07-09,2024-12-06
97296894-f669-4d4f-a27e-f754aec5fe6a,a5f45bec-1be0-4d04-97e8-c3cc284144fb,209800.23,8.03,2024-07-09,2025-07-03
4aa1c694-5ade-48d4-8143-c33e8c059ad0,df232113-44ab-4da7-9524-2eaabb06269b,25467.78,3.15,2024-07-09,2025-04-07
8783b600-3faf-4117-967a-84e09bc6c493,7c1d5512-e72a-45a4-8cab-379e847b1a5f,351912.33,13.07,2024-07-09,2024-07-24
90f71ed2-6323-4ab0-8ec1-d33e0cc0239e,2451f47e-db7f-49bc-91a8-31a527425821,416140.82,3.71,2024-07-09,2024-10-25
e5800703-2e53-4d42-9acc-80837326bc82,822c49cc-e255-4a20-b7b9-b73011064fe2,204647.56,1.78,2024-07-09,2025-04-30
c31383f0-5ead-4f6d-b539-d06d7c4e88c5,91840a06-efd6-4ef6-a4f6-b5054c0572b1,305970.59,4.41,2024-07-09,2025-03-08
7d831ed6-5c3e-413c-bad7-31c7e89e1f04,9e228863-04ab-4427-93be-8faf445cf104,79053.09,9.55,2024-07-09,2025-06-02
9dbb397e-46d3-411b-acb2-1b8b33f95319,69bfe12c-7d08-4c23-86bf-0d24e9e970d5,244500.42,2.03,2024-07-09,2025-07-07
0724ff2b-63a0-401e-b013-320ad7f623a5,5be5938d-4b44-4a1b-b3df-f2b4d07d3ece,244318.26,2.6,2024-07-09,2025-01-24
2d8f6f50-8647-4437-a740-a1d27a1abdbe,1ba3913d-84ab-45a3-9208-23827fa0af00,394425.21,7.0,2024-07-09,2024-09-27
a8b6fb14-9473-4413-9344-3dd6168a1bf8,106e0c38-d35b-475e-a453-d68b98063bf8,380635.39,3.46,2024-07-09,2025-06-11
111c71d9-78f9-4299-8b2c-2b116fa1511f,b2b3b23e-c8de-4af5-b292-f29b3eda4ffe,118369.12,11.02,2024-07-09,2024-10-06
1ea028b1-3e62-4b71-a324-23a1dd758017,d207d41e-ec98-49bf-b70c-15e3975353b1,24793.77,1.42,2024-07-09,2024-12-16
3c071174-5207-42e0-82c7-8c9375370d8f,b7e59f8d-2804-4bd4-9361-d2b1e3680069,158604.67,9.99,2024-07-09,2024-10-16
03e4249a-12de-4b40-afe8-3ab52bd1b209,dcc51e56-afe8-4ebb-9f23-1f1c3a5d6e89,87996.53,4.06,2024-07-09,2024-08-24
37f79e47-54ec-49ff-aa0d-50db63b30f83,b724e52b-5f02-435d-94fe-77d7c58dc9d9,403962.5,14.39,2024-07-09,2024-12-31
de2cb19c-0093-47e0-8360-6ef001e7a3d3,b9cfcd73-0b83-4827-89b2-5ce91f7adb10,291165.14,13.92,2024-07-09,2025-02-08
d0b87219-b45a-490b-a103-5e70ca87b1ba,8f64b197-ec20-4b9f-8e8d-4ffaef453239,12885.89,13.65,2024-07-09,2025-02-22
e59f58e5-1fc4-453d-a6e6-9eddb58c14e2,700299e5-8d64-4272-928c-81a6f7e76157,418339.4,3.07,2024-07-09,2024-07-16
308def13-6413-4321-81de-96f7853aa3a5,fbf3086d-9a69-4a3b-9145-56699aaa00cf,35623.19,3.75,2024-07-09,2025-06-09
dadd3f79-121c-48e5-9ad5-df4a77c2ea9a,bee83102-082a-4d13-b727-aa05d52ae599,426659.21,8.34,2024-07-09,2024-11-02
a9dea2fe-175e-4f35-ba19-7bbe95c75552,ba0532da-b8bf-4e64-8d1d-4b1b994253a0,422228.02,7.86,2024-07-09,2024-12-01
edcca2ff-1038-4420-bb6c-c7fc17af1b83,81871f21-4394-4eac-becd-98627fb4cdf4,430278.11,10.32,2024-07-09,2025-05-03
860ad950-a94f-4046-a7bf-03b13f91b4e4,cf517365-8319-4a91-a5a2-00110e086f15,209823.17,11.61,2024-07-09,2024-10-09
d6169301-b67c-499f-8c61-bd6ca7e413ff,bc3169a7-80af-49fc-a145-933f2393a08b,345813.38,14.39,2024-07-09,2025-04-11
e7ac1f9f-caf0-4d17-bc46-491dfcbc6061,051c3baa-5a0e-4e13-8334-b68dd7688669,190971.14,13.12,2024-07-09,2025-03-22
68f0adc8-c5a9-40d2-bef0-4276a5a02059,a5cdff82-0382-42d6-9518-ac1ee65d6481,11756.03,2.32,2024-07-09,2024-07-13
2c32d8c8-a06a-4eb4-9eaa-f29ff10f0e21,473e4908-4e6f-46e1-b800-e6e1f8870ee4,237403.53,1.02,2024-07-09,2024-08-28
7d3d26c9-6537-4114-8f1f-b3e663aa8daf,4e459049-9b10-43c0-8989-e0e1fe2b0d49,281277.54,9.94,2024-07-09,2025-06-12
bc0d655c-4e26-41f4-9e8d-8df3619140b5,6be6bb03-5df0-4ee7-97ac-08b6d49c2ddc,116739.27,5.67,2024-07-09,2024-09-06
53668649-29df-4a04-97a0-0d337780eb13,eb7f138b-6bbf-408d-a17b-5fe87187e94b,11726.75,8.11,2024-07-09,2025-03-26
bc11e7c8-b746-4d81-ba60-7bdf08be92fc,48cb7b09-09f0-4dca-97ae-12f56f689702,457397.42,7.8,2024-07-09,2024-12-03
25117efb-ed44-472c-9c26-510fee7294ba,b1458c4d-b30b-4cf5-b7af-20d25cc2f8f4,141567.4,14.64,2024-07-09,2025-05-26
bd092e1a-79ce-40a6-96e4-5031882ad9cc,ee1da415-2544-44f2-9fcc-0a1ba9b5274a,272477.45,5.15,2024-07-09,2024-07-18
1136b01a-11bb-4bd5-840f-bfbe361d608f,f0d75ab7-7eba-4ea4-88fb-e6120503fee1,77259.19,7.48,2024-07-09,2025-05-19
135d7e4f-d289-4b69-8090-f4dcbfc7dc60,e670cea8-5ce2-48c6-9e4e-78f5fc318988,29604.63,7.76,2024-07-09,2024-12-30
522e9725-2980-4bd7-9356-3f9c4df34725,26ba50f2-1441-4ce1-8da2-9691c70e0de6,19991.9,5.18,2024-07-09,2025-05-05
b59753cf-05d2-4279-8c1b-adea31d86c0d,73872c63-d4ab-4f93-9928-98604c0531df,356922.2,8.0,2024-07-09,2025-03-30
9d7cf1d5-0ceb-45e0-ad95-8b93fb7964a2,87bb9e98-d14b-475a-b760-699086aa6504,235021.9,11.29,2024-07-09,2024-07-31
5c35bf9f-32db-4aa2-a99f-ff0c8ad200c5,2109923d-e315-4b96-b151-c1fa98aeebeb,120209.83,7.04,2024-07-09,2025-05-08
0d0360bd-0e63-4928-b78e-6e1495d00aeb,5706af27-09d4-4d32-ab0f-40e412b57712,203129.53,2.11,2024-07-09,2025-06-27
4bc59020-cbb3-43f1-8bb6-64855c632b40,5be97a45-73db-4d06-a124-26a09273840c,238123.71,8.27,2024-07-09,2025-03-29
b7981088-39bc-4a03-809c-133ab401d1b3,212b03ae-8c83-49da-bb4e-5aabff64e18e,365246.91,2.99,2024-07-09,2024-12-27
04118a6e-6456-4b2e-be38-1d346d43959f,a5a66ad0-6474-4fe1-a148-8471a6612dce,290860.74,5.35,2024-07-09,2025-04-06
ffa2f945-c250-4cfc-a47f-52dddd824445,b456a710-a7b5-4930-ab52-5b045f655fea,357870.33,7.45,2024-07-09,2025-04-29
9bbb44be-f484-4a5f-bf3a-dd41192c4c93,c16398e2-5621-4afe-a95c-ea09ebfaef81,88446.99,1.37,2024-07-09,2025-04-10
4bc24075-20cf-4061-b2db-2e25919fb455,ef7be9b3-51f3-4f0d-9e33-813bdf49a6a2,366814.24,2.77,2024-07-09,2025-06-01
1b409b5d-3d7c-4a7e-9cbb-c7a17395f0fd,74e34848-9f04-45fd-9b84-1901781f2b5c,257788.11,10.46,2024-07-09,2024-12-16
de652e08-ffb9-46c9-a51e-9dec26c41c34,aac664ba-60f9-4517-a86c-032dc10a737d,294862.42,11.33,2024-07-09,2024-12-01
146d28d7-a611-46f2-9ab2-33fdc82f67fb,04937116-7aba-45cb-8a5a-9dc001215a6f,490191.89,14.44,2024-07-09,2025-06-20
c77dbde6-bbb9-4681-b332-a96c727f79e7,9c8b1119-6ccc-4c8f-8080-02d486ed21ce,263696.11,13.93,2024-07-09,2025-01-25
066635b1-8917-4abc-be45-2c31f1cc3687,c1b1cce9-2688-4f6a-8e48-5dc67b95b188,354684.9,6.8,2024-07-09,2025-03-30
196b089d-a809-442a-9805-7433dd4f5933,9bf933f9-3e42-4662-a30c-925f36ad0239,119111.13,1.85,2024-07-09,2024-11-26
103fd99f-d8f1-4320-95f8-d98c9a398db2,6b0d4596-b20e-4713-a705-f641b7136a57,346823.61,7.43,2024-07-09,2024-07-13
bef280e9-a06c-45c1-a8bf-70c3df993d4b,772407b8-5caf-48c4-8c01-0b4f970fb959,217848.3,12.71,2024-07-09,2024-10-11
829da85a-17da-4e70-aca5-8ae8e278b079,52f4427d-c823-465c-9eaa-fb7e78231813,387870.37,4.57,2024-07-09,2025-04-20
a9fdcfab-8678-4928-a869-d228bd2773d4,109d618a-1bee-4de4-a9c8-43ce61dc72f3,469880.11,1.85,2024-07-09,2025-01-19
dc43a131-80f5-43ed-9a18-73845a5b098f,fd17a805-8da4-4555-89df-840dae164baf,181202.04,7.79,2024-07-09,2024-09-20
9948dccb-40ad-40da-82c8-740ee98e4032,9ffe1602-3b22-4aa4-9fba-46550cd2813d,380916.81,11.77,2024-07-09,2024-09-14
ef748c38-6a7c-4ef2-888b-20ffcfd7da89,f3263273-553a-409f-816b-ddefe784a4a2,105572.94,3.8,2024-07-09,2024-09-12
9ccb0e63-b2b9-4367-be50-64067eb9d7ca,9c8b1119-6ccc-4c8f-8080-02d486ed21ce,440016.09,4.37,2024-07-09,2024-12-11
cc919bf4-447e-43bf-8296-58f34abfb286,5e3160c2-0b7f-471b-9be5-963fc0357f9a,302745.35,11.34,2024-07-09,2024-11-02
ae5e482c-174d-4eb5-805a-999b07652cab,700299e5-8d64-4272-928c-81a6f7e76157,298838.67,10.74,2024-07-09,2024-07-26
f67ea38a-22d3-474d-ad3d-34d7d222329f,6635608a-5727-4187-92a6-93aa3ed1adbb,12854.35,4.11,2024-07-09,2025-03-13
31b43b81-be6a-402f-ac78-4051ac0c2916,0abd7342-b81a-4223-ad46-ebce12676389,210406.94,2.82,2024-07-09,2025-05-10
f48a8c08-d2e6-4c9e-853d-46c2a7291fd2,9493c76f-b558-476c-a258-a3cba333001c,17911.9,8.46,2024-07-09,2024-09-25
6d17ae3b-a901-4b98-a637-e37811fabe5f,651152ee-636f-4bfd-a48f-5eb5cdb6a53d,90711.79,7.91,2024-07-09,2025-01-18
f823b33f-b30a-485d-a43f-824255befbd4,241c7254-28c4-490d-b2e6-921a878ea37c,189641.5,9.27,2024-07-09,2025-02-19
510576a0-8955-414f-bc76-ce14577d39b8,361d5a53-0364-44f6-bcf9-b4e70453ced2,401701.67,11.63,2024-07-09,2024-11-20
97af3fe2-213f-4718-8fa5-bf38d221a45a,7fbaa601-85b6-49ea-ba19-22492e3c1c9d,386637.14,13.7,2024-07-09,2025-03-24
76d58d9e-4ba8-48e4-84bd-14f466a000ac,ccd83dfd-9e79-472c-9390-5bc9f9fdc06a,294777.41,10.29,2024-07-09,2025-03-14
9efd6118-7a48-485a-8fce-abae837e430c,96a2205c-83da-46be-a87d-e989067c1603,430206.38,11.1,2024-07-09,2025-01-10
91f9ee8b-930a-465a-80c2-16759335c9bf,a5b8aef2-a9cb-4644-897e-d5623bc938fc,147259.75,12.35,2024-07-09,2024-11-18
18edffc6-e576-404d-80c0-6585ca8bd8fa,fb3ffe02-84b4-4240-8822-7342d4abafeb,337009.85,4.15,2024-07-09,2024-08-19
a1227e00-b416-4b07-8ab1-9e2ea8635459,ccd83dfd-9e79-472c-9390-5bc9f9fdc06a,103257.57,5.83,2024-07-09,2024-11-19
9411bde2-827c-426f-aab5-80d2f3c6bc64,90d5e48d-e86e-44db-9c8f-bec012adab58,77043.79,8.92,2024-07-09,2024-12-15
619f95e1-fd53-44e9-a3c0-5c48156911e7,9918bd96-126a-4f28-82a9-e8d4aee2c32c,205101.77,14.73,2024-07-09,2025-01-08
4b6bb14e-d9a4-4aca-8a72-37561179bc2e,1ba3913d-84ab-45a3-9208-23827fa0af00,358450.12,1.72,2024-07-09,2025-05-25
671e141e-ad81-466b-b768-724aecb984df,4e459049-9b10-43c0-8989-e0e1fe2b0d49,226911.93,3.59,2024-07-09,2024-09-11
1e88abb9-c2c9-4be4-9b5b-fe55820abc71,9918bd96-126a-4f28-82a9-e8d4aee2c32c,187126.34,12.47,2024-07-09,2024-09-02
e862ae48-4245-46d0-ad43-7ca7de016e54,a58f0e1c-a891-45cb-a07c-f845e76edab9,397342.39,13.13,2024-07-09,2024-07-28
f66add95-b261-4f75-8073-e1da49254f7b,d1873307-1e41-4d44-8852-e75394ad986c,241477.08,2.9,2024-07-09,2024-12-08
6f85e484-f991-4916-9575-7be059eb3e2e,f0373a1e-112c-4057-bcf2-7a239529ae29,413675.44,1.31,2024-07-09,2024-10-01
13ef5e8c-3987-4d31-a441-c052ff801d3e,abc1e9d4-a779-4d3e-a1ad-3200be69c76f,33749.75,12.62,2024-07-09,2024-11-19
b3352ae8-3f01-4787-8132-c7382cff2ed2,9a91ee18-e47f-4ae2-992c-a83cf395c605,78735.42,14.88,2024-07-09,2025-05-13
d99ab005-0c01-40ef-8400-ddb6f3e6f0d6,1f34a018-c36e-4aec-9ac6-74b74d762935,144771.03,13.7,2024-07-09,2025-01-19
97ae867b-2d64-4c0e-9044-c93476940de3,7c1d5512-e72a-45a4-8cab-379e847b1a5f,234211.6,1.32,2024-07-09,2025-06-09
d80112d8-9c25-48fb-8a46-61c09698a565,762bb07d-a0f3-4816-8f4f-1300e997ebcb,247837.77,14.34,2024-07-09,2024-11-05
df4ed2d0-531d-458e-9a9a-4ea491a0207e,010c760b-adf1-4505-8970-9a72f7cc3657,52619.18,10.95,2024-07-09,2025-05-07
1b1c4bd2-3590-421e-8b60-2690839b8084,ea86a1ca-6f52-4397-8af5-62a736c3273c,91549.56,9.24,2024-07-09,2025-06-06
9c45dd96-4449-4385-b4ff-abbf3cbcb557,2bc776fe-e01f-4d0e-88a7-a1e5bd3e81e0,374072.0,6.57,2024-07-09,2025-01-02
4d012964-1ffa-47e9-8b62-eb95ebde7e7a,ccc05298-3e5b-4940-9222-bce15c0f17df,87302.88,9.82,2024-07-09,2024-08-27
d6c1407c-8e20-40d6-82cd-aeb367c41273,2c278138-1ff8-407b-b0a5-8a6f4299c045,302784.04,7.27,2024-07-09,2025-03-07
5e3bf05f-4678-4416-9883-84767c20a2dc,3d9658dc-11ec-4f74-b886-927b5f1de634,239873.49,12.58,2024-07-09,2024-11-01
b6d90c98-c20c-4afd-be2a-fb998acb293b,dcc51e56-afe8-4ebb-9f23-1f1c3a5d6e89,439538.4,12.33,2024-07-09,2025-05-18
2206e9cd-8d46-4050-9811-91907c2b0077,3a882630-518f-44df-b14b-79ce81f4b503,440746.51,1.32,2024-07-09,2025-04-29
6e311ce8-930a-4069-821b-b2ed502f283a,9d8e3cf1-9e66-4f48-9fda-70650aa178aa,261992.78,5.88,2024-07-09,2025-04-08
74f08a6d-60ca-4423-ac34-e5594d2e30be,e31df416-3382-4d06-bedb-819e8f042220,232531.62,3.95,2024-07-09,2024-12-16
a00f6d2e-f132-4e62-9336-bc218b732eb9,64d6193c-ff68-418c-b12e-5f4732b93295,337256.7,9.79,2024-07-09,2024-11-15
abdab7a5-c1a4-4e81-859f-e0a3a170b183,e75a225c-64a1-40c1-95ec-8b0a6638a242,319089.63,3.67,2024-07-09,2024-11-19
322d3bce-a2f4-4f94-9f61-a311667abb62,5e99403d-1d9e-4a21-8b26-1200064d2eb0,133108.05,8.48,2024-07-09,2025-05-31
b92b2214-e809-4c3e-b4a7-bd7168f7bc79,ab080215-91b9-4f05-a238-7f1945c18daa,443591.39,10.86,2024-07-09,2024-08-28
57e98e9b-c735-4c89-a0c1-5edd18e842ef,26a10b23-1fb4-4696-9138-4962d9ea8552,147688.44,5.24,2024-07-09,2024-09-01
488ef7d9-9f8f-415e-9c0e-50900f3171d0,7bf9725e-6852-4692-acc4-e47262e2781d,67765.86,3.72,2024-07-09,2025-04-01
e3eb8c65-e2b5-499b-867f-162c5db81288,a58f0e1c-a891-45cb-a07c-f845e76edab9,145850.29,1.57,2024-07-09,2025-02-15
c3f6a42c-c287-4d6d-9558-10db16c94c84,6edd2891-4364-4ba2-b437-5394934389de,162331.88,12.45,2024-07-09,2024-09-07
92589cde-5b95-4e29-9bcb-c253d1c754e8,0527260c-09ea-466b-8785-48acf6ca1332,269708.66,11.03,2024-07-09,2025-02-08
f3f55e76-958e-47fe-a18c-d142716d6f40,be01fe4c-679c-4bc8-b749-e64f8a3d74b8,464995.19,13.7,2024-07-09,2024-07-15
7e8190f9-b4e7-4521-a1bf-e16bcb706970,f678a0d1-a9f4-420c-b731-c9b2b8ac9967,13406.08,2.99,2024-07-09,2025-01-09
b80922d5-befe-44f6-bdd9-472219781d99,b23f7aff-4858-420c-bb52-91777832572d,167809.65,12.82,2024-07-09,2025-03-18
cd98388c-2d94-4773-bd78-916a939337ea,abe9e927-f47c-48d0-9c93-ef752658e5d5,317877.74,11.55,2024-07-09,2024-12-14
d912d389-2738-4d8e-9ebb-3d407f3af18e,8a745844-9c9b-465e-9cdd-d8b2fdc8ebf9,264947.19,10.36,2024-07-09,2024-12-17
a6b8f4b6-f071-4f1d-85b6-9cdcee11fce0,3f5182c1-288b-44ae-83d2-e6e455bbc021,460751.96,9.86,2024-07-09,2025-03-11
1f479cf0-33c2-407e-ade6-16b789f34bd7,8de374dc-a31e-477d-b138-b4c03a97d260,153059.51,13.69,2024-07-09,2025-03-07
1d7c242b-1763-4213-bf78-e970db871066,772407b8-5caf-48c4-8c01-0b4f970fb959,450150.3,2.63,2024-07-09,2024-12-06
394c3a31-0732-4396-802e-447a6bc70852,2da82076-485e-498d-8d22-6911f868189d,458091.87,4.31,2024-07-09,2024-11-06
d54e38e6-e685-4880-80b4-0033ea37cc6b,317d0bb1-12a2-4fae-a843-ca489f6ced1a,338787.51,5.86,2024-07-09,2025-04-04
6f7ee937-3dca-40e2-b348-5389b3702927,a5cdff82-0382-42d6-9518-ac1ee65d6481,270302.39,2.86,2024-07-09,2025-03-16
da09fef0-95dd-40ec-92e1-aebc1207e818,3963a12c-da23-4b9b-8652-ff45289416f9,21451.23,9.68,2024-07-09,2024-09-21
ce48a9a9-67d8-4344-88b6-72fca32279de,9d79ab98-836a-44b3-aaca-ccc559ddd5e2,48385.28,9.47,2024-07-09,2024-09-27
d7b5faa7-8d02-4201-bf23-d85b51362472,52f4427d-c823-465c-9eaa-fb7e78231813,147854.03,5.11,2024-07-09,2025-06-07
bbe62c64-2026-4844-8010-9075dfdcdb69,3b330213-b828-474d-87d5-7b9652ea50c8,158588.85,14.86,2024-07-09,2024-10-06
37aeba45-132c-4e22-bf03-cc3a05af9b93,bd8ccee5-c716-4701-9a31-8adbeff6979e,428169.46,10.85,2024-07-09,2024-10-16
28b3651b-18f1-4e0e-87f6-7e3ca7bc6b38,8f5aa5f3-6ead-4d26-aa95-5abffab10b60,29765.64,6.98,2024-07-09,2024-10-22
ebfc5b1d-885d-4085-9200-ceaac600761a,e6d36b11-6a8f-41da-af4e-4fb0b4fd7db1,175134.06,11.3,2024-07-09,2025-04-07
71283914-9f18-40ab-900a-0f735764aa49,426ccd42-07a3-4590-965c-ef48dda9eff7,359887.18,4.02,2024-07-09,2025-03-13
67eabb3a-1308-43b0-b4da-29034c84f1eb,591c3812-4b4b-4329-bbf0-3856a6056c6c,205029.55,7.1,2024-07-09,2024-12-25
695e5c3d-c50f-485c-966c-6a7a2164d13e,4308afeb-77a0-421a-aaa0-74389231b73f,204427.39,5.34,2024-07-09,2025-04-14
1722dc3d-b914-4dd1-90e6-408d4d2b11a9,7265594c-0753-453c-bcf8-20f0012b37aa,146964.54,13.98,2024-07-09,2024-08-15
eb54750c-d7f7-466d-9545-44375b259700,d620ad5c-cc29-4d12-b49e-a8a290dff721,345304.21,9.17,2024-07-09,2024-08-21
cc025029-22e6-4b9f-902b-a060ffd99082,3b3f1e7d-4a20-4484-8fec-56bd84229826,155146.9,2.07,2024-07-09,2025-02-25
2a476356-d892-48a1-8a74-ce6a95a46976,49044ba4-c499-4122-882a-46e561bdae88,362362.82,6.55,2024-07-09,2024-09-01
c0ea035f-bb30-4fdb-b91e-d7dc1469240e,b68e2b10-a004-4763-a727-457b7c1402e7,188306.7,4.15,2024-07-09,2025-01-24
d9e568d2-d9bf-4505-9e75-0eab6628e56c,31d3b121-31bc-40d0-bfd3-b7cdd76c7ecd,337299.96,6.58,2024-07-09,2025-06-24
cade7d72-da29-4eee-8efa-5f412c7ca31e,74e34848-9f04-45fd-9b84-1901781f2b5c,390033.5,5.42,2024-07-09,2025-07-01
e1387f0d-ca34-4a4e-a718-f6e0243b1904,24587a05-05c1-401a-bcbd-fe0437873af1,465517.74,10.57,2024-07-09,2024-11-22
91e76f1c-8105-4171-bc92-a2976d29b9d7,f83e4038-ff97-4718-a048-6a51e90a0a38,141404.24,5.27,2024-07-09,2024-09-15
2bec3675-b4e6-4688-b1df-2d55932f2e2a,79a99e47-e382-4b8a-a427-314076c03f60,392353.47,2.51,2024-07-09,2025-03-16
5f9c757c-ccb6-450f-a8e5-b138a7ee3071,d548ea81-fa3f-4ad2-9e25-b8bcbf261eb5,157355.3,1.24,2024-07-09,2024-12-18
23cf001e-8b27-4a58-9915-0ebfe477c09b,ac53cf32-0ae5-496d-9b31-2e5db36460b3,326003.63,9.89,2024-07-09,2025-04-11
52730c85-02b7-4c37-8af1-4dd83ce0d802,0959e8b9-1955-4ec6-b0bb-08b1f7a290bd,439566.88,8.38,2024-07-09,2024-10-02
d439b5e5-ab42-4397-83d6-3859aff52823,33d6d49d-c089-47f2-9a40-365956e3185c,141089.37,8.2,2024-07-09,2025-03-19
7a698313-6701-4c1a-93c4-4b9d78d41b68,c3d74378-8972-465e-8009-53465f74eb70,489604.44,9.23,2024-07-09,2024-10-25
62111b3b-badf-4857-b461-09a3c9665d55,71c0af0b-7eaa-49bf-87c5-b05400e42fec,342895.11,12.95,2024-07-09,2025-05-28
30b75c8d-bbe1-49c5-98d7-2631af3af8ad,847ce32a-d2b6-422a-8881-547826c752ee,429307.61,8.97,2024-07-09,2025-02-03
973b3a74-320e-4e2b-a358-75ac3f60b34f,36b443b4-772d-47ba-996f-608965aa3adf,243921.15,10.31,2024-07-09,2025-07-03
0da67f96-a0af-4095-bd26-3f13a825ac93,889a88ed-b60b-4892-9864-73a14622d2a6,245291.04,2.56,2024-07-09,2024-12-03
d4843174-cb2c-448f-99e8-cf4be5d751a8,9acfcf12-045c-49db-8858-4fe8c31ac140,242784.92,5.36,2024-07-09,2025-06-08
ab6b5715-5f63-4d66-a29e-da94eeb82178,1d21ddf3-b260-49ca-a5af-43f63f5ae532,69191.3,3.75,2024-07-09,2024-09-22
41908bcd-604e-4a50-89ec-a5d653ce999e,85d92111-c0c8-4c26-b6c8-f7657240a92e,296280.68,13.82,2024-07-09,2025-02-09
1ff07f4f-29d4-4e5a-9e01-9f6203f4e7ab,eaf089b7-dd73-43f8-8ecf-4d02d3c3445b,225532.36,13.54,2024-07-09,2025-01-08
a24c220e-950a-4907-9d7d-05502a9ad167,b9c613ce-8c14-4a1d-a99f-9c040d6f614e,52127.09,12.72,2024-07-09,2024-10-27
b88ab6e9-d132-468e-84ab-b4561a8c39f8,0c9d2784-d47c-4cd7-866c-4dc15bae9363,55059.54,8.22,2024-07-09,2025-06-10
b717a12a-28a8-4496-b320-addb101e7d8e,0184dcb0-5991-4403-85d4-fba9570c6f5c,276321.94,14.22,2024-07-09,2024-07-10
601cac9b-6507-4786-a37a-642a8751b682,c497ab88-3534-4d04-8218-113caa94e1ad,415927.75,4.66,2024-07-09,2024-08-06
5bf2e300-6ea3-406f-a20a-349de39641cb,2e39bea2-d280-4bf3-abd8-14fdfe0403ce,448873.92,12.65,2024-07-09,2025-04-09
79bd2375-b9dd-41d3-a4aa-4b83963cfedf,1f2e9ede-ec04-4a7b-87fb-dc9fcd1a842b,11582.44,8.09,2024-07-09,2025-03-21
c50ca341-3273-4856-9bfd-42fcdfeb518f,54641054-4d15-4447-be25-dfa2a2979afe,475871.88,14.67,2024-07-09,2025-04-14
cea29124-51dc-4051-bfeb-f9f11a5a3015,0c0e2650-8dc3-4f2b-be31-c7f254ad2057,66491.65,12.58,2024-07-09,2024-09-18
68366cda-2774-40f1-a560-cda22a1ab85c,26ba50f2-1441-4ce1-8da2-9691c70e0de6,48801.48,11.55,2024-07-09,2025-04-13
0de529e9-02cc-465a-a5eb-9338e72700c1,9ed02c70-47e8-4779-8f74-2c8d3fb528e9,118844.91,4.98,2024-07-09,2025-05-14
25f8fed9-340b-4e65-aaba-05b52d6f385c,1aef0a58-092b-466c-9690-2ac98c3ec922,305160.51,8.37,2024-07-09,2025-02-02
e48ee269-48eb-4045-aefe-f2aec32d884f,1ad855dd-169b-4f2a-a873-895db7f7d29a,404098.99,13.39,2024-07-09,2025-04-11
2509670c-44de-43b9-9d2b-752b67e45b93,1579ff72-80e4-4a35-822d-8ed49c140af5,321943.38,9.93,2024-07-09,2024-11-29
efce846a-2ec4-42e8-b0ba-c45484397fae,89faa9b7-e777-4d44-8879-a169a9fc939e,328940.06,7.26,2024-07-09,2024-11-09
ae240476-ab59-4d86-8165-fec8cbf7bec5,e31df416-3382-4d06-bedb-819e8f042220,351332.26,6.1,2024-07-09,2025-04-21
bcb8d421-2f76-4070-9eb7-c3b9c16b6270,bdc5d03f-4e4d-4674-92d7-9e91eb431cf8,37917.36,1.76,2024-07-09,2024-08-03
e33ac0c8-5874-4038-b7c9-529bd5dfc668,d9db4ebd-fc64-42ba-9b12-96a5cb288640,40496.12,5.3,2024-07-09,2025-03-04
43114b21-b160-442a-9f14-8aee370d4a34,05832f40-ed08-4798-bdb0-51df6d94aa2a,471036.24,3.18,2024-07-09,2024-11-26
42f4d437-bbf8-4415-ac92-a38141713001,872dc486-d044-4a32-bd23-b3877e2170da,477241.43,11.93,2024-07-09,2025-04-01
ec6acb11-5c35-4fc4-9d2b-701a8044b542,ef4ccc64-95ac-4d86-8b12-1cf633d42120,193557.66,4.59,2024-07-09,2025-04-14
64eefe39-5de8-45da-99cd-47a047e27fe6,d8ee3917-1e6e-4eaa-8223-192fccc98af8,195844.87,14.25,2024-07-09,2025-04-08
06042969-331f-42a1-ba6a-13b948e72776,74e34848-9f04-45fd-9b84-1901781f2b5c,425761.18,8.38,2024-07-09,2024-12-05
b097b3cd-2d90-470c-b3c7-180d50140703,4feb676c-c4a0-4fb3-b53e-541302dcac59,222559.1,7.73,2024-07-09,2024-09-27
350c3015-f992-43de-b9aa-ae0674713e76,d2ffa42b-7973-41f1-ad76-ce3a66dc1ea0,257025.57,2.21,2024-07-09,2024-07-29
5df9a5c4-7880-44e7-bdbd-0898706dbe60,bea2e091-7109-472b-99ee-8afaf16f51f3,498074.19,12.4,2024-07-09,2024-10-20
2f68ca52-3250-4137-9fc0-a45cea2c648c,ad3e4c72-b3c0-4f59-9e62-6d1bfa4fb494,182640.22,5.54,2024-07-09,2024-12-10
62547122-cc4f-46b8-858d-98628b63afc5,b34ce88e-0707-45b9-bf74-85d914e6af1d,308452.63,7.76,2024-07-09,2024-12-09
f573e7d9-637b-4904-b184-537bb2e7adff,9deb9e3f-dc8b-4683-8f1a-7b5585b0467b,459930.95,13.37,2024-07-09,2025-07-05
2896341f-5deb-4908-af71-204625b56dc5,c91aac0f-113b-4134-ab8c-d35679781174,141118.71,7.77,2024-07-09,2025-04-21
fb8b4627-9dcd-41c7-b85a-172dea8b3574,fd01353f-c9f6-4eab-9756-621394d3a3d8,475707.94,11.13,2024-07-09,2024-11-24
9c0feb28-e9ba-4682-a757-c3aa82ca51a3,c7e94d6a-e7f7-4a94-a9be-df82a20306ff,361710.16,5.55,2024-07-09,2025-06-01
29775138-6022-4454-986a-9cb96c994488,46b92200-3b8f-4bc8-a035-e74a58bad375,54964.8,8.9,2024-07-09,2025-04-23
865859e9-d165-4b07-99a4-cff5df8d603a,0ed9d3a9-be06-4360-be48-6ac4678a3d61,486083.45,7.39,2024-07-09,2025-01-25
91436fd0-62fa-478c-b6d1-20f6253dd02f,0721be02-5d3a-43ac-ac37-cb5477e52912,315530.65,12.27,2024-07-09,2025-05-03
a7c79bdc-c3d1-4287-a358-e5dd0af7c072,3954f176-c93d-4df3-9370-120576b2127a,383293.76,10.26,2024-07-09,2025-01-30
d74cf83c-4e09-498d-904a-6826887bfefb,8de374dc-a31e-477d-b138-b4c03a97d260,260742.43,11.11,2024-07-09,2025-01-25
df38fd56-42e5-48dc-bdfe-ef6533940b33,617da738-b60f-49ca-adc6-66bc7cb7dd2f,342220.77,5.94,2024-07-09,2025-01-05
6233d17d-9277-4a5a-b8dc-b93f3571c84b,b0fb40fb-1895-4033-9502-aecb5267546b,348307.49,10.4,2024-07-09,2025-02-23
81881948-4028-4377-80b8-85545ac7937a,43e8f7f8-daff-4af6-9071-04dc9becd2ac,378484.56,2.03,2024-07-09,2025-02-17
1c9f9273-9f5d-4443-91d4-5a46797d9a56,10736321-008e-443e-8fb9-27f425aac4f0,136344.14,12.51,2024-07-09,2024-08-12
2a9eb592-45e8-4002-ac56-d39267f4d1af,1f00cfb8-0df0-40fc-b76e-e146974e3314,475629.69,3.1,2024-07-09,2025-06-11
a47e93bd-377e-4423-bce3-f374692c48c5,88befdef-1d0f-47dc-8d3d-2e47628918a1,82265.47,6.9,2024-07-09,2024-08-24
47e54491-bb80-4755-8276-c5528ed42b66,871d4115-ba53-4321-b90a-05aab9440924,264000.88,3.24,2024-07-09,2025-02-25
62f91f99-8884-4d6a-be20-67a42627988e,92ae48f7-2b28-473f-99ff-dfbdcf4313c1,271189.21,2.69,2024-07-09,2024-10-06
b0e6b036-473e-47f9-8d3d-ecb9fec960f1,ebe5305a-9ba7-4235-9f12-a75181aa5dae,366760.48,3.12,2024-07-09,2024-08-19
2cd24e0d-1541-4e39-b916-6d7776b8ce3e,698a93de-cd8a-4981-b657-9f0b695b5ddd,49389.36,13.96,2024-07-09,2024-08-13
d0d3391b-7e3e-48eb-a45b-b97fa8ac327b,29f4f6c2-541f-43c9-8e86-a04170517471,142322.38,13.31,2024-07-09,2025-05-21
0c169eaa-e85d-418f-bed8-ebe2d9779648,c1775a51-e7ad-41ac-a169-3c467ed55c5e,103028.19,11.67,2024-07-09,2025-04-22
48098195-9ee8-4668-b808-2ab50b4c8dee,42d30394-7a66-4e99-a982-3de943fc5378,480709.85,6.13,2024-07-09,2024-10-16
6b7415aa-a3ef-4d1e-956e-066f3a52ef27,2109923d-e315-4b96-b151-c1fa98aeebeb,289889.84,4.14,2024-07-09,2024-08-25
10e0a565-ce91-4f24-bfa8-1097adb437c6,b5a59bf7-e187-4525-a87e-5138d5e89bb9,405536.96,8.38,2024-07-09,2024-08-19
d2bd2d81-b3a6-40fe-aaad-4e3d3752bf68,dead6f78-8bf3-47c0-a641-34a2d5d46485,310205.0,13.78,2024-07-09,2024-11-04
91397513-a919-42cd-8b80-885ca5d270a2,2451f47e-db7f-49bc-91a8-31a527425821,45476.35,3.47,2024-07-09,2025-03-08
16653d14-d8be-4ec1-b20c-5c925c107a60,2cd4797e-7a46-4182-90a0-621e430e1018,414675.45,12.71,2024-07-09,2024-07-10
040e772d-50c8-4713-bf4f-728b84490895,cea52a86-4b60-4ec8-93ff-2b28355634f7,96857.93,2.81,2024-07-09,2024-10-25
3e612af0-79de-4a78-aa0c-6be022d93487,f4b385a7-7f6a-4d4d-a1c3-741d97260351,249110.66,9.81,2024-07-09,2025-03-25
502500e5-14ae-4347-a9d0-91604f17ad59,00a241c3-bc84-4253-9106-0b200608732a,117990.94,1.44,2024-07-09,2025-06-09
a7c9670f-3002-4388-9eb8-bbebca4ddeb8,872dc486-d044-4a32-bd23-b3877e2170da,221032.46,14.35,2024-07-09,2025-01-09
cd0c4257-6b3c-42e8-b3d8-61590d245528,1e86b6d7-44bc-4a8e-bfb9-d61557f4b531,260934.16,6.43,2024-07-09,2024-10-12
3e32a095-8a01-4995-bcf4-f58a8e7162fb,ef4ccc64-95ac-4d86-8b12-1cf633d42120,50980.38,7.76,2024-07-09,2025-03-08
1aa0b9a6-e4aa-4a4a-9037-4e23ddb600e6,aa699a76-a77d-48f9-85fe-564116bdcfce,211493.91,2.9,2024-07-09,2024-11-24
13b598bb-e363-421e-82d3-5e3df989036c,c75f680a-9220-48fa-b446-c0147eb016e2,444130.83,11.15,2024-07-09,2024-08-24
46478bc1-0d53-42f1-96cd-bd0170635801,b2b3b23e-c8de-4af5-b292-f29b3eda4ffe,52234.03,13.01,2024-07-09,2024-11-07
8c3dacd5-0035-4f22-a85d-10dabb6cb80d,8cc4bebd-105b-4460-aa2c-61b4071a7adf,273013.8,9.61,2024-07-09,2025-06-05
d7d4f70e-70c5-43a4-b2e8-890bfb17a791,3f41c3b7-4de9-4a95-a2b5-78c1f95f5a35,346565.38,10.12,2024-07-09,2025-06-05
fc0a4465-8054-4da7-993f-e7414a3276df,342f75da-f2fe-48ce-a7f3-0a807f921a52,90869.0,8.93,2024-07-09,2025-04-20
2f7b7663-dec7-4237-8f61-8435db1a05ce,4bc720a5-7c82-47db-a495-922e88f96a70,143412.64,1.41,2024-07-09,2024-07-25
4595ea73-3e84-48b0-9879-b09393080835,12c71f50-4945-4bb4-aed7-81f36be21970,330270.68,3.9,2024-07-09,2024-09-26
4ec2af55-d7fe-4d6f-83f7-64f6b3894a43,7bf9725e-6852-4692-acc4-e47262e2781d,354689.56,7.96,2024-07-09,2025-06-25
1ac46440-1f61-4e25-98e5-bb21e0ecea31,5dcbe6f5-cdde-43e0-a2e9-183fbdc5d353,177573.23,12.39,2024-07-09,2024-09-20
cefe605a-f145-4346-bc96-e8bfd799cc72,9105f9f8-dc27-47e4-9b46-6b04d809a993,58969.47,1.2,2024-07-09,2025-02-28
af4b9cce-3349-4830-96ee-141bd7f02277,748047e5-ec28-454b-942f-aa536a74ef39,364699.75,12.61,2024-07-09,2025-05-16
664ce84f-a456-4e9e-9d22-3863aa219722,3f41c3b7-4de9-4a95-a2b5-78c1f95f5a35,436979.8,9.7,2024-07-09,2025-03-18
eb177013-cce0-46a0-81d2-25a314475616,ebe5305a-9ba7-4235-9f12-a75181aa5dae,103819.57,3.91,2024-07-09,2025-01-16
5d01cec3-651b-449b-b618-f1c190b14ce2,52a56d5c-10f1-474f-a18a-ddb476dbbdd6,493947.19,6.26,2024-07-09,2025-06-29
65c0479c-8a20-4149-91ec-85dbc2a6ae6c,a58f0e1c-a891-45cb-a07c-f845e76edab9,203399.67,3.71,2024-07-09,2025-03-12
1cfabb8b-3c63-4de3-b844-a57748afcb19,8511f5a7-60ac-4529-91d7-4418ff875167,468377.61,6.33,2024-07-09,2025-01-16
74a6c846-30dd-4548-87e9-0665411c9fa5,dca7576b-d279-468d-ba7a-a92ea1038d15,493678.07,1.37,2024-07-09,2025-05-22
372bd913-f316-4005-b5e9-a8cdefba3885,02f6c426-3922-4287-a15d-201d4dc1f9a1,250486.99,1.0,2024-07-09,2024-12-26
9ab9995e-7df8-4ec1-868f-9f90c2d3495c,1179cba0-d54d-4ea9-a0b1-949313ea8fbd,354872.44,6.63,2024-07-09,2024-07-22
e1877350-20f7-4ad3-94ee-4b1dca1b5980,2a1d1909-b6c3-4072-87ff-b8c55f3f1a49,105902.12,8.92,2024-07-09,2025-03-11
60d3fa27-c065-4a6c-a118-6cd4e444f219,50d72513-85f5-41d7-b6e3-beb3def36822,81121.25,12.56,2024-07-09,2024-09-23
7c5f5d09-f654-4c81-a23f-76abfdcd7b3c,dead6f78-8bf3-47c0-a641-34a2d5d46485,378889.92,13.73,2024-07-09,2025-05-07
dc3d9b17-77b4-4a88-8186-436433a1af21,5f391250-3be9-4b56-aee9-721b7e8f02d1,196596.57,6.94,2024-07-09,2025-04-30
9e30ca55-6264-4912-b757-ef760e8c2eac,d8ee3917-1e6e-4eaa-8223-192fccc98af8,226661.43,13.26,2024-07-09,2024-07-31
a354492b-ee07-460d-aa2d-0941fbc3c87b,09997f53-ebb7-4439-afd6-43337c0ed1a4,408578.97,1.55,2024-07-09,2024-08-05
3bfcf1cb-e2c1-40bf-a00f-ecacfaf65e7f,54641054-4d15-4447-be25-dfa2a2979afe,340028.33,8.41,2024-07-09,2025-03-21
c07d7d1d-81ea-4ed3-b3af-0f3974da1206,bc979720-374f-4ba2-b365-840a97c9f33f,110243.78,11.77,2024-07-09,2024-12-24
a036331c-2ce8-498d-abdb-4a83f190e3a5,64d6193c-ff68-418c-b12e-5f4732b93295,98589.38,9.5,2024-07-09,2025-05-12
0744738e-7a82-4b96-8910-21768ac6e3de,bef6d607-fc47-4eee-9b2d-1d0efdd8a434,463363.98,2.75,2024-07-09,2024-08-08
3111d620-50d1-457a-8484-31fd0d2fa1a2,27d56576-5adf-4e58-846c-3afc8128fcf0,44168.33,9.78,2024-07-09,2025-01-07
633564ba-22f3-4d1c-802a-076e8b779212,996f0d77-e71c-4b55-9045-324447e420d4,210892.66,13.89,2024-07-09,2025-03-05
aa3b88ba-ac9a-45cc-b38b-d4963a82281a,51835d99-91b0-43dd-864c-c9eb22a6a5c9,210571.73,9.59,2024-07-09,2024-07-13
dec0a9fb-0084-47d5-8083-63d845489aa1,1d913a16-fa5c-42c4-8703-f4d761d10a1c,111898.73,6.51,2024-07-09,2025-01-27
9dded6aa-0555-4d2c-ad08-e69f1d5ecfaa,74e34848-9f04-45fd-9b84-1901781f2b5c,297376.63,8.86,2024-07-09,2025-05-12
5d52d799-3e32-4e2f-96e2-c213bf3ee59a,5be5938d-4b44-4a1b-b3df-f2b4d07d3ece,458244.83,9.8,2024-07-09,2024-12-23
9e4f0643-658e-4f18-b4ce-2943d3ad3d5a,5706af27-09d4-4d32-ab0f-40e412b57712,234750.12,2.6,2024-07-09,2025-05-18
2b4f3fc0-02ed-4708-a56e-ff543783bf4f,2d4e77aa-f1ed-4acb-9c8d-cbfaf33a030d,225595.88,7.49,2024-07-09,2025-01-07
f0eef562-3c3e-45fe-8235-d4b22453748a,6be90988-2b7d-432b-a424-9487407ac359,280561.69,6.98,2024-07-09,2025-01-20
71015eb9-6893-43f1-9fec-8475a5bf36e8,4bc720a5-7c82-47db-a495-922e88f96a70,494202.59,1.29,2024-07-09,2024-08-04
dd7b321f-4a72-4fc6-b04a-872f07bb9a45,eb7f138b-6bbf-408d-a17b-5fe87187e94b,453856.12,6.72,2024-07-09,2025-04-25
ff66f3d6-aefc-469f-b92c-639da5b6a618,ca911940-50e5-4e86-a9c1-d68e8079a7b1,493195.15,3.25,2024-07-09,2024-10-04
faf2619d-291c-4808-9051-d39041df10de,7d9bb6fb-ce01-43c8-840f-940de4340980,359360.06,14.99,2024-07-09,2025-05-26
061dd82a-e80d-4d7d-9727-67203a64f13f,76d0779b-90ec-4086-87a1-f5865afe3cda,59523.68,14.22,2024-07-09,2024-10-26
977c8025-3fe4-4a61-82f5-67cb7e3fefe4,f687581f-deea-42dd-a2fe-c93db85edb2b,268443.67,11.69,2024-07-09,2025-02-22
d56b876f-e640-40b9-8fb4-3226866dd5ea,2917eacc-a58c-40d8-93e6-932d3ad7e1c5,433902.63,11.38,2024-07-09,2024-07-26
4bd4318b-ffd7-45ab-a57b-bcda829fea84,741871de-5241-48f0-8860-bdebae8c5aae,394544.52,2.3,2024-07-09,2025-04-02
f4cdebe7-49bf-45d8-a667-d19108f68708,9493c76f-b558-476c-a258-a3cba333001c,478273.41,4.36,2024-07-09,2024-12-07
c6729f6f-1f00-44c6-a21f-c47a73652308,71c19ca2-701e-4028-9606-fa18e93e7629,322864.29,7.62,2024-07-09,2024-12-04
e96f2ddc-5277-40ff-ad95-dedba2f89a78,6d923a89-823c-42a4-85a9-86b35e7b67a1,78282.61,4.13,2024-07-09,2025-05-08
a28ac604-e251-4ffc-bab8-ce9aea126150,44017b12-2b6c-4256-b25d-2442bc3fcb13,258602.35,1.29,2024-07-09,2024-10-09
258353b2-6586-42a0-8089-9c57f8d7ca27,78d17dcd-6549-41eb-9a2d-124973fabb18,452456.7,1.24,2024-07-09,2025-03-30
2d4c5684-20e6-403c-ab59-7991d1281fc2,5e6f2d72-513a-4163-90e5-260cc5975b70,400596.78,7.91,2024-07-09,2024-09-08
01b5db54-b227-411d-be03-2b9a007b6b74,e586a2ca-de8d-49d4-a5ca-c5ed1e2f069c,302313.48,13.77,2024-07-09,2024-11-24
c09be47b-ff59-4e99-8553-645814b8a7b0,abda06e0-937b-4acb-900e-bc99a132ab34,445260.35,11.37,2024-07-09,2024-12-15
0a959789-cd7d-4917-b0d0-1eda2c6efd94,4c99b62f-97bf-47e5-b04b-003549f967cc,418177.58,5.22,2024-07-09,2025-05-13
907b33d9-6d6e-42f4-9850-1417b1cfe676,c43b713e-39a5-413e-a6f1-f79489402f2a,257238.67,5.75,2024-07-09,2025-01-14
3cc72276-75bf-49cd-a14d-29ff7c2d61c2,703d0711-b36c-4bfa-9596-67e5afa7abcb,39401.8,5.97,2024-07-09,2025-06-29
eba5ed05-c9ed-4587-b9ce-9e296eee55ba,53e65d8f-bef6-49d9-9af0-5c7ff997f244,157053.32,14.51,2024-07-09,2025-07-01
7fbbb7fe-dcbd-4731-a500-4660472a6f10,058701f7-e0a9-4779-864a-ed0e8607ce55,40608.3,1.16,2024-07-09,2024-07-25
189d2958-eac6-4f8c-af8d-03c5cca5e2d9,15150951-d169-464e-a221-1faf9724b9c5,271126.37,3.53,2024-07-09,2025-04-06
acf3c11d-f748-4a36-b7ba-ae582c815639,54641054-4d15-4447-be25-dfa2a2979afe,138403.94,11.76,2024-07-09,2025-02-06
1f92367a-967b-4eee-b50c-bb9e9129afb1,3963a12c-da23-4b9b-8652-ff45289416f9,417894.45,13.13,2024-07-09,2025-05-14
65f7ed76-cc14-4503-93a4-56e56351acb9,48cb7b09-09f0-4dca-97ae-12f56f689702,286368.39,4.97,2024-07-09,2025-05-08
e27e5ac6-b0f7-48ce-aa6a-1ec67184a938,51bff469-5706-43f8-92a2-b13c63f04d47,249226.49,6.92,2024-07-09,2024-09-01
42bc5157-b99d-433e-ac40-0fc3d539174a,942306c4-2150-46d9-83f3-e1e18207efd1,360704.44,10.48,2024-07-09,2025-01-30
e86e4ce1-c331-4357-8041-db82360413ab,2b55193b-4f1d-4692-aa70-4373565c73d2,83562.31,10.41,2024-07-09,2024-11-25
d61a15b9-fe27-44b4-9a4f-f37948f3e455,79fb607e-bb95-4df4-a2e5-6bafeb909e90,64384.95,11.27,2024-07-09,2024-07-17
a8236af2-d341-415a-a262-e6691a523e7a,bf8a9db4-32f9-48a3-807e-c25433dc147a,299828.59,4.56,2024-07-09,2025-04-05
7a33bb3f-84aa-4095-9a85-df052be8029c,ea0e8b3d-cb13-48ee-8db9-d30fe581659b,474918.24,5.86,2024-07-09,2025-05-24
b973c821-bdbb-438a-86b2-b12ddc24348e,8f64b197-ec20-4b9f-8e8d-4ffaef453239,375818.39,8.56,2024-07-09,2024-09-16
6cf60012-3e1f-4dd3-9e3c-d3f5d0ff0e3e,b39712fa-f91d-4aaa-a9e6-a998b6baae62,273721.25,14.13,2024-07-09,2024-08-21
ccdd28c8-a205-499e-8a24-c352bae10c1e,8d2b7df6-07a0-42b9-b0e7-bd8484bb8b88,265497.03,7.32,2024-07-09,2025-05-12
e5238e6d-ac2f-46b7-b5ea-5f7628b760d7,1f00cfb8-0df0-40fc-b76e-e146974e3314,137975.53,5.91,2024-07-09,2025-01-10
a701dd16-5d83-4434-8356-7025367a5e05,064f809b-3d24-411d-ba67-df5dbbbef91f,418406.47,8.28,2024-07-09,2025-02-07
4650e47b-af5d-48eb-8bb4-6073b6685777,0268c62e-5e48-4af3-9647-083b78f9484a,181373.95,14.11,2024-07-09,2024-12-19
d427e0e2-5d4f-4d8b-8031-b5adb02ea4d1,7e5db216-c8c0-4c72-a925-a2c8a8245d01,428755.13,11.68,2024-07-09,2024-09-27
a353e303-5396-4df4-9991-41ac022147ae,8164702b-5b1d-4ecd-bdf8-2718fd714f03,338300.82,13.0,2024-07-09,2024-11-22
8f11defc-2779-496f-861a-e51fce5c4171,def5fedc-cabd-4bd7-a8a8-5c5dba9d8425,433945.67,7.38,2024-07-09,2024-12-27
2f0de7bc-3704-4197-88d5-53fa415a39bf,25157a3c-0847-4ef4-bd7c-46dc122977fd,49433.91,4.24,2024-07-09,2024-11-12
68a1dfcb-6dc7-4552-ad2f-b90e7ac70120,0b20c2c5-f42f-4cd9-b4c5-b211962933a8,150937.42,4.71,2024-07-09,2025-04-20
1eb8b8e3-191b-429a-93a9-312e49bc70e1,9c62f0d1-9957-4a41-a33a-3d098c41c2c6,434648.73,14.16,2024-07-09,2025-05-11
34b96bc5-7786-4545-bc9e-3a1e98d4ae3c,b0b04e06-2350-4d33-8a4a-15a96fddcdca,430155.14,10.93,2024-07-09,2024-07-27
955bc141-4096-453d-b388-a850d7a4f86e,2ff62bbe-b0d3-4a61-af56-a3f7b2b56b4b,464560.73,3.22,2024-07-09,2024-12-13
16daac83-cee4-4d2b-9c30-69150bb5c2a4,ab80e263-a509-4616-b6b2-5f25639e6c72,90376.25,13.95,2024-07-09,2024-07-19
1748ce1a-3fe6-4b3d-9ea9-437909261191,c4b912a4-c36d-4fa9-af88-ad3c6588507a,151735.59,11.42,2024-07-09,2025-05-13
d4554a23-308a-4c47-acf5-08787d9e96c4,617da738-b60f-49ca-adc6-66bc7cb7dd2f,422026.48,2.7,2024-07-09,2024-11-13
6855eac9-e90d-422b-8b15-8ee321630584,bfef8aea-f564-46c2-8ac8-1bcb99698b41,396381.48,2.05,2024-07-09,2024-10-07
3ed809f2-a439-46a9-bef7-554c9e3a3b96,68fc7713-ca25-4bc8-b733-7af6ba845b44,303116.92,10.43,2024-07-09,2024-12-11
314269f3-f791-4095-bd85-c39975382c02,ef4ccc64-95ac-4d86-8b12-1cf633d42120,254082.24,10.95,2024-07-09,2024-08-24
b961762d-4618-423d-84d4-0b90a533b5f6,273c51c1-92f0-49de-9e39-6130a3f86bb0,446526.28,3.58,2024-07-09,2025-06-14
576ed5a0-48d6-4bb2-9c55-e57a90ccf565,def5fedc-cabd-4bd7-a8a8-5c5dba9d8425,266009.13,7.01,2024-07-09,2025-04-30
d02af092-98d4-46ad-b8d2-a72828b1ca1e,b1f5a66a-17cf-4007-b7f5-304a8acfadc1,300331.29,7.77,2024-07-09,2025-01-21
8b710b9f-653d-4dbf-9a9c-cc6df20fbdb3,2d4e77aa-f1ed-4acb-9c8d-cbfaf33a030d,17866.99,7.97,2024-07-09,2025-05-16
3ea1271e-b9f0-48a6-beeb-32ceb2b0d7af,612a7837-50c6-4165-9498-27e84085b272,26573.92,2.65,2024-07-09,2025-01-05
7b85d033-c345-486f-a005-cd54321be315,5c6346a7-eed3-4ba6-9db0-f5ab8c75cb18,427924.65,3.34,2024-07-09,2024-09-22
c8722706-dbf6-4be8-b844-ed6f6dd49191,dca7576b-d279-468d-ba7a-a92ea1038d15,94242.55,12.86,2024-07-09,2024-11-24
bb3ca7e4-8083-419d-9e60-1f2fd589826c,8dd7f755-e3f1-435b-8abe-da3bff8cc095,210221.43,2.41,2024-07-09,2025-02-28
12f569ff-b0f0-40cf-9765-9460190e3bcc,dca7576b-d279-468d-ba7a-a92ea1038d15,129457.94,4.39,2024-07-09,2025-01-28
b2276d28-f03a-4fe4-b8cb-25d09987955b,cf517365-8319-4a91-a5a2-00110e086f15,326146.58,8.01,2024-07-09,2025-01-10
39713955-6425-42b7-a35e-9f05e4c22732,c75f680a-9220-48fa-b446-c0147eb016e2,49605.14,10.89,2024-07-09,2024-08-30
bf2e304a-7e53-41d3-b5ef-9b6a0627b51c,df416e33-c5b2-4ffe-9acd-6e1e4e11c7bf,304564.47,8.06,2024-07-09,2024-10-21
e9434c03-8880-40e7-b42e-ebbe982fbb10,fdce8c27-98f8-4d7d-8b51-101023feffb9,225353.38,6.63,2024-07-09,2025-07-04
82c3d764-04cb-41e0-9102-a479be900f5e,459f6edb-aa6d-4d83-8b70-748b0fff3eb5,196769.31,4.7,2024-07-09,2025-03-04
2dc840b8-a286-4d15-a1d0-f1351a80d25c,7a54a405-6b18-472e-a63e-cff1635f11c0,463690.79,4.17,2024-07-09,2024-07-11
0efa29a8-7c4b-41de-b5d7-21c64ec55ec9,9e8d6661-4ffc-43f4-8e25-34204310f926,359652.93,5.58,2024-07-09,2024-12-09
c5b0a3a2-7d43-4e47-b38e-3c4954012236,317d0bb1-12a2-4fae-a843-ca489f6ced1a,202606.41,9.68,2024-07-09,2025-05-13
b4dd62a1-d5f8-4baa-b43b-4bd79dc487a6,35aaecbb-50a1-4f20-8f0a-23c285bf1f17,154622.9,2.82,2024-07-09,2024-11-18
8ad5d366-8e7d-4985-a9c2-10d5222cb2e9,bc038300-c5cf-485b-8a7a-7c9ccfd1a50a,316354.74,10.33,2024-07-09,2025-05-16
3a110c30-fbaf-4952-b9d4-7a2d87181651,57133411-6b41-4812-a944-dc705c076a81,162008.83,4.53,2024-07-09,2025-04-05
fd41da4e-6641-40ec-9223-fd8ae6145521,44dbbcd3-8b4f-4c11-87be-8aa8583f9e73,245926.39,6.56,2024-07-09,2025-01-27
0b5f5567-985b-4c11-9957-4debf236a609,ccd83dfd-9e79-472c-9390-5bc9f9fdc06a,488270.35,11.48,2024-07-09,2025-01-17
1f199b70-b226-4fcb-9b28-a24a612c2faa,b833e796-a0e4-47d8-8000-3b72beb546a5,340438.49,2.74,2024-07-09,2024-10-03
3db6dfe4-be85-4c62-bb09-5538fc377ebe,ebe3c330-9526-4a96-b727-15507f563c34,110055.77,11.08,2024-07-09,2025-02-27
2997c68d-f00d-4e16-8eef-1ede2dddf84f,ba0532da-b8bf-4e64-8d1d-4b1b994253a0,469303.29,5.55,2024-07-09,2025-05-20
6c065636-f877-4f1a-8874-58d311b5c667,abc1e9d4-a779-4d3e-a1ad-3200be69c76f,59187.16,6.17,2024-07-09,2024-10-25
681ca4be-9cb5-484f-9b07-ddf55548acad,9639e473-f6bb-48ff-922e-283f72d0c198,445454.75,10.94,2024-07-09,2024-08-10
eed6ae82-5fc1-485d-8f15-d2c91f5a9edf,123b07af-3633-4c5a-810d-7594a3f4d15a,408764.76,14.23,2024-07-09,2025-02-06
633d6bb8-2d43-4f5f-9e0e-6b5845de9324,42953c8f-054b-41fe-a9f8-70a164ecc23b,215451.01,7.44,2024-07-09,2025-05-06
9950abc6-0747-4194-8653-47bbe3eb23e4,7714a481-a896-42be-a05b-d4ecbff04ee8,52032.42,1.73,2024-07-09,2024-07-19
38ae0475-ca32-4536-b136-f7e8ff844d92,996f0d77-e71c-4b55-9045-324447e420d4,261030.2,5.52,2024-07-09,2025-04-30
91564e18-7040-48f7-9786-a393c0c3a2c2,866238ca-8ea6-4b21-86a7-872bcc3e8f96,97420.87,10.36,2024-07-09,2025-05-18
697e6a95-d572-4648-b7c7-610dd52fb3f5,bb9a3f0a-630b-4cbb-9390-6922386c3a22,354798.25,11.2,2024-07-09,2024-11-28
a935be21-111f-4f53-9992-d356a2a1c90c,9105f9f8-dc27-47e4-9b46-6b04d809a993,301589.79,3.95,2024-07-09,2024-08-30
d9b32bd0-67f5-4fef-9489-863ef036eaac,faaa8d38-848c-400e-b868-2d7ca4966e91,381593.94,8.14,2024-07-09,2024-09-21
54519751-4f1d-4986-b582-3c26d54a0b75,510b1dbe-86a5-4caa-a7de-1665813fa0d1,470127.07,6.7,2024-07-09,2025-02-12
e8445ac1-4d49-40f4-8dd2-74ed1ecfb57e,3a3fdc99-e3b0-49d3-b360-f97d0ad32e68,67915.63,5.09,2024-07-09,2025-05-06
ff2d319c-35b4-4e7a-8cc4-095155d09763,9eff8fd3-a392-4bcf-9ff8-f2b85b4fb0df,391607.8,5.09,2024-07-09,2025-01-30
b852996c-66af-49b6-a345-442557849f62,f6b38389-c866-4a35-80fd-a58508a7343d,115690.09,1.89,2024-07-09,2025-02-05
48d51c3f-e82f-451e-993b-05b5af4bba48,088b5d80-0cc7-4d37-a109-1b6c1c754385,48382.29,12.41,2024-07-09,2024-08-12
abc2dfb6-f12f-46c2-bee4-207e89640010,b57b53ea-e6bb-4535-b434-c2d647f4c583,90854.48,11.3,2024-07-09,2025-03-03
7412707c-4198-4c9c-8cb3-f0e8407255a2,1a062000-6a5d-4488-a36d-7f1f7280ccfb,125676.34,1.95,2024-07-09,2025-03-17
452d29bb-d14c-450b-ae00-afc9c26edf7a,09ff91fc-51ee-4ee6-9101-794fda6e3771,214643.97,11.84,2024-07-09,2024-08-04
d90a2a6a-5267-4162-b88e-64391fe9aab3,b68e2b10-a004-4763-a727-457b7c1402e7,198732.23,5.25,2024-07-09,2025-03-02
94796307-0401-4e7b-a27a-56e7890d9f00,5c6eba64-7f88-4a81-85ea-82418362e3c0,435974.93,11.65,2024-07-09,2024-09-14
c0ceef52-bbaa-4274-85a1-1e4c4d671c44,54d2fd6a-6627-48fd-aac8-685f89f1a6f8,158161.02,9.07,2024-07-09,2024-09-27
d3b1da86-1f9b-4f39-9681-d43294ad698e,41a7ade5-33cf-4694-a1ca-f92a17909bb2,495628.23,2.62,2024-07-09,2024-09-26
252acb52-cdb4-4e91-b204-bd2eccd8a3c7,4e369217-5570-410b-a50a-c8eee87b0d1e,149322.39,5.58,2024-07-09,2024-12-29
10be1ba5-d478-4aff-bcbc-9b9511f01340,77c8aab4-31d0-4523-bd9d-ad63067306e2,147231.46,9.08,2024-07-09,2025-06-17
10c76721-1692-47b4-8645-b693eb9c1df8,ccc05298-3e5b-4940-9222-bce15c0f17df,97910.19,9.13,2024-07-09,2024-08-17
e81cbdeb-28e8-48cc-b007-24d1665d7702,7fbaa601-85b6-49ea-ba19-22492e3c1c9d,245129.66,6.26,2024-07-09,2024-09-05
59009691-9fb3-4009-8c94-fd3716d3ce38,9ffe1602-3b22-4aa4-9fba-46550cd2813d,103502.15,7.09,2024-07-09,2025-04-22
08757a4c-c02c-4826-968a-83ac364f008e,fa0828b5-d35b-4385-ade5-4d9229e76ee9,343731.68,9.64,2024-07-09,2025-03-18
2768d38c-54b4-4a5f-a69c-5f7738e48d5e,7fbaa601-85b6-49ea-ba19-22492e3c1c9d,167172.54,5.59,2024-07-09,2024-11-08
ed68077a-c9c4-4355-8d90-f03435161a10,9e1fd36e-1ec8-4752-938b-787f5b10d519,47128.83,9.72,2024-07-09,2025-05-04
476e9837-d2d4-4d89-9a8b-2bff993fc255,adf744ef-2bdc-4cb9-ae3e-a24638c8c6e2,368242.12,13.87,2024-07-09,2025-07-02
7d310f1d-5d9c-4f5a-8899-bcf2ee0241d1,1dbf4148-e47b-42e7-8476-a6f64a29bc6c,483315.14,5.93,2024-07-09,2025-05-18
c61c063a-f0a1-4cbe-aeed-6e61d56b6e8d,bd42f5a3-c02b-4bb8-8bbc-7d4478e7d7dc,252525.75,5.85,2024-07-09,2025-05-27
b01486da-ae83-4c0f-9b99-2e47f756dcfd,ef28c4cd-ae40-4f87-a870-6ec7e43c468e,464693.0,2.55,2024-07-09,2024-08-05
0036bc2b-9ac9-4752-8fd6-8d276467f6ba,f9c65402-273b-4b77-89ff-779779cb2015,137060.77,3.9,2024-07-09,2025-05-29
1154100e-4cba-4ceb-9064-f498fd2f7753,be01fe4c-679c-4bc8-b749-e64f8a3d74b8,81504.04,12.65,2024-07-09,2025-04-15
b652f34b-7243-43f2-92ce-0bf2590a10bb,8f0ff300-d258-439d-b70b-904a13aefdf9,345312.46,4.66,2024-07-09,2025-03-01
caa39d7c-502f-4508-b809-0b463c7cde73,89a7ef04-f982-4bd2-9aef-2f7a3be07868,419867.06,6.13,2024-07-09,2024-11-18
13654ab1-2e95-48a0-b070-e999c595e3db,78a9d3ab-6e39-40dd-ba08-e591ac054580,263469.33,7.82,2024-07-09,2025-03-14
09176b32-914f-49d0-9d1f-60297c0f8497,839613b1-a2e9-4c9e-96fe-1365df09dcd7,442761.54,4.06,2024-07-09,2025-02-20
11e13713-6a85-4883-8408-71ef29a01b37,d41beea1-a761-4835-b34f-bc64c59b4fc3,223254.94,14.16,2024-07-09,2025-01-13
765f3435-4c1b-4087-bf19-9f09a7e98781,b0b04e06-2350-4d33-8a4a-15a96fddcdca,77684.54,11.38,2024-07-09,2024-11-30
bc9d35de-bd7a-422a-bb12-363cd7ba9f4c,35aaecbb-50a1-4f20-8f0a-23c285bf1f17,482547.98,5.21,2024-07-09,2025-02-10
f2e95d53-fc7d-4ba4-8d45-5d0d7efc9755,f26e9f1d-8667-44ed-9cf9-6f2cf2523ebc,371891.96,14.8,2024-07-09,2024-07-15
2c21f9b3-9520-4653-81de-66d2ee4927be,c4727aa4-84ed-489b-aad4-1a856c8c6d7c,316060.4,14.82,2024-07-09,2025-02-17
e760a3a1-61cd-4cba-9540-0bfed3303492,ef989e1b-130b-4cd0-9777-bc25751a5ac1,285216.25,6.75,2024-07-09,2025-04-24
3e95328b-1302-408c-82e7-458a0ed41cc0,0fb25add-7ad4-4fd0-b56a-51e0b563f12f,458686.17,9.19,2024-07-09,2025-01-29
e5bc5740-8057-4110-ac21-f818bbe45d54,bb306e51-6538-485c-a334-e0414a26072d,28130.31,11.18,2024-07-09,2024-07-14
5b1b4593-c925-447c-b8e8-3f9c0cb8b670,c0191fba-6e2c-4bdc-a6c7-e5f9920e4ed1,148430.12,1.83,2024-07-09,2025-06-06
2b9e1c23-bb37-4a51-99e7-d3bff2b708b9,40a1be8f-067e-4571-835f-f9f2e44df9e3,301021.13,3.12,2024-07-09,2025-02-10
eb889bbc-6a96-4b9d-a600-cd6216e4cfb5,241c7254-28c4-490d-b2e6-921a878ea37c,493554.78,2.85,2024-07-09,2025-05-11
24de2b7b-7b9a-42fe-b0e2-65f845c10881,058701f7-e0a9-4779-864a-ed0e8607ce55,378483.39,7.49,2024-07-09,2024-10-29
1421caf4-eaf9-4930-a462-fd6c14340c00,6919f666-b2b5-4979-902c-523df8aa6173,185500.11,8.13,2024-07-09,2024-12-22
355b89f0-c6b0-44d0-9331-8c0b48cb6f5a,f6b38389-c866-4a35-80fd-a58508a7343d,479579.51,7.64,2024-07-09,2024-08-28
d0f534f7-304c-483b-b07c-0555c4a5600d,a2998d61-91db-468e-b788-a2bbe02a6c3a,440380.49,1.23,2024-07-09,2024-10-13
62c9e014-70c9-4797-870e-1deef9b68f1d,c6a6ea24-1d28-4850-85eb-22f47224d6eb,74386.56,9.19,2024-07-09,2024-10-29
276e461f-890e-4896-a1d4-e8c24ab74468,784f9bb3-bf26-49b1-8373-245c731de5d7,322072.21,7.17,2024-07-09,2025-05-12
17cb05a7-ca68-4c6a-96b0-c0df0dee564f,25d12090-0cce-4771-99e1-70ecf9dd3d15,475744.41,9.02,2024-07-09,2024-09-18
95dc3b1c-a0e9-450b-807b-4038b43e04bf,688b82c0-9e43-458b-adb3-1b11fe07c2d2,33611.64,2.94,2024-07-09,2024-10-04
ed5d715f-dcef-4478-847a-a776d95d62ca,e96c9c1e-5ef8-4dc3-9e6a-d4b83d8dcfc2,254385.8,14.89,2024-07-09,2025-04-21
53264091-9095-4e5d-be8c-71284eb8db43,1179cba0-d54d-4ea9-a0b1-949313ea8fbd,129785.33,4.14,2024-07-09,2024-11-12
c8d03ba0-54d8-419e-bee7-c78e0dcba68c,88befdef-1d0f-47dc-8d3d-2e47628918a1,314803.42,8.0,2024-07-09,2025-05-08
bcf2a340-8088-4c27-abf0-ba064c3467a7,9e1fd36e-1ec8-4752-938b-787f5b10d519,188834.48,9.52,2024-07-09,2025-04-13
4698ffdb-81be-4c7e-a009-ab2c97587190,12b0fb69-b55a-4da0-80b4-1fc4c677224c,48216.0,10.66,2024-07-09,2024-07-11
3b809c3e-d407-4020-92af-53cabb162ecc,115f4e7c-383f-4f3a-9a95-5fa35c380b1e,407888.1,3.96,2024-07-09,2024-10-02
2cb74f6c-5fea-44ca-a4e0-3fe608da3e84,bb1a3c0b-5f51-436f-87d6-34a7ed27cdfd,220529.53,3.94,2024-07-09,2024-09-16
ad7ff755-6c45-41b4-9804-258b30ee3c4a,2a1d1909-b6c3-4072-87ff-b8c55f3f1a49,371698.6,8.88,2024-07-09,2024-08-21
3c385afe-a675-4b4d-a1c5-27f9b43963c1,3b3ee8b4-a676-473b-a18b-ea7fc032c6da,256618.73,2.45,2024-07-09,2024-12-19
82f78aec-4b20-4e3e-825a-0306b77c6dba,aeeefa63-0a0a-4aca-a4fc-b276d0328c6f,291096.5,14.04,2024-07-09,2024-09-19
2222a080-889f-4904-804d-faa050acfe1c,a48787d0-5ee9-45f7-8bbf-d0439ce54d81,417325.33,4.72,2024-07-09,2025-04-28
2a4446bd-0f1f-44dc-b442-15dfa3bae2f7,ae2ff66b-68e7-466c-97e8-5dfb51122932,441463.18,9.57,2024-07-09,2025-03-14
144257ae-20b6-4cdd-8d88-a45cf9a4f382,73609689-4ae5-4369-b98a-d02df0fd1a91,101209.57,8.95,2024-07-09,2024-08-28
48c7fbfc-91f2-4100-8aff-9f8dabc32511,12d04a24-a465-47f8-b10d-48c7c84e7838,483402.27,13.0,2024-07-09,2025-03-27
fafb3424-acbc-41b1-972b-f776f0625e58,c9fa5144-3aff-4075-aa79-92a5b817099e,391501.84,5.6,2024-07-09,2025-01-25
b6ff05de-df80-4173-bff4-db5b5363cdd0,63906e9a-ffaf-4a0f-95ba-2b72bb95cbc5,133661.48,4.16,2024-07-09,2024-12-24
9742f625-5de2-462f-ac23-c293cd791c7f,4c99b62f-97bf-47e5-b04b-003549f967cc,184183.9,10.7,2024-07-09,2024-12-18
d7457504-becf-417a-aec8-5315eb6080a2,05662e1f-96a8-4d04-b3b4-c4299454da03,123454.3,8.07,2024-07-09,2024-09-18
02a37483-5566-45d6-a894-ea79d6e3b17c,bb44892d-ded3-4173-bf75-e286180403ff,417880.19,13.87,2024-07-09,2025-06-19
12edc18c-c4b5-4895-9ebd-d3e8a54475ef,3279d57b-52e9-4ed6-bb0d-46c18fb6e4e2,420767.0,11.92,2024-07-09,2025-05-12
85a84f4d-5b72-4cd3-9b8f-1a204694ff68,b515d9d8-59fe-4598-aa70-700f2aef64d3,211965.97,6.72,2024-07-09,2024-07-29
765a5487-19e7-4d01-9fd4-fea8b4ae6c7b,64393307-b926-454a-aa58-2813dd42cc87,489398.58,4.91,2024-07-09,2025-05-03
91f48413-3a2a-43a5-a34a-5ffbf1713753,028eeb6e-8c31-4989-ba00-1d62acc3a7a1,120989.62,3.44,2024-07-09,2024-07-13
6ab75705-c271-43e4-aea2-44839d761ae3,ebe5305a-9ba7-4235-9f12-a75181aa5dae,16375.62,4.46,2024-07-09,2024-07-31
37169ab2-4fcf-4ade-b6a5-053dec43ceeb,748047e5-ec28-454b-942f-aa536a74ef39,291701.99,12.79,2024-07-09,2025-01-19
3c786291-938e-4588-82c5-754f7579e2e5,754233f9-4b3e-4651-9c93-68148fb72952,340815.52,11.7,2024-07-09,2025-03-17
f964906e-be53-4366-bb95-3b84aef676a9,0041cafe-e82c-41dd-94d0-f6c5428ec20e,237299.79,11.6,2024-07-09,2025-06-12
1760762f-08eb-4352-a11c-7aca73860902,cea52a86-4b60-4ec8-93ff-2b28355634f7,415491.8,2.42,2024-07-09,2025-05-26
e30d856b-dcbc-4854-a50a-64dc4687990a,40f9bdf8-4465-4542-90bc-8991089b3b11,280943.99,1.24,2024-07-09,2024-10-28
8fc1d31c-88db-4b23-a176-efb99a767c24,6f2d5724-23d3-4611-be42-a6d18073b44d,422813.74,12.5,2024-07-09,2025-02-12
f1f4c67d-22f6-4c3a-80d1-fe150d98d278,71d6ba89-edb2-409c-ae22-10dace7e65a6,298255.96,14.77,2024-07-09,2024-07-14
c9b9fd32-4440-419e-9fb6-5217d1952436,fd17a805-8da4-4555-89df-840dae164baf,132604.65,7.38,2024-07-09,2025-04-17
3987d078-134e-4070-9e1c-7541e93b5590,2cc6918d-9aad-4aaf-9da1-acbbe3f9b29c,338009.2,9.0,2024-07-09,2024-09-07
ddfcc533-f343-41ac-9bde-6351684b11e3,1066c4ec-8eb7-4da0-9503-086fb7e70998,492978.14,12.14,2024-07-09,2025-01-29
9ec447b3-3e57-42a1-b6ef-c378179c7a40,5be97a45-73db-4d06-a124-26a09273840c,439285.73,1.07,2024-07-09,2024-11-12
555601c7-edeb-49cc-994c-ac6951b3980a,e2467fd2-6d27-418a-af23-41149240e7c8,39962.69,13.22,2024-07-09,2024-09-16
b6c03ff6-bd0b-4f3e-bf96-18179b8a8c94,94ab592b-cada-450b-b970-97ef5b31011d,140985.47,12.51,2024-07-09,2025-07-04
88f9dc82-b385-497c-9977-db61b8b4603c,fbf3086d-9a69-4a3b-9145-56699aaa00cf,322735.49,12.46,2024-07-09,2025-04-26
691b4a0c-362a-429b-860e-dddd656e9432,c0942c46-7155-45b0-a5f9-4050f839d8ce,225888.02,6.6,2024-07-09,2025-03-19
bf9c06ef-fce8-4ef2-9080-8c17fee1eff5,5b5c8edb-f329-419d-9256-bc0a1af22234,222410.44,6.82,2024-07-09,2025-06-24
a85a0996-9b8a-4f7f-81d5-91da544b4fd0,bc3169a7-80af-49fc-a145-933f2393a08b,403811.3,6.04,2024-07-09,2024-07-14
935aa778-6774-4386-ab83-09e98228367f,fbf3086d-9a69-4a3b-9145-56699aaa00cf,102870.39,2.08,2024-07-09,2025-05-17
be96b32e-d3a5-47d8-adc6-2135acabbf17,cca313c3-c132-4b32-9b3e-a18890a1ba75,499005.08,2.68,2024-07-09,2025-04-13
ea611cf0-55e3-41a3-9d4b-482edc614a28,50c500e6-5fe1-407d-add6-f9a22f3862f2,157002.08,8.37,2024-07-09,2024-11-27
65f2c199-c95d-4d41-a9b4-1789a34cdd0a,09bf44de-41c2-4bcf-8aa8-5c9f903154bf,491011.44,11.58,2024-07-09,2024-09-30
4cd548af-fac9-4b84-8cb1-54680f85c62c,38cd5196-b2c2-4865-b57e-3372ed33b849,264314.51,4.64,2024-07-09,2024-10-15
af0dac69-9a90-4959-884b-baf14912a4c0,46b61cb2-c0ea-4f1a-8f02-dedd290fa1d6,65905.07,7.94,2024-07-09,2025-06-01
3f3fbf13-bb9a-4b7c-9163-ab06284f97b0,87bb9e98-d14b-475a-b760-699086aa6504,488068.64,1.02,2024-07-09,2024-08-21
e7dfc0b5-2937-4139-aad3-901d95c5578f,1a35b365-4242-4635-89f2-de2a312d3427,466484.72,9.99,2024-07-09,2024-07-14
220ecbd5-0b03-4b26-89ad-24a52b06867f,c9666428-26d5-4a89-8c76-b8f05d81ac5c,484915.04,9.2,2024-07-09,2024-12-24
f6cd064d-3490-4545-a8a8-49455ebcb443,87b6e9a2-ba37-40fb-883c-6f033ee4d09a,261425.64,8.86,2024-07-09,2025-04-15
5b4a6335-1689-4bd0-9a14-bc26ca2b6cb9,f03c5266-b70a-4c40-abc0-f204d970b205,81120.97,7.47,2024-07-09,2025-06-16
9a24ecce-ff08-49d7-bf9b-a0dadf8039b8,6b89a05c-32be-401b-ac6f-830214018cdb,350071.94,3.11,2024-07-09,2024-12-05
a8494c82-fddd-4e39-b2b7-690482fd48c6,8de374dc-a31e-477d-b138-b4c03a97d260,140766.22,2.87,2024-07-09,2024-10-30
d17b6a3a-8c72-4e18-8d14-6c1781a9873c,bb91aaec-9c20-4e57-af06-c5abe70a3324,23566.4,13.64,2024-07-09,2024-07-19
0cd8de9c-8338-4c63-ab60-ed800cfffda0,3ae37591-cd6c-4c80-b674-1cc45a2a7c04,499957.67,5.87,2024-07-09,2024-07-26
c4d97b6f-0305-4a17-9e18-d975328f7b47,ba3a585e-f569-4cc3-b7e7-2a544639c7ed,192847.56,2.27,2024-07-09,2024-11-06
2b8ac582-2f40-4932-8144-c9af438157c1,526fd980-2e7b-4b29-ab92-c116e1228355,422456.09,6.89,2024-07-09,2024-07-12
