cheque_id,account_id,amount,date_issued,date_cleared,status
c00523e4-9f3f-4485-b25d-7487ab3f36dd,0f5a22d2-ccf0-4d02-af3e-98c607301f22,9284.46,2024-07-16,2024-07-18,cleared
4004a237-a97b-4205-ba30-ea5e0e64b628,e3e670bf-bebe-4035-a66a-dcdfe39d8c4d,2038.26,2024-07-16,2024-07-20,bounced
d8cc7a21-a58c-4c86-80f5-0a56bdedb3a0,7c895fd0-516f-4ab3-b8cf-eec73c0eb017,6243.15,2024-07-16,2024-07-18,cleared
b51246cd-0174-4210-96a1-98909962d79e,c7a39085-877e-475f-a36f-34179877cf92,1449.71,2024-07-16,2024-07-18,cleared
f4790700-4d11-40f1-b1e0-02ade5fa34f5,28e5456f-57fa-4bf9-a320-9397ee882c44,207.61,2024-07-16,2024-07-21,bounced
ff0e6175-3e95-48eb-aa07-71e096cd8cd7,b53eacf1-a1a7-43df-bdf2-1a05f53820f1,7976.44,2024-07-16,2024-07-21,cleared
f95874ee-5281-4118-9131-adfe06dd6e2d,1ba3972b-d20a-4bc1-b453-6835566c78b6,7462.58,2024-07-16,2024-07-21,cleared
cd7e4246-d2af-41a7-b69c-43e7351d5222,81bff198-ad96-4800-b9f8-ff09eecc303b,7743.52,2024-07-16,2024-07-22,pending
8a05e289-c9b6-4b8f-97ae-e739de720f65,14213cb2-8987-409c-ba25-7462d8b132b9,3637.62,2024-07-16,2024-07-17,cleared
2c24188b-9045-4855-a52c-77db01397977,30a01734-f3be-413f-bd5b-ba609e51dbff,1975.74,2024-07-16,2024-07-19,cleared
6fd039fa-cf7e-456f-bb9d-0f91a3dbc5f9,d84222dc-ba44-4c0c-ae7a-1fb7498dfdf3,1543.62,2024-07-16,2024-07-21,bounced
207294d9-7875-4277-bd2e-d0e69636b438,88235931-6900-4ce1-a356-32f3388cdeea,8831.09,2024-07-16,2024-07-17,bounced
742906e4-ceea-4251-b9d7-b0322734f663,cf0af0ec-3124-4adf-ac88-d5403af73da1,3819.3,2024-07-16,2024-07-18,bounced
ba818765-dc66-4894-be01-83021926f4b4,320af66a-6764-4f49-b627-c9cb1cd30d21,2477.16,2024-07-16,2024-07-22,cleared
971592e4-8464-4886-bf74-ed8d54699500,88efdc09-5b6a-48f2-847f-c5fe43a39c70,9122.56,2024-07-16,2024-07-22,bounced
6ec994bd-930a-4edf-9a2d-b7c17a41faac,fcac5ba2-f6ba-4635-841b-2fb1dec2b240,5839.89,2024-07-16,2024-07-22,cleared
08beca41-bcd9-40c0-ac42-7760e181d971,5247579c-fe1d-41dd-96cb-aced657883b7,8688.13,2024-07-16,2024-07-22,pending
60692501-2d41-433f-9915-fd2db400f685,1dafa71b-22dd-4ebb-ba8d-61265ec130a4,8541.13,2024-07-16,2024-07-17,bounced
632609c7-817c-4b27-b2e3-6a4190588c44,1c1130e6-d40f-415e-afdc-c7e54de01ab2,6829.93,2024-07-16,2024-07-18,bounced
7974f78b-8900-4039-8866-c8239a766ea8,1164104e-eb3c-4ae2-8142-99b9436bfe77,388.72,2024-07-16,2024-07-18,pending
203a74f6-c9d2-444c-8475-d13cd09ba2e7,7bc1665f-729e-4c87-9c7a-40c096f44d8c,6344.64,2024-07-16,2024-07-21,cleared
3b7fb10e-c14f-4fb2-94f5-7678d24f3a0d,d6f5ac03-ac2d-4f8b-a120-0f8a941e042a,6330.14,2024-07-16,2024-07-18,cleared
a3603a1f-ade7-4356-8871-7c31a7b66b10,5e360aab-2bb6-4264-859a-bb2ab30202e2,1541.83,2024-07-16,2024-07-22,pending
19578743-32bf-4d35-84b5-0130637e3009,4d49c5e7-dc72-4052-91be-9a0eab64ec67,5917.55,2024-07-16,2024-07-21,bounced
12cdfe84-03f4-47a2-9b38-b4e6cd4f1205,944fa08f-47a8-4f7e-9d79-c71a8d148e09,793.31,2024-07-16,2024-07-20,cleared
ae50021a-5b3e-46a5-b195-aad016665a8c,6306668b-7639-4adf-a6c0-cf7d0f3c2f93,4281.19,2024-07-16,2024-07-20,pending
6c3a6cc4-fde1-411e-8b5d-aa51c5a2ed07,94fd47c3-4a1e-4c0c-849e-b420054a367b,7318.01,2024-07-16,2024-07-17,bounced
15f52bd2-d96e-492b-ab07-d1319adb4127,99bc17ae-6d5a-49a4-940a-9ad2a425c824,7738.24,2024-07-16,2024-07-18,pending
b5bfb35e-d9f3-463c-b38d-b0145c44fc10,a0089f80-a417-4c7b-812c-5fef8b33b601,5056.61,2024-07-16,2024-07-20,bounced
af5f57b8-62f4-42da-9ea7-1a6e3d3c3209,116ac7b0-992d-4144-b13f-0b7dfb93a327,3242.5,2024-07-16,2024-07-20,pending
60cb2e1b-6c16-41a0-9c52-72f4ab0ba9ff,b53eacf1-a1a7-43df-bdf2-1a05f53820f1,7717.21,2024-07-16,2024-07-18,pending
b1cb9468-71f4-4817-9ec8-12e32cdfe99e,35834b13-25ff-4530-8b93-48ec5877685e,386.63,2024-07-16,2024-07-21,pending
2fd6d984-0282-4f6b-82f3-2af6db0550dc,c52f95cc-de94-4306-8c35-3ed09cd2d655,4429.46,2024-07-16,2024-07-21,pending
a4e9eaec-2ef9-4886-8f2e-41089fd90160,4cd1644d-ff14-4841-bba4-8277de1d7c27,793.44,2024-07-16,2024-07-17,pending
cf734ed7-4689-441d-abb6-30875d2df2a5,4ec2e021-cc14-4193-8aa0-1b0b8e14ad79,2367.29,2024-07-16,2024-07-21,pending
87510e87-a4d1-4c7c-a389-a50fa258d529,d5c59ffb-3787-45c1-9284-8d00e39712cd,7456.34,2024-07-16,2024-07-19,pending
07ba76c1-99e9-4c01-9fb5-335620c77212,fb99aba0-8a62-4f91-8e90-5a6422c63da8,7995.51,2024-07-16,2024-07-17,cleared
2dbae915-0c91-4f8f-8bd0-d35f0a5e127b,b5383ad7-2c63-4a17-a769-4db0a9fc6ab5,579.22,2024-07-16,2024-07-22,bounced
f00dad20-d639-41b1-a933-57b7964c30ea,d146aa37-df5f-4022-bb6b-0c398ab82b7b,2960.3,2024-07-16,2024-07-18,bounced
6fcea3f6-f025-4d00-91d6-61ce5576e5f1,a47236e6-dff0-4687-bebc-b2966027b910,5362.53,2024-07-16,2024-07-19,cleared
16f2844b-b71a-4ad6-9210-6df8b0ad2ed6,f3229d87-dbdf-4132-a1be-3f2a0e5cd67b,7897.02,2024-07-16,2024-07-21,pending
51d7f918-8009-46fb-824a-4404995fb5fd,392f113d-168b-417c-8a84-d906cd0a2542,6383.46,2024-07-16,2024-07-16,cleared
95353d80-605d-4c18-aaaf-339555e93478,c737afc3-f9cc-4207-a5e8-525f76aaea18,6494.46,2024-07-16,2024-07-21,bounced
036776a2-1bba-4a44-8243-1048c8880256,b7cf3c40-0df0-4a10-8118-05b0789f4a1b,1501.81,2024-07-16,2024-07-17,cleared
a0f432e5-6ece-4992-94b7-813f51066b1d,b8a87ab7-41e3-4b48-936c-201465c20a03,656.38,2024-07-16,2024-07-18,bounced
8d2724f3-bb6f-4ac1-ba38-55c5aa5d5b24,3b13bf50-d53b-4370-a805-b8697a8531fa,8885.09,2024-07-16,2024-07-22,cleared
0fc7b59f-5c40-4610-bee5-f38c421130ab,2ca59edb-d424-4f9d-b581-58f3f0c8a12a,9558.67,2024-07-16,2024-07-16,cleared
266bb86b-c802-485e-a76b-ae15dae3161e,4dd2d943-ee0a-4a63-b5f9-d39efed70581,742.04,2024-07-16,2024-07-20,pending
c2bc84ca-51ed-49cf-a166-06550c153771,d884c820-edeb-4619-aae7-8a93324dba97,9144.32,2024-07-16,2024-07-18,bounced
9e9c6714-e8cf-4de6-bc94-6cb3460c71d2,95ae05a0-a6c2-44af-a5ba-a511c02b6c18,223.06,2024-07-16,2024-07-22,cleared
3b1c71f2-f181-479d-adde-ca464937663f,f8e027d3-74bf-49ba-bfd1-ad78210d52d5,7514.25,2024-07-16,2024-07-20,cleared
f72bdd81-a68e-4be6-b762-ab614d490252,43caeca6-98a0-43b3-8829-808ef499ceec,9620.53,2024-07-16,2024-07-17,bounced
e5af6ee4-bcb9-491b-bb68-9e93a4247451,9060f97a-17ec-47e6-91c0-f4de39db90fb,5912.86,2024-07-16,2024-07-21,cleared
7416c146-2f38-4677-9e73-d4f4534deab2,77252203-15b6-4de0-a5a0-90d0a4b69181,1607.44,2024-07-16,2024-07-21,cleared
a0cc6511-1c1d-45f7-ad1b-a08a868e1b52,81bff198-ad96-4800-b9f8-ff09eecc303b,1448.23,2024-07-16,2024-07-21,pending
3fe921c4-aca4-4657-9e99-0ca32bafa6ac,5f0f8ced-7685-47e0-8953-f87d56941942,8577.06,2024-07-16,2024-07-22,cleared
1b96c343-8ff7-49df-8411-7e5e51191afe,2a689955-9ab1-4664-adc6-f818d36ac664,4735.82,2024-07-16,2024-07-21,pending
2eac1c06-f1a1-4206-8aa1-78189822767f,35daee6e-4b30-4c01-8ad4-e43cf3733a37,5996.62,2024-07-16,2024-07-22,pending
477d5270-dfa2-473d-b4b0-a6b0e560e978,615d9e91-e15f-4472-b7e3-6680b6c84120,8937.79,2024-07-16,2024-07-21,bounced
66b850ad-a872-407e-a47e-b722d639b578,9e950155-a962-4493-b21f-b4fdce7bd89d,5084.14,2024-07-16,2024-07-17,cleared
ba0b0078-b2f8-4654-ac6e-c7ca8c91f41d,985934e7-f21f-42c5-8929-7156b3f5f68e,7919.01,2024-07-16,2024-07-19,bounced
2c28bedc-0075-4a35-85fa-eb913098b904,c099d84f-83d2-44b8-ad2f-f20317e12cbb,3373.53,2024-07-16,2024-07-19,bounced
aabd72de-3cc6-419e-bd25-e8ee918b94dc,5514956e-6a9b-4974-aab6-b6ddc4b1d094,3564.95,2024-07-16,2024-07-22,pending
59608ec5-8ca5-4ee8-b58d-c8a1039c2aed,f1a07692-78e2-4fe4-8fab-038db94a233e,5951.01,2024-07-16,2024-07-22,cleared
4d3ff0aa-3359-4bae-992a-7cd3e4a56e1c,4436c969-bf4d-4e11-9ea1-b91f39eeb6b8,7458.56,2024-07-16,2024-07-16,bounced
70c78358-d15a-4b7b-8ea3-5517ffde5482,540b78a8-ab00-419e-a893-2c29f5cb2664,7983.49,2024-07-16,2024-07-20,pending
12ac4203-8143-4d6d-85e8-1657e71dedb4,dc5ed8dd-b089-4145-a114-494fd7ce126a,3961.94,2024-07-16,2024-07-20,bounced
28ca5f59-5072-4750-afae-6da6f4d6c162,4f2d098d-c231-47c5-809c-57d05c992ca4,6487.83,2024-07-16,2024-07-16,bounced
f74b5c8c-bdb0-4961-8cab-cc93bf2013bb,944f2fea-2416-4038-be0d-df060710f336,1719.96,2024-07-16,2024-07-21,bounced
42eb8dc7-7658-4160-aa5a-2f5d615c55bf,e5ec4be8-64cb-404e-95e9-33ce76e00d54,5548.25,2024-07-16,2024-07-16,bounced
86a967a6-c2be-4627-adfe-71733b914dbf,4d477c7e-8268-4493-9fc5-fc8506b2f0ef,2984.21,2024-07-16,2024-07-22,cleared
c423b22e-ee13-4968-8003-5c7512b94d6e,42193901-9038-4ac3-9fbb-fe55098d592c,3069.2,2024-07-16,2024-07-16,pending
616b0348-3dee-422f-bfca-4b79daffa216,77bdb1e9-d285-4969-82d0-83fd59770109,220.74,2024-07-16,2024-07-19,pending
b536fa1d-f115-44b1-8050-67b484dcb5eb,5dc89ba3-1d84-4b8c-aa5f-a13fb2116024,5613.46,2024-07-16,2024-07-19,cleared
e9312e89-9fe5-4bcd-8537-9eec1f2b7cda,a34e1c9d-f069-4ea7-9470-2cfcb27abbfe,5588.56,2024-07-16,2024-07-18,pending
31a74f0f-5a8d-41d2-ba77-754014443b6a,30c86c9a-7220-4ef0-9729-e0ad98010bf6,5187.23,2024-07-16,2024-07-21,bounced
8233e745-1d57-4ead-9df9-d64770c6601e,6fa65164-5c1e-4592-903e-8bb2e0719ac5,4173.88,2024-07-16,2024-07-19,pending
bc9d6cb2-32a8-4867-94e1-da4293793381,f4617f21-228a-49c3-8d7e-32481a359baf,9558.34,2024-07-16,2024-07-22,pending
40d725f1-729d-47a0-b6c9-b12223569025,5772e907-7c5e-41b6-9af4-32cfe343d3ff,998.04,2024-07-16,2024-07-16,bounced
42d2108e-506f-4b8b-9dd0-370b79986399,3a2d6fc2-51ed-476d-8f4d-0166f2269363,8354.76,2024-07-16,2024-07-17,pending
869fcc50-955e-49e5-8255-21466cb64f09,9525bdfa-e1a2-410d-aa0d-ddc6504cae48,6791.83,2024-07-16,2024-07-22,cleared
6228881d-6d0e-4668-9364-1e5f488d72fe,6012384c-5c24-4d3a-93d0-3ed9b3e83454,8804.74,2024-07-16,2024-07-17,cleared
6e8ec0e0-70f1-4b54-b4aa-e17f52986895,2b468f66-1246-47a0-953d-fa9d570fe6ae,4867.13,2024-07-16,2024-07-18,pending
f88bb88d-64d1-4e05-a881-6c8522441b55,c2ed2160-0cab-42bd-b583-a0ecc6093687,5901.29,2024-07-16,2024-07-16,pending
023f38a2-0d48-4bd3-8143-66c049edcb21,06bbb00c-f4ce-448e-9ae7-42718cf0b95e,1393.35,2024-07-16,2024-07-20,pending
5f066143-5d00-4fd3-81d9-d75eacc17c3a,161f7065-b6c9-4877-950c-10261143b074,5386.93,2024-07-16,2024-07-19,bounced
b9c571fb-e185-405c-b111-4929744f04cb,d5951a46-9b12-4e71-ab36-683f265d85dd,4493.73,2024-07-16,2024-07-18,bounced
2a04be6f-e2dc-41af-ba39-f7e76f887352,cb37c17a-b54c-462f-8f77-e616f71c12ad,1311.29,2024-07-16,2024-07-22,bounced
f331e492-5d66-41d2-9dcf-3652b6e8fca2,d124a74a-5a2b-4828-89c1-92d90176280f,8511.37,2024-07-16,2024-07-20,bounced
50dc33f6-ccff-4197-b6ed-88ac1a7d634e,9a26c4fd-1d4a-415c-afe8-00ec98713aba,4313.27,2024-07-16,2024-07-20,bounced
f9afcaa5-770c-40f8-87bb-0fe14144833f,adaaf554-d1c5-46c9-a7e3-dd102600bac5,9746.88,2024-07-16,2024-07-21,pending
cf163473-7539-47d5-aaf7-1de6b1ba539d,a3576eb1-ae42-4067-a5e7-be5be5398ac6,9857.65,2024-07-16,2024-07-22,cleared
88e9ac5f-2421-49dc-9c4f-467b6fb83b0b,a518b7ba-3d68-4e19-98c2-50d7dca91ce2,4148.38,2024-07-16,2024-07-16,cleared
2fc27e01-ead8-49cd-932c-5dc3a1e87959,235c5bc5-d638-449f-bb1f-dea768739bc4,2910.71,2024-07-16,2024-07-17,pending
dd87e767-de64-4b68-8d3d-b8336278f66c,b8052d94-fde7-4b68-a6cd-8f4bddf7d255,5981.77,2024-07-16,2024-07-17,pending
980bc0b7-a9d1-4686-93cc-9ef703a2f93f,62bce991-67e3-42d2-9861-b8170ace7ea8,1635.96,2024-07-16,2024-07-20,pending
2803dea1-068b-4efe-a9e0-fa03819f70ac,114f69eb-86d1-4629-a5b8-7aaa9b7bf488,3824.05,2024-07-16,2024-07-16,bounced
a04af73f-2203-4f26-a66b-a5080be3d893,2034876b-628f-49e5-943e-7e67cc9d698e,1418.17,2024-07-16,2024-07-16,cleared
adb4868c-9883-4fb5-9800-41efe7f99331,20f5c11f-8c0c-47c9-9ebb-c4622a1bdebb,7846.34,2024-07-16,2024-07-16,bounced
df268f48-0fee-4a68-aad0-4a8c31d7bdf6,ff232fe3-154c-4b88-9bb4-c951de045e2a,3346.49,2024-07-16,2024-07-18,pending
a66b6e39-468b-4419-bdcf-fb24cf22ef2c,7bc1665f-729e-4c87-9c7a-40c096f44d8c,2986.23,2024-07-16,2024-07-20,bounced
9c8887c2-b6b2-4b6d-9cde-58911f0167fc,d83067a6-131f-43cc-8421-66218d97f2bf,8440.96,2024-07-16,2024-07-22,cleared
1bf7e1bb-9684-40f7-a177-87f8634dbac5,9036e805-c555-43b9-844c-2e566b36640e,9042.35,2024-07-16,2024-07-22,bounced
2ef378e3-78e9-43ef-9647-299a2be330df,62d6d62e-7d75-4d5b-8cf9-a333dc2a81de,5146.76,2024-07-16,2024-07-22,bounced
c82a4090-0e6a-4ba2-8fd3-1c135a2dc5cf,1932012e-606f-4bca-a3e5-9c5b2d2a7d1d,1549.84,2024-07-16,2024-07-18,pending
a18a29be-1c73-44b1-b520-77cfd7da468e,8e1e9d53-5f62-416d-a52a-f6ddba6c3760,6418.79,2024-07-16,2024-07-21,bounced
f4efc371-cb55-4973-a13d-88729b324113,5fb726ae-6f82-4f2d-93b1-11fcee3d6783,1488.35,2024-07-16,2024-07-20,cleared
fceaf50a-2875-4e74-847e-0c392b3d1a3c,117d2495-8250-47a4-9bba-a0ded1f68001,4613.45,2024-07-16,2024-07-21,bounced
a01d073d-b672-4e1c-be2a-0b97930f03b1,e6b8284f-1713-4f31-a61d-c5e9020d090b,5980.2,2024-07-16,2024-07-18,pending
efc570bf-2f4a-433d-b9af-59122bc9c00f,d892f1b1-9ba3-4678-9939-f94268372a33,4485.49,2024-07-16,2024-07-18,cleared
7f1e957f-b99e-42b2-b3a6-77eef9677ca3,9bd8d3c8-106c-418a-bc51-5809bee7a55d,9808.59,2024-07-16,2024-07-17,bounced
4bf9c465-9688-469d-bb42-9d1906d3ecd2,7f37b8a6-7bd0-4856-befe-e38196c15a75,2399.24,2024-07-16,2024-07-18,bounced
fdc6d64a-fcd5-42df-9225-ed9266ad9b4e,fb0fc778-fd00-4757-8503-ed05448bbd54,5674.38,2024-07-16,2024-07-22,bounced
fdadf506-593d-4f22-ad70-81900a09c550,7ff43206-a2a1-416d-801c-91794a0e22c7,9492.14,2024-07-16,2024-07-22,cleared
2d6afd23-2a0c-4189-8d08-0b9fb8b5b91f,35f2675a-d955-42d8-88f2-af691e981744,8175.78,2024-07-16,2024-07-21,cleared
1df5761a-d495-4691-901e-8c50b0335810,fecb314a-fc58-4431-aab2-333589afef6a,7179.05,2024-07-16,2024-07-18,cleared
e8e719d3-0de1-454e-9d62-17db3c90723b,c28f0bbd-9075-42fb-a91e-8c401dca4e93,4747.2,2024-07-16,2024-07-16,cleared
182cf008-b09e-4cbe-82d1-6d9a85a7ae68,d372ef83-403b-496b-b846-392876bddcf1,7946.0,2024-07-16,2024-07-20,cleared
dc0982ff-2718-4f0c-9ee3-2d1d5f5035a2,b5585d0a-96e8-41c5-9f92-76f50f06e256,8214.08,2024-07-16,2024-07-21,cleared
3743680b-7a6d-4188-8d06-391a8ad83498,7b1cc578-f0aa-44a4-a143-e9787e33a7c4,3315.25,2024-07-16,2024-07-22,bounced
1396b1fe-5252-4462-9e38-b78647c160f1,8df0cff3-b668-455b-b6d7-75ad7ff0a558,1674.22,2024-07-16,2024-07-17,pending
c858ffe2-1bf6-4c76-950c-631e75d55403,d78abe42-f33f-49a1-babe-08522686a18c,6085.99,2024-07-16,2024-07-20,bounced
08af27b5-fe86-49f9-a76b-1313efda03e8,28ebfbfb-f7bb-4cef-a332-003aa6043c02,1171.06,2024-07-16,2024-07-21,cleared
19865045-ff77-4091-824b-d191737bd788,1f08d3f0-1158-47b4-a713-29430019fd56,1255.83,2024-07-16,2024-07-19,pending
40366907-4a32-4fcb-85f0-8ba91125b05f,c1a151d3-cc4f-4e40-be3d-782c76def07b,4910.36,2024-07-16,2024-07-20,bounced
94208861-5a31-4ea0-9b16-0fb1b3474459,7a50f88c-93a0-409f-8232-f92c7d467f96,3894.22,2024-07-16,2024-07-17,bounced
7493a261-1d19-4fb6-a0e6-85fb6119da54,39cf347b-7cc4-4e96-a337-bc71b70761fc,7414.89,2024-07-16,2024-07-19,cleared
2ad87863-a6a5-443f-a24c-9bd03ee913cb,61f4394e-1319-4606-b13a-da0d8e96098d,3320.97,2024-07-16,2024-07-20,pending
76e42a5e-6abd-4690-92fe-df44b59f9294,81bff198-ad96-4800-b9f8-ff09eecc303b,7185.61,2024-07-16,2024-07-17,cleared
c0b0816c-877f-4eea-bd76-4d9ba4e90126,248a2927-8904-42f8-89ca-7a024fe302cf,1065.74,2024-07-16,2024-07-16,pending
adeb2dac-50cd-46d4-86a9-6663dcd271eb,f1335998-d410-41b3-a6df-aa4b95de205a,1042.48,2024-07-16,2024-07-21,pending
b411ddbe-c9c9-4920-b3f2-99056e037ecb,e24f3ed4-dce9-4f1f-aab1-6852906b2076,5433.55,2024-07-16,2024-07-18,cleared
e31f5239-7c15-4873-8449-6f4a8b64f4f7,c1ede531-d87c-4368-9a11-89d53053a59e,7471.32,2024-07-16,2024-07-16,cleared
1946c091-04a5-41bb-98df-843515d364b1,0adac2a1-42d3-4918-bed8-80e2dd2b7dd5,4312.83,2024-07-16,2024-07-20,bounced
aabd946f-ffb3-4397-84d1-54923504dd8f,829b751f-5c34-4533-bd1a-ab3dfaf133d0,921.73,2024-07-16,2024-07-22,bounced
790c85ed-57da-47da-b0a7-f5583e54c6e2,af97907c-fc95-41c0-8bb6-2b67bc22ed74,3057.04,2024-07-16,2024-07-18,bounced
f4d082a8-c370-49ee-93d8-9435e89d43c7,ce365ae9-e259-4306-a2c4-039037d82c5c,5113.9,2024-07-16,2024-07-19,cleared
69113829-fb1b-43bb-93f0-a25fb45b19cb,43caeca6-98a0-43b3-8829-808ef499ceec,210.41,2024-07-16,2024-07-18,pending
933cc8b1-80d6-48be-a123-8f7b6e66491c,db079e55-42a4-4fa3-8665-491e63f2eb94,3659.24,2024-07-16,2024-07-22,cleared
624df042-daca-462f-b9d2-d5748c11cb85,d83067a6-131f-43cc-8421-66218d97f2bf,7103.7,2024-07-16,2024-07-22,pending
97842604-5b56-4f14-bfa3-9e5b5c66f6e0,7d1c07a2-5e42-4dd9-83e6-62124834c8af,3210.24,2024-07-16,2024-07-17,cleared
76eb7b86-4072-489d-af85-1b6b183f4b9c,a96cfa18-f408-4802-9f7a-9c90d5159e1e,3767.59,2024-07-16,2024-07-16,cleared
dd8bfec9-6600-47e8-be52-3c5f4451dab4,cb37c17a-b54c-462f-8f77-e616f71c12ad,6867.72,2024-07-16,2024-07-20,bounced
d33b682c-2b46-429a-a17e-f052661dccf3,c099d84f-83d2-44b8-ad2f-f20317e12cbb,7794.18,2024-07-16,2024-07-20,bounced
ddd875a9-0eab-4948-ab63-94ecff3e4818,cd0c75a2-4340-4b61-a945-820eefc6245a,7266.58,2024-07-16,2024-07-21,bounced
10cb323b-0a0d-4ee4-bd22-0e150ab22358,85d1deef-5d37-4f5b-b070-2f4becf27cda,2171.92,2024-07-16,2024-07-20,cleared
ff94dbbd-7638-43f7-ab33-67e811a4f795,f7a90665-f6a4-4690-a249-3412472eef27,8744.64,2024-07-16,2024-07-22,cleared
6c2a5f11-8c23-4996-9ccd-ed7a1d324d50,b58fd472-30da-4cf8-8af4-d9e39c58c39d,1530.84,2024-07-16,2024-07-22,pending
1c26d845-de9f-43cb-ad8d-1e0ad13a74ef,dce35bf5-c371-459f-91ee-732fa9d67f4c,9578.46,2024-07-16,2024-07-19,bounced
54bbe4bc-8713-41ea-b7ab-e7edfc9436d9,08984033-54f0-4f50-8599-8060201a77e9,1358.98,2024-07-16,2024-07-21,pending
a096b6af-877f-424f-ab9e-759d6e2be518,2dbbea2b-9042-4b16-b993-91d3926bbd1a,3240.69,2024-07-16,2024-07-17,cleared
64369e9a-ce38-4acf-bdb8-cfd421139db8,95da70a1-9037-40bb-81ac-285386d15f7d,2020.25,2024-07-16,2024-07-19,pending
2825d24e-1028-43ee-b916-82e916ef1837,af5a25fc-f15d-4a1f-b8ad-a6fb65c7f57f,1192.51,2024-07-16,2024-07-18,pending
11d497b5-c7fe-4c8a-b87f-da090257275b,d959aba7-4d33-4abb-b83b-21583ab5c959,748.86,2024-07-16,2024-07-16,pending
ba991c9b-2243-4ccc-be82-1abe65861426,999187fa-e197-48c9-a88c-bbfb376ab07e,844.03,2024-07-16,2024-07-16,cleared
0482596c-9c84-4257-8708-50b234d82554,deebb900-6c85-4f7c-9989-0441fe82ba68,2686.37,2024-07-16,2024-07-22,pending
60d5f3e7-cb98-47c5-a9e0-93697ee45ff8,62d6d62e-7d75-4d5b-8cf9-a333dc2a81de,9753.45,2024-07-16,2024-07-18,pending
dadf01df-e2bd-4ea9-99b7-0a0ac84df533,ffaca786-9969-4176-b1f8-09f9ba360c3a,1335.92,2024-07-16,2024-07-19,bounced
b460b137-8b7c-454b-b3b8-9d0a23ad9b73,c8ae7dd3-3df5-4c7c-8081-0a3bd33b7832,5853.95,2024-07-16,2024-07-16,bounced
3e9e0bdd-d316-42c0-89a0-8408f285a10d,fa1a8589-ce81-4b28-9817-625e628ee905,5683.54,2024-07-16,2024-07-16,pending
b23aa4d3-ba00-47fe-9c09-a9da5a6c00ca,997c9084-d59b-4d5b-a62d-c1f211804c70,7160.55,2024-07-16,2024-07-21,bounced
b986d8ee-f293-449f-8069-92641d9ddac5,383dd90f-8f72-46ff-952f-38e91396fa8c,5132.9,2024-07-16,2024-07-16,cleared
28cc4afc-0779-46f7-b9a3-e4fec4a1520f,af5a25fc-f15d-4a1f-b8ad-a6fb65c7f57f,4941.84,2024-07-16,2024-07-20,cleared
49bcb0b9-6e05-4274-b851-6f381f731439,825827b3-321e-4057-862c-38492c83a764,4019.6,2024-07-16,2024-07-19,bounced
f9e03a58-61ae-49c2-aece-80816ef694e5,3d312a32-ec4e-408d-8888-1457922c62a3,4849.54,2024-07-16,2024-07-16,cleared
451f4c5b-9e3f-4d4f-b2c5-cd8f3497dcfd,f74ad92b-9e83-414c-9446-48fb4c673e15,5218.0,2024-07-16,2024-07-22,bounced
ba9fb7c9-203a-4ddc-9584-a801a5526f5e,95e5b53f-a51f-4047-90b1-88070995e433,2073.17,2024-07-16,2024-07-18,pending
0bfc7667-18bd-47bf-9b82-3e0033b87b68,83492498-6745-45e2-84a0-9903ef54c3b1,5208.26,2024-07-16,2024-07-19,cleared
887ec511-74b8-44b3-aa2b-2bea8ebd7e67,da4bcb13-3da5-49c6-9eb4-85d410b7d1ed,6151.74,2024-07-16,2024-07-16,pending
eabc3364-d99d-4edb-9043-28d7df7e94f6,00a64e5c-a788-42fd-9159-ce0b6819d84e,4701.02,2024-07-16,2024-07-16,cleared
7877eafe-6692-4f71-bf8b-7283e9da3a5c,62bce991-67e3-42d2-9861-b8170ace7ea8,2381.28,2024-07-16,2024-07-19,bounced
11335607-41d0-4a73-affb-858061d9c392,1a7f5b29-e651-4358-94ca-b2f3d90abe6d,1143.2,2024-07-16,2024-07-22,cleared
cddcbe75-7378-43ba-b8b7-b6b57d13cbe9,7f1bcfbb-e8a3-4167-aab0-5b309fc8cd99,4833.35,2024-07-16,2024-07-17,pending
fb8e5672-2b81-4b5a-a892-cf4cefba5807,29d008a2-9bae-44da-99c7-7d5c6d61e925,2081.99,2024-07-16,2024-07-19,pending
a00db0f5-3062-456a-aed1-7dbda5f8f170,894cdd2b-33f6-4743-bebe-fbc786b90f14,8298.82,2024-07-16,2024-07-20,bounced
dd84959c-478b-47ad-be5b-1db3d13e33df,981a7916-09e7-4c87-b488-5ff241a89573,260.24,2024-07-16,2024-07-22,bounced
8785c127-30d9-4112-b493-f4c156390ef7,d84222dc-ba44-4c0c-ae7a-1fb7498dfdf3,9125.41,2024-07-16,2024-07-17,pending
bea33321-3d89-456d-ba18-2649a2566bbb,9ced9806-f5e4-4a93-89dc-40f8aa1075de,1707.01,2024-07-16,2024-07-18,pending
90b6223b-d9b8-4437-9baa-1022c35722d8,ea59faff-de06-4f0f-a2f5-91dcce16783d,5084.02,2024-07-16,2024-07-16,cleared
dd93d159-b64c-4802-be84-77d7d2809a33,8df0cff3-b668-455b-b6d7-75ad7ff0a558,1914.44,2024-07-16,2024-07-19,pending
f41a0991-9faf-4603-af22-feec6afe424d,8923a209-2091-42aa-bc95-f6c808fc8885,4028.23,2024-07-16,2024-07-21,bounced
89400160-4c50-4741-8222-fd4c2a3a9ed3,81be02c4-497c-4c7a-ab95-a5b990a4d0d0,662.19,2024-07-16,2024-07-19,cleared
14d9265f-e80a-45a2-903e-ef70f920a1fd,5b847064-8f01-4a69-b247-c63592f50954,2151.49,2024-07-16,2024-07-22,pending
81323936-c436-4e04-b98b-9ee5f22795a5,77d00e1d-480b-48f2-b15b-6ddecc7a45aa,8011.04,2024-07-16,2024-07-19,bounced
fb6844bc-a2e9-4f23-9e4b-15a231c72a5a,2e8d1be1-feda-47af-a921-7e15661dbc1d,8829.84,2024-07-16,2024-07-16,pending
0fa5feb7-fee8-426c-b67c-8ea7f33d79e4,d3aee835-29a7-44c9-ada4-3be0871e4630,870.45,2024-07-16,2024-07-17,pending
4401ccb7-0ce0-42dd-9efc-ef1c991b0057,6d92de80-5a2e-4d3f-b7ab-7f1119fb8433,9382.23,2024-07-16,2024-07-18,bounced
034ccda6-1e0d-4eab-96e6-0b207d414e00,a21dc2d8-b03e-471a-b2fe-f6dd43af62b9,9256.61,2024-07-16,2024-07-16,cleared
f253ad38-d77f-451d-ae39-c8c18aeb2897,320af66a-6764-4f49-b627-c9cb1cd30d21,4857.53,2024-07-16,2024-07-20,cleared
defb908e-03bb-467c-a1e8-4538adcd152f,0cd1f0fc-29cb-4170-836f-61ec32e9c093,8489.43,2024-07-16,2024-07-18,cleared
9b753182-0970-40ea-b5bf-8f2918da04eb,c4b668a6-f855-4f5d-b9b6-490547510294,7121.29,2024-07-16,2024-07-16,cleared
4ca132b3-561c-49f1-8f12-eb5de9eb98b7,b86d4d36-1fe5-4c12-9ab7-1ae90bda93e7,3803.57,2024-07-16,2024-07-21,pending
732958f0-00aa-4f69-bba8-034b5372e4e3,264939d9-06cf-4a11-9f76-a205d7994be0,7205.84,2024-07-16,2024-07-16,cleared
c8c2c9ca-e1cd-4cb9-bd94-d1a3cb0dbb1f,5206ee48-9a3a-4ad5-b9ae-f838529abe9a,2770.43,2024-07-16,2024-07-17,bounced
3d335947-c68f-45f2-8e6e-0a3398992790,6545e002-a1bc-45ee-8e7f-556cbf6ee0f8,8458.33,2024-07-16,2024-07-20,pending
d84f64d1-94ca-4ddb-9fb0-fa1e0db52860,025611f8-7267-4080-b783-827784527f67,3022.37,2024-07-16,2024-07-21,cleared
9ceecc85-8b67-42b2-abb1-dfcd0ef145ac,e82e03ae-6937-4b2e-86db-46ae31f6d841,5027.47,2024-07-16,2024-07-22,cleared
e42c751e-e750-448b-bc94-9c5f42e7ffe6,093585af-f60d-4c61-875a-4c261d1fe0a0,8274.58,2024-07-16,2024-07-20,cleared
938fee9a-b7e6-4841-b8b7-45e6381bd3ed,4c63e5a5-5072-4201-8c1f-095796df4e7d,6186.33,2024-07-16,2024-07-18,cleared
a1380e4d-dabe-4993-ae26-99d560af5920,7e1a4ebf-3522-4583-8174-24da8ffd0f81,2820.62,2024-07-16,2024-07-21,bounced
852cff85-9aed-48bf-97e2-430136267423,0c7ae6bf-ec51-4e2c-ad92-3fd9472ea282,8728.22,2024-07-16,2024-07-22,bounced
de8319a8-cf8b-4504-82ab-5a7f0874601d,09e4b440-6528-416f-a3e5-5de2364930ff,6948.74,2024-07-16,2024-07-16,pending
249c4fee-61b2-413d-84e3-240714d22bf7,e62b36dc-bff5-4f16-8443-ba1a03d7dfb7,302.92,2024-07-16,2024-07-19,pending
75ffccb2-2910-4f9b-96b7-954d7455c01f,9e389e2e-18f0-403e-a9a3-70634910ecc9,1825.01,2024-07-16,2024-07-17,bounced
5ea11471-ebc9-4263-bf2a-1c0cd67b05c0,62c655b0-2ee3-4745-acf3-01662a43f258,5216.32,2024-07-16,2024-07-17,bounced
f3158d64-5212-4457-9a0a-3e8baac61aa5,0fa74f4a-ac93-4be3-833f-46a2b9a32568,6968.02,2024-07-16,2024-07-20,bounced
dffb5de6-289d-4b4f-9780-9cd679d58c29,85d7eda9-5f98-4f2d-b4d4-1c696cb1dde6,3681.3,2024-07-16,2024-07-21,cleared
cd980364-7ca7-4dca-8c52-ce48e5a2b1e4,5a7beed1-33c8-40c6-bd74-29e295ac1930,8066.0,2024-07-16,2024-07-18,bounced
44a450c2-8800-4062-91c6-f7252d024e01,9e389e2e-18f0-403e-a9a3-70634910ecc9,4821.42,2024-07-16,2024-07-16,cleared
c3605daf-83af-496e-836b-4fad6b2a82cd,a09cb29e-6467-4ada-a396-5a3576d34933,3123.56,2024-07-16,2024-07-19,bounced
ccc5de97-f83b-4740-95cc-b5fb2e2e16a6,189b3fb8-210b-4ee8-9335-9bd35dd385fa,8050.65,2024-07-16,2024-07-17,bounced
46f41fdf-cccc-4c24-b21c-337c1d6bf5bd,12d607cb-9656-4aa3-9a5c-3240d8b34469,3486.49,2024-07-16,2024-07-18,cleared
534f6cde-3dec-49e8-a725-6f41a1144bbb,5d4193fd-c8ef-4406-81df-e7673e3fb321,8144.04,2024-07-16,2024-07-22,pending
8bac0cc4-0774-47c4-8787-7ef83c646b0c,061f97a9-9541-4a8c-bfd5-fc03a584cbb3,5925.81,2024-07-16,2024-07-19,bounced
38f893d6-7e61-4ae8-b834-424a86d058ee,b222174c-3175-4c8d-90f7-be412889f2ba,5804.92,2024-07-16,2024-07-21,bounced
441f0f2e-5bae-4e20-b17c-47590b2bbfc6,89622250-9d9a-4c6e-970e-b4a6e245f505,6453.65,2024-07-16,2024-07-22,cleared
1713a860-e9dc-42ea-b9e4-a2bdf24ca281,6ce556a9-949a-440c-b94b-e608866f42fb,4940.31,2024-07-16,2024-07-19,bounced
d92c3182-947d-46b6-95a3-d8a4da288137,3e5b2dac-7f91-42c1-a384-51a2eff41b5c,4212.0,2024-07-16,2024-07-16,bounced
2e173dbd-e1f8-4bb0-9e9d-605d6d3225fc,6012384c-5c24-4d3a-93d0-3ed9b3e83454,9887.22,2024-07-16,2024-07-18,cleared
7140a193-1f71-4992-b5db-4df7633d3b1b,6c48ce8a-c3f1-49b1-9949-b8e912b7dab2,2009.78,2024-07-16,2024-07-17,pending
97c375e9-b6e8-4ad0-90e9-de35862aad0c,33cdaf36-eca3-459d-8d96-18942911a843,6576.42,2024-07-16,2024-07-20,cleared
72e0c5f4-8a94-4a70-a669-d4edc02efce4,c83be2dd-041e-42c6-8b81-4dfc4f720ce1,7742.87,2024-07-16,2024-07-18,cleared
cf799eea-1e8d-4a5c-a25f-4a8ce20e64c8,e9564df7-914d-447a-80ad-46df6ad9b1b6,9163.95,2024-07-16,2024-07-20,pending
71f94266-ec22-4a9c-a2d7-c0e82b68643f,ef9f3ec0-e06d-4e14-a05a-c82badc0eaa1,8009.11,2024-07-16,2024-07-17,pending
6fe6a0ab-36ad-4f3c-b0d1-1c56c4ffa2e8,5b358ba3-0b52-4466-b8c5-a35ba4826192,7775.35,2024-07-16,2024-07-20,pending
e4a37754-19f6-4226-9a3e-ba538f9635a1,50ee6a5d-6382-4bcc-9236-08dfb0002c57,8581.35,2024-07-16,2024-07-21,pending
742b969d-ee7c-4f51-816c-2c5aa8912197,77d00e1d-480b-48f2-b15b-6ddecc7a45aa,4794.25,2024-07-16,2024-07-17,cleared
2f3eb274-f13f-4db2-93e6-759a5cd303f7,94b60e52-8159-49f5-b6db-9ec23272c30a,7516.31,2024-07-16,2024-07-17,bounced
e38a0fa6-ae35-4e08-8ebb-206893808fb2,42d91231-5e07-4163-90fe-7ce804e9f828,7772.44,2024-07-16,2024-07-22,bounced
da2276ed-829f-4b6a-a3f1-722aeadba0a6,c25ecf4e-1e9d-48ce-9069-f83f497dd60e,3100.15,2024-07-16,2024-07-18,pending
efecb13d-9af7-4c83-9527-0d8095157df2,1997e0e9-b4ce-4545-8645-713729137200,5900.18,2024-07-16,2024-07-20,pending
1d86376b-b063-46eb-886e-fa3418b3f70f,97e2a5e0-7de4-4ad5-92d7-3d3bae5949f3,9143.98,2024-07-16,2024-07-21,cleared
0991a4fb-72da-4d6b-8d42-e4361c7aef82,b53eacf1-a1a7-43df-bdf2-1a05f53820f1,2584.61,2024-07-16,2024-07-18,cleared
f604aa32-ca70-479b-83f4-22feaa3132f2,09e4b440-6528-416f-a3e5-5de2364930ff,2239.62,2024-07-16,2024-07-18,cleared
79beafc1-4198-4164-b617-d934edf00edb,4f2d098d-c231-47c5-809c-57d05c992ca4,9259.21,2024-07-16,2024-07-19,cleared
4a0a9169-599d-46c3-be2c-00776d13f21d,4f138e97-4017-43f0-9a9b-6712e1b5654e,1035.27,2024-07-16,2024-07-18,bounced
a3d26e99-ef3f-48d9-985d-b6dac5a72b30,ae961b56-8da0-4148-8a21-0a410e53a0b9,3168.36,2024-07-16,2024-07-17,bounced
051cec42-c42f-4424-95c4-f7e3de91f16f,79863712-2af5-499a-a882-c66c5e95f867,4128.29,2024-07-16,2024-07-20,bounced
ec903999-fc05-458a-a688-fc629b08f8a9,803f71b7-1447-4101-9b51-eec2ce4f7bd1,6891.22,2024-07-16,2024-07-19,pending
881f458e-e7ee-4dca-9cdf-819c34a9942f,ffcc8424-9503-4867-bfed-18e6e8004afe,6355.59,2024-07-16,2024-07-21,cleared
9364a0fb-44ef-4a97-a71d-1f96c375f5d4,fd47aa44-d879-4d97-a7fa-47e6f83f27cd,9968.56,2024-07-16,2024-07-21,cleared
93b780e6-27fc-40a9-9b83-fe8ba955472c,03c4c679-8f3e-43bc-b782-6929f0c39a47,5644.69,2024-07-16,2024-07-18,cleared
aa246e8f-f197-4ff5-be32-8b9d2df496cd,0fdfc42e-658a-4f3b-9ae8-6712be022475,8400.15,2024-07-16,2024-07-19,cleared
3e84ac86-bf43-42b8-93b2-9f849ff1275f,7d1d2258-3633-4017-a3e2-517bdb972e38,8562.8,2024-07-16,2024-07-19,pending
9fb25e3f-1146-4212-9718-320956f717ba,f10ce116-f388-4bb4-9445-3cf335b5c8cb,1427.61,2024-07-16,2024-07-16,pending
e9365314-9435-4a02-bf20-a81902b379c4,f009b9fd-d2aa-43f4-a79e-f97450442d41,8527.95,2024-07-16,2024-07-22,bounced
3d0cbcfa-8325-4830-adc4-0a96654bb2e7,55ad6af4-d5dc-4b80-941c-d1aa966389a9,7444.23,2024-07-16,2024-07-18,bounced
71d0dc10-f998-4608-b66f-a3cd10fa7ca3,55af1c4d-bcfe-4bba-84f5-e25553e1b1a3,5138.57,2024-07-16,2024-07-17,bounced
cf0a136e-efc9-430d-9d80-9aefe91e93a9,d5393353-aafd-4af8-8bf5-3cdb36797f04,4111.35,2024-07-16,2024-07-18,pending
e4bcdde7-d91b-4757-82df-b47cf5b1a1d1,3e2930ba-f106-481c-83e6-dc1db151e5b7,1067.64,2024-07-16,2024-07-20,cleared
57af7b5f-e143-4acd-8116-3af7d9de7ee8,36ec309f-958e-4cb1-937a-e46ff3a69a5f,7850.47,2024-07-16,2024-07-17,cleared
ba97d9eb-e0e3-424e-9c9e-dfe8c4b837ee,2fe8ced8-5fb2-4abc-86c2-1064ae22a63c,3864.84,2024-07-16,2024-07-22,pending
c089477a-08ca-4903-ae33-9c46450f6799,213b815a-1829-4ab9-ba3f-20bf2686c306,5419.73,2024-07-16,2024-07-20,pending
24b07d09-17f3-475d-99b3-41ddbe1ac4e0,be25fd4b-22ea-4650-8cb3-19bf4c5df912,6982.93,2024-07-16,2024-07-20,bounced
5464da8f-b73f-4368-b499-c08ff713ff73,868098b2-c538-41e8-a330-eb6d65929970,5084.99,2024-07-16,2024-07-16,bounced
537db535-4755-438d-99f6-d8e0fff5ef48,02dcb685-e8c7-44ff-b2e0-1b8e9ff037fe,3800.53,2024-07-16,2024-07-19,pending
6f993b96-6036-4757-b917-036a86c974c0,efe4b96e-cf2d-4a18-9c91-54bc09a4931a,9381.84,2024-07-16,2024-07-19,pending
83797f30-29fb-4150-9168-bd018d1f10d3,7b31b09d-244d-40de-924d-0db26e7df596,607.4,2024-07-16,2024-07-21,bounced
9bacc0ca-8689-4e6d-a79d-e4da1f4a9e61,35246aea-98a3-4a5a-9310-853e9f720476,4152.98,2024-07-16,2024-07-16,cleared
7d8391d7-5b7a-4498-80a5-39178042715d,f41a10b4-96f9-40b8-b78b-3db3ce3ccaaf,232.4,2024-07-16,2024-07-20,pending
6678596c-bdd6-43ca-9554-6493f3487c03,b4ece8b5-270d-47ca-a0ef-489019944430,659.63,2024-07-16,2024-07-17,bounced
d2162944-e676-449b-840c-0e006fab0454,5206ee48-9a3a-4ad5-b9ae-f838529abe9a,8463.02,2024-07-16,2024-07-18,pending
b323afc5-3d95-48d9-b853-f46eb77f1501,58f6a596-c83e-4b48-aa33-2b7bc42f327d,5409.03,2024-07-16,2024-07-22,bounced
b7e3acfd-6f27-4458-8984-98f546b035b7,d959aba7-4d33-4abb-b83b-21583ab5c959,8974.11,2024-07-16,2024-07-22,pending
787b0dea-e72a-435e-b3fc-aed7734532d2,9adcb8ab-ba90-46c7-bd73-5e5ad8c6a28d,9658.21,2024-07-16,2024-07-20,pending
ec62bde8-6f53-4806-a902-5d31b9d9be46,a3dd4114-5cf5-4d9e-8298-6158dec45ca6,8176.31,2024-07-16,2024-07-20,pending
454e4af4-0820-4266-9de8-7eea1da99c57,1898bfc0-e20f-4c29-a8e6-41b1adb3e7e8,113.13,2024-07-16,2024-07-19,pending
e4f83ed3-c92e-4a6c-b861-7fdc8d919f21,94576323-270d-47d1-9b3e-b916a4d5cd0a,7480.42,2024-07-16,2024-07-17,bounced
f691670c-0942-471c-bf1d-e766a48a52ab,16a13500-0aa2-4eb8-a3a7-e795355aee9f,4107.46,2024-07-16,2024-07-19,cleared
a113a63b-06f8-44e4-8cc2-a8862d693eb2,02b77c51-2db3-443f-b484-d07e6b3ff9ba,9322.79,2024-07-16,2024-07-17,bounced
6adb5e8c-bd47-4d22-993d-d6dee22f5afd,5f5b3456-9b49-421c-bbb6-3f4f931382b9,4033.91,2024-07-16,2024-07-18,bounced
d7eb088b-c05d-4eb3-8b5e-e60f2f6677e9,17361414-1e41-4462-9093-ae5a87d462df,5655.02,2024-07-16,2024-07-20,bounced
c95d0a92-aa1b-4efb-9efd-a06cfecc6758,05111f73-caa4-4edd-ab18-a719d147fa91,7071.02,2024-07-16,2024-07-22,bounced
9ee21367-bb09-4309-9a6e-b932ba2e1910,59432cd3-4970-4780-a700-da105a5f8283,6256.97,2024-07-16,2024-07-22,cleared
95ab6f33-5314-4f7b-b966-5286e2cd594c,ec755a88-d03f-42cf-82c3-c90abb68e062,8473.04,2024-07-16,2024-07-18,bounced
414fe9c9-d6d6-424f-ad68-a89987850d2f,b84ba27f-14dc-451f-90ca-b63f06339fdc,3546.43,2024-07-16,2024-07-22,pending
d477310f-f746-438a-9d34-7b45e264ada3,2b5c192d-64b2-4635-a2ac-923e0672368c,2682.36,2024-07-16,2024-07-17,bounced
37338134-5a7f-4c10-b9d0-d0bd82cdfc5b,a6699abd-d52b-4538-ba6d-cfd55439820d,4867.62,2024-07-16,2024-07-19,cleared
526d118a-f723-4ad2-9cbf-4ee09a655993,47edc32a-3819-4dde-8b71-a7d046105928,4739.64,2024-07-16,2024-07-19,pending
07e4bfd5-d51f-416a-a78b-44163bd265d8,3f9ad850-fadc-4568-8b57-4e1351302622,7844.01,2024-07-16,2024-07-19,bounced
e6f4f71f-c439-40e6-b6f5-4603e88f80c6,b222174c-3175-4c8d-90f7-be412889f2ba,2820.47,2024-07-16,2024-07-21,pending
35c3ef02-2e4e-419d-aa40-bbb8e72cd2b3,b521d0d9-6a69-4698-9ed2-11fb38b1bf69,1589.95,2024-07-16,2024-07-21,cleared
53bfccf9-8619-4b8b-b117-f881758bb505,a835d0fb-c0fd-4a64-89f9-425deafa4877,5730.76,2024-07-16,2024-07-18,cleared
ea873f2a-5ce9-498b-b6b9-5701641521e7,985b72b7-eac6-42bf-83ae-ce38add05d4c,4674.6,2024-07-16,2024-07-18,pending
3f7399f0-df10-47a1-b714-834328760fcf,c418e723-bfbb-4804-9661-aa6d129e4ce5,4996.71,2024-07-16,2024-07-20,cleared
24b72d11-371a-4ffa-9f1b-f99bf50a77ce,d156d30d-f9df-468c-af29-33d6883519c9,2961.38,2024-07-16,2024-07-20,cleared
daac5aca-0e5a-43f6-8466-22c9a339b17e,e8d8f92d-78bb-43f8-8350-c777e9ae3969,4245.03,2024-07-16,2024-07-20,pending
70b54e08-b211-474f-9cb8-6822af1dcc64,6a42b931-ea33-4b73-aa2c-e312cbe37d4a,2119.93,2024-07-16,2024-07-21,cleared
e7e0fff3-a1e2-495b-8af5-6b08b2b1a0cb,37fa771b-4369-45b2-9b9c-68016467be7c,3065.57,2024-07-16,2024-07-21,bounced
15b978c5-96e0-49aa-9b98-71c95f2c4ad6,d059deb2-51ac-4875-bbeb-6f836eff35ca,2928.98,2024-07-16,2024-07-21,bounced
cffb9876-546d-459f-b298-a4a5f8ebfe4a,d15daebf-67fd-440b-bdb2-71fea3649784,9605.91,2024-07-16,2024-07-22,pending
cccf7809-dea2-4e49-ab05-2c841b0c70ae,fc34acbb-09ac-4c86-a3ab-f8dd15a92fe9,1296.29,2024-07-16,2024-07-17,cleared
7add0927-71da-471d-812d-a5a34cfb0e9f,cdc8c3de-e853-4dbf-a850-2c209f0bfb82,9518.58,2024-07-16,2024-07-17,pending
015b3b38-048b-4471-be92-1a9602714bf5,135307b1-7380-4ba3-9580-b5a189a7f6b2,2586.46,2024-07-16,2024-07-19,cleared
1365aa74-f52e-4246-8963-48efb853c170,a3dd4114-5cf5-4d9e-8298-6158dec45ca6,6113.88,2024-07-16,2024-07-16,bounced
2939232d-1cb8-4f34-a53c-53e63ec304d8,3aa72a2f-9f41-47c5-8aa4-7687c48fad0f,3396.92,2024-07-16,2024-07-16,pending
42652ca2-c409-49ca-bb1f-1cdecddd205f,16680667-4ace-4120-8bc1-df680ab1bcb5,2675.22,2024-07-16,2024-07-20,bounced
4bca5bee-f0a6-41d7-ac0f-ba03183b46eb,1aca06e4-a980-48af-a548-e0b4175931da,1474.07,2024-07-16,2024-07-21,pending
8c1597e4-fc02-4aef-a77b-31326580c901,d5099b4e-fcbd-4a99-b75c-cc34613d3898,6383.24,2024-07-16,2024-07-16,bounced
516755dc-26ec-4d26-ae00-7df732699edc,55eb26d4-aa3b-4d4c-a778-06c6d4c4464d,297.31,2024-07-16,2024-07-16,cleared
e968185b-f595-4e54-a551-4649c09883f6,f7cc449c-e8b1-4625-bb73-30747c30660b,3647.53,2024-07-16,2024-07-17,bounced
3fa3d25f-03e9-4c30-8763-e4a9f93fca7c,7e3f03ed-12eb-447e-a862-dded9b2b7544,9113.5,2024-07-16,2024-07-17,pending
d4c8cefd-8539-4f22-afc7-adf714a017d0,d9d5c159-ef48-47ec-bc88-56e7933238ba,763.43,2024-07-16,2024-07-16,pending
fc0e14ea-4849-4729-8626-baf25d95ca3b,b7cf3c40-0df0-4a10-8118-05b0789f4a1b,4785.42,2024-07-16,2024-07-19,bounced
2cbd1723-ab00-4f48-890b-ab58660160bc,0fdfc42e-658a-4f3b-9ae8-6712be022475,1040.29,2024-07-16,2024-07-17,bounced
0ba5ee1f-b542-4e58-ba00-9fe5363b1d33,3d312a32-ec4e-408d-8888-1457922c62a3,8202.0,2024-07-16,2024-07-19,pending
3d518b20-6e0f-4fc4-98dc-e1148109e6fe,25917090-e313-40bf-8819-4fc33e7bf9a3,8451.55,2024-07-16,2024-07-20,bounced
f3ce186d-f78e-43a3-a590-541514e691d4,9cf7b423-64da-440e-9517-f8718d424d5d,2523.78,2024-07-16,2024-07-22,cleared
95fc48bc-97c0-4892-a4f5-684297ef39d9,e3e4f913-31a3-443c-b256-929394df59db,1006.25,2024-07-16,2024-07-18,bounced
29eb0abe-50d7-4a6b-8c51-d5f5f96affbb,b52ddbea-e95e-4f60-9419-2b514d6339b7,1509.98,2024-07-16,2024-07-17,pending
93eb6c23-d685-4f2f-b81a-1f68b9b0d177,7ffcfb96-b195-4f65-8338-d8117c26eb4f,4850.33,2024-07-16,2024-07-22,bounced
70a905ae-d991-4d8c-9ab2-e1841beff248,4d500c3d-7ca9-4385-bb13-291ae3f00e0a,8522.96,2024-07-16,2024-07-17,pending
c70b2085-02a5-4543-99b4-15974678544a,f9b2d901-00bc-454f-b6e3-01c323e834c9,4935.46,2024-07-16,2024-07-18,pending
74005a6e-6b3d-4c8d-889b-c12144686e88,6bda2dfd-ef3d-411a-89ee-2facda2a7eb8,6272.34,2024-07-16,2024-07-16,pending
11d871b5-f0a6-445b-b746-2ef0985ca2dc,a8227b61-5f64-4931-820a-d1ab4c8d3e25,9651.12,2024-07-16,2024-07-19,bounced
9eae89a1-49f5-4485-9d51-862261ad78e1,fd9378bf-b8a9-4aa8-b539-246fb54b8d93,3885.24,2024-07-16,2024-07-19,bounced
a8e67a96-e3bf-4448-8683-ee209b68de6e,dc726c2f-d4d3-4fc1-9133-81b5d28d8812,2789.44,2024-07-16,2024-07-21,cleared
3d3af9ca-94d2-46fb-ba19-a7be129c5536,27101f03-200a-49bd-a44e-21c09a4c99b4,3346.0,2024-07-16,2024-07-18,bounced
d28baec3-b0db-4884-b780-8e9ffd2ba2a6,bfe2f84a-18de-4601-ae00-8c61c1c218fb,6127.84,2024-07-16,2024-07-20,pending
0f2563d3-ba50-409c-9562-434deaa8d3af,aabe8f75-6a80-4fad-b2b4-791726a4d096,9443.52,2024-07-16,2024-07-20,bounced
8040c1d2-17f1-463e-8ee9-cc1af52cfed9,9c7224aa-50aa-4a19-8fe3-1206aa84aa8a,6150.24,2024-07-16,2024-07-20,cleared
2da11c1d-75f4-4bc6-85c8-796c5ed84f92,0deb4ac1-cba1-49a6-876f-581b52339763,1370.0,2024-07-16,2024-07-19,cleared
33216f65-0702-4673-95ae-0e24d353f3df,842fcbbf-3cb9-44ea-9fa6-5735aa0b70f8,115.29,2024-07-16,2024-07-16,cleared
7b066362-058c-468f-b42c-488a74f811d0,3ab8cd28-3bab-42a7-af65-2d05788b2f93,2820.92,2024-07-16,2024-07-20,cleared
53b17cb8-3ce9-4641-b33a-7c4d5e132000,25094e48-dda9-4e39-9892-d0676c6f19c5,5387.8,2024-07-16,2024-07-18,cleared
a0e321cf-99e2-4b94-a769-eac454d17157,6cd7eff8-609c-41a2-b3ec-8a7598bd632b,3119.95,2024-07-16,2024-07-18,pending
5072f1d5-0d35-4146-a899-c3a55edd6c31,aa10a007-23e0-4399-8892-05aa1315603a,3702.2,2024-07-16,2024-07-16,cleared
cb0a91dc-07c5-4f0a-b70c-83e68693cf92,da073add-1d3f-4874-9a63-803def9a06a2,7375.97,2024-07-16,2024-07-16,cleared
355a991f-a13d-4cf0-802e-eb73cc75c729,41bd171c-142b-4d6a-88a6-95b3a840e109,4180.07,2024-07-16,2024-07-19,bounced
8c1ac788-e93b-477c-8f06-39e4a61ab138,ce2d69d1-efea-49d0-a8b1-30e49f5dde80,1351.07,2024-07-16,2024-07-16,cleared
df093cd5-8152-4d84-9101-41eb84e3b1e6,014f2b04-b4ee-49ba-897b-45b20a0726db,2080.76,2024-07-16,2024-07-18,bounced
815cabf3-5376-4a77-ab17-cb03cd2737e9,452e2715-508a-4555-8224-58c12a232610,6937.74,2024-07-16,2024-07-20,pending
3095de89-0e8e-4869-b3ae-02ed70ad9498,f10ce116-f388-4bb4-9445-3cf335b5c8cb,2781.56,2024-07-16,2024-07-22,bounced
387b2e2a-9330-4ade-9c5d-8aaa32597027,43caeca6-98a0-43b3-8829-808ef499ceec,3093.33,2024-07-16,2024-07-21,bounced
1056d3f1-116c-4bdb-8410-be79b4ec6faf,4cde8996-5cd1-48e4-a3c8-8cc3924772d2,3991.2,2024-07-16,2024-07-22,cleared
28447023-2fdf-4af8-b9d0-1e6794fc92cc,ec5da2a7-1ade-4d44-908c-adbb5d9402a5,6596.24,2024-07-16,2024-07-18,bounced
1c698c4d-3226-4474-b1fa-cd57cfc07443,6a5f009e-0bf8-4616-bd06-4a26d0f1ab7d,581.87,2024-07-16,2024-07-21,bounced
35bceef9-55e5-45c9-86f0-da7f3c6b1dc7,62fbf019-79fa-4b1c-8175-25dfd5d0433d,4691.78,2024-07-16,2024-07-17,pending
a6579016-3aee-43b4-a0e5-06f816aad505,60a57252-3ebe-44fe-9e77-f39543fb053d,2811.69,2024-07-16,2024-07-21,bounced
5e8e3a77-33d8-49a3-9f61-353dab63e77e,65b024a6-7336-4723-87af-4ccaf02cfdaa,815.09,2024-07-16,2024-07-16,bounced
44414f6a-a76a-4501-a287-66fa1ebc1475,e9564df7-914d-447a-80ad-46df6ad9b1b6,9242.45,2024-07-16,2024-07-21,bounced
4fbeac02-b21b-4f52-9226-615f4aa7a814,746923cc-f63b-4e7d-b0f2-52884689d93a,6726.37,2024-07-16,2024-07-18,pending
a5feb1ca-ac0a-4577-a798-f73a95b36ded,7e59adf8-3888-4059-b2db-49f0faab777e,3321.68,2024-07-16,2024-07-22,pending
6497c0cb-1f5a-4c0b-a862-c8a9c8be5fe1,8cba7a69-c4b0-464f-a15c-0e1e8dbf0c52,8971.13,2024-07-16,2024-07-19,cleared
51ca44c0-04dc-45e5-9023-a60fcf25cd7b,94576323-270d-47d1-9b3e-b916a4d5cd0a,5591.13,2024-07-16,2024-07-16,cleared
dc490c9c-cc8c-4861-aaf5-dd9e1b9b9a85,615d9e91-e15f-4472-b7e3-6680b6c84120,7196.6,2024-07-16,2024-07-21,pending
b2d6c443-d835-4cff-b632-6399097d7da9,72bd832d-6910-4e6b-b6d0-122e5399405d,8951.88,2024-07-16,2024-07-18,pending
4f63abf6-6f82-4d83-abdb-2f712346ffac,353269a1-59a4-4618-a479-6dbaa51928f1,5417.13,2024-07-16,2024-07-19,cleared
4c24bc46-59e1-4ebd-b1a0-055ccae7dca8,a8227b61-5f64-4931-820a-d1ab4c8d3e25,8836.36,2024-07-16,2024-07-18,bounced
7aac2e8f-d79d-45d5-bcfc-6fb5938986f2,12ddee35-803c-4fc8-8601-4665af7ee965,3105.31,2024-07-16,2024-07-18,bounced
5487b779-9d2a-44a5-978c-c5823f342207,46f0ba13-0613-43de-88eb-58c38eebc047,4575.96,2024-07-16,2024-07-17,bounced
8d2312e0-edc9-4375-8504-0b5cce5f5ec9,6135a5f1-913b-4983-8394-80529cd4b2fe,7539.56,2024-07-16,2024-07-16,cleared
f9bd812b-7e6f-4e22-84c6-7e10b68a4c82,f110f688-0d16-4e6b-8c75-3a8a5038c0f3,4191.14,2024-07-16,2024-07-16,bounced
d917d66a-e055-4be8-9e21-da96894f9541,10da3127-ae96-4bac-92ee-af58a7bbb28c,3958.83,2024-07-16,2024-07-17,cleared
a2ce2632-0009-470c-aecd-f3116ca0e8b8,894cdd2b-33f6-4743-bebe-fbc786b90f14,8416.65,2024-07-16,2024-07-16,bounced
ca4e9600-40fb-4f05-a7b0-4e4918eed9ff,d2df9c5f-dd40-4195-9960-21f53067ecc0,5357.19,2024-07-16,2024-07-19,cleared
49f20add-36a5-4a9f-88fe-d509d6a9efff,269a0483-f7ee-4d70-8150-77ff63b11f01,4213.33,2024-07-16,2024-07-17,pending
8879463b-cce1-4ea7-afc7-3996dfaef787,41793a03-2d0c-4db9-bc63-14a58603045b,3239.57,2024-07-16,2024-07-17,pending
9d2ce628-9a43-4e4a-b286-64cd58e6fa87,6f5aa376-4662-4986-afe4-cc866ad53ad3,8077.91,2024-07-16,2024-07-20,bounced
0a629880-d2cb-457d-9ac7-72c95a1783f7,7ed8c3e8-e3ce-49fe-bb25-551f98b77415,3883.4,2024-07-16,2024-07-16,cleared
827750c2-8492-4fd1-8231-18b36d136332,383dd90f-8f72-46ff-952f-38e91396fa8c,4702.39,2024-07-16,2024-07-16,cleared
a0739aaa-d3b7-425e-80ff-b5320e419945,df9d6909-5ca3-4c4a-ac76-202fe8ae39bb,1824.63,2024-07-16,2024-07-22,bounced
dc0a186b-a283-4b60-9d2a-a773177da2c4,adfa1798-d644-4385-b583-16a8e92696a7,5983.13,2024-07-16,2024-07-18,bounced
6248f319-ad6e-4773-a6a2-449567c75867,4d477c7e-8268-4493-9fc5-fc8506b2f0ef,4804.2,2024-07-16,2024-07-17,bounced
97385cb4-8535-4b80-aa50-0f504f11fc55,e69de129-e8b4-4694-8cb9-b68cc1d2b8b6,8050.15,2024-07-16,2024-07-21,cleared
baeaffb4-cd8e-42b7-9dae-1931f046849f,fe0f7873-6796-4cb2-847a-eb22755db888,825.05,2024-07-16,2024-07-18,bounced
33cd6d23-61e4-4622-95f1-d17c732d9e6b,e29ef6f3-7ede-4b69-ad67-188e89d9a2bd,8869.23,2024-07-16,2024-07-17,cleared
f873558b-b974-41c4-a2ce-f6bbb93eafc0,2d531626-7e0f-45e3-a83e-17756d62bff3,4740.78,2024-07-16,2024-07-17,bounced
b247de9f-9e50-45de-ad37-a70e2c804ce1,25917090-e313-40bf-8819-4fc33e7bf9a3,1862.04,2024-07-16,2024-07-17,bounced
bec64a05-e176-4aec-afb5-5548acfff473,ede530ae-dc6d-4425-b65f-0b37b6869b94,4371.66,2024-07-16,2024-07-21,bounced
e4fdfd1a-5e7e-494b-b3f2-22451c44eceb,c8892c9f-44d9-4334-b303-2d30a9665a6e,2908.03,2024-07-16,2024-07-17,pending
84fc373f-d269-4ffb-8637-f2e431ed88b6,cdb4ed57-1b40-438b-9e9b-83b86e0490b1,1215.34,2024-07-16,2024-07-21,pending
6ce7b905-42af-4ea6-b57d-a83c2ecbf104,bd6c95d7-1beb-411a-928f-6b41f99cbad3,9145.6,2024-07-16,2024-07-17,cleared
1af7cf39-25ff-4aa2-9c83-e2147b43ac10,ba1cc716-facf-4845-a24e-9c0a06f60859,5519.38,2024-07-16,2024-07-22,bounced
703f608b-d42c-4521-b158-445c60c6b744,adfa1798-d644-4385-b583-16a8e92696a7,2882.5,2024-07-16,2024-07-16,cleared
75f9cfd6-fe11-41eb-b47f-4d671de9fd5b,4cde8996-5cd1-48e4-a3c8-8cc3924772d2,5721.17,2024-07-16,2024-07-16,bounced
db25a550-f5a4-41f9-b73c-9af3c435f072,ed19af58-fa01-4638-ba2c-f2d0f9ecf5ee,5757.87,2024-07-16,2024-07-21,bounced
0d49c073-9915-459e-9e81-d4784fec02c8,cdb4ed57-1b40-438b-9e9b-83b86e0490b1,6903.66,2024-07-16,2024-07-16,pending
d8484041-9c27-4fbc-b536-9375a0f76974,7dbc493f-4dfe-4e99-8a44-7770abffd014,7301.1,2024-07-16,2024-07-18,cleared
faac6e06-c32b-4d53-90f7-43166a42aceb,af97907c-fc95-41c0-8bb6-2b67bc22ed74,7639.13,2024-07-16,2024-07-18,cleared
3510804f-5202-4982-bd9a-be11a15db53e,134d2ef0-43d3-4467-b7f7-0e5876b4877e,2999.52,2024-07-16,2024-07-19,pending
c4dbe53b-e2a9-4990-844d-46752bc208f4,56c85bc9-9dac-41de-85cf-f4ca2ea568d1,5398.97,2024-07-16,2024-07-21,cleared
871c6c2c-ae42-40a0-ab8e-0c7c5a337e1a,9a2a13e3-7919-44f1-8c5b-53e91001ddf1,9823.89,2024-07-16,2024-07-22,pending
20f645ce-ace8-4bba-8b3f-05e53eeba6ee,2e8d1be1-feda-47af-a921-7e15661dbc1d,5980.47,2024-07-16,2024-07-17,bounced
8a13b582-97d6-458b-8959-79d0dc879dd2,ecf18094-30ae-4e20-a779-9c414c54776e,5026.7,2024-07-16,2024-07-21,bounced
38813857-b6a8-4e40-a63f-571b607270dd,8b406881-9edc-428a-b212-caa1a0e56efe,6451.04,2024-07-16,2024-07-19,cleared
94064a22-19cf-4605-88c0-1ba2902cfcb6,d942988d-d594-446e-9466-fd6020141f94,6739.96,2024-07-16,2024-07-16,bounced
b6e16b75-7fbd-4657-b238-4fd242a294ad,f90fbc11-342f-4ee4-a259-06d16edfd830,4291.33,2024-07-16,2024-07-16,cleared
ea4d2c61-4176-4d1f-a8c7-6b12230f4293,c70e94b1-451f-40eb-93bb-26ed04ef5b97,6560.62,2024-07-16,2024-07-17,bounced
01f3e890-dcb7-419e-8422-b46876726737,3f05f167-5fdb-4a92-90a9-6de1c13056eb,4287.92,2024-07-16,2024-07-16,cleared
f17dcf50-3aaf-454d-b946-c9eaefe550e2,37fa771b-4369-45b2-9b9c-68016467be7c,7600.73,2024-07-16,2024-07-16,bounced
b8c7ab6d-2531-480f-b0b8-ff598c98826b,62498ca4-d6b5-4350-97b7-67b47ebc54e4,9217.02,2024-07-16,2024-07-19,pending
7fc56bea-bf25-41e1-ba33-6405e31e0b0d,ffcc8424-9503-4867-bfed-18e6e8004afe,3186.12,2024-07-16,2024-07-21,cleared
3caaa3cf-42e3-4012-81d4-b50a424db2e1,55ad6af4-d5dc-4b80-941c-d1aa966389a9,7245.66,2024-07-16,2024-07-19,pending
20299b4d-1931-4018-9145-444877bf7439,a132d8cb-f54a-48ab-ae05-c9a1f9bbb2cc,8915.67,2024-07-16,2024-07-16,pending
d99f0491-1645-49ce-a416-dd0d64c84e58,f2188d64-ab26-4377-9e4c-28ae9ceca54a,9835.18,2024-07-16,2024-07-18,cleared
bdeb6638-0649-44c5-b92d-4d3a5d0ba251,35834b13-25ff-4530-8b93-48ec5877685e,8272.68,2024-07-16,2024-07-20,cleared
86a1a329-7059-4387-993d-ffbaf5f025f2,e5e9496e-42e5-4af7-b77a-2cbe827a98e8,3451.28,2024-07-16,2024-07-18,cleared
35aa5414-a0bd-4478-bfec-b45e70c1a3e4,0d978c12-9df6-4ca9-92ce-7d10d56d894b,2176.92,2024-07-16,2024-07-16,cleared
348ffa07-cdb3-4076-8149-6fa36585ec07,a43971ad-ba4b-4c57-a751-fa67acb8e4f3,3524.68,2024-07-16,2024-07-21,pending
d99e6732-c03f-403a-b37a-06c93ddce053,e5ec4be8-64cb-404e-95e9-33ce76e00d54,5701.0,2024-07-16,2024-07-19,pending
20e51a90-6a0c-4d61-a2f2-2431bd809818,f3a28d51-19bf-44d9-adc5-11e41ead8fc1,946.76,2024-07-16,2024-07-22,cleared
c37e3df3-079a-48a7-a422-9801f41a75be,e20e510d-593f-42a7-8310-883bb3a32259,1600.04,2024-07-16,2024-07-20,pending
d1b52f99-da6a-4f73-9f9c-50a5c172bb51,793310e9-313f-43d1-8990-f977e3b2d419,6336.08,2024-07-16,2024-07-20,bounced
7aa2073d-3f6f-4364-b1d1-47958f1bb1f3,6306668b-7639-4adf-a6c0-cf7d0f3c2f93,1454.48,2024-07-16,2024-07-19,cleared
93060f76-b3b1-44da-9e71-3a050d0eab06,c490f78d-00ba-4b43-815f-a8748f3f63cd,430.23,2024-07-16,2024-07-16,pending
9df566ad-fb32-4a59-967a-6c17450e855b,429ab278-263c-44f8-b650-e7f0a1475104,7612.49,2024-07-16,2024-07-19,bounced
39c3ea9d-2e94-4cfe-8ca5-eda2b2acf290,d1a218cb-8736-4578-9291-64c705f9944e,3759.91,2024-07-16,2024-07-17,bounced
da6b8024-3d06-4877-a21f-d2b01771bfd3,63e2649b-6ddf-40da-b6f0-ae5cc820ab09,1365.7,2024-07-16,2024-07-22,pending
ddd2d07e-a005-412e-833e-d8467804e1d4,a3f31186-b862-4422-8727-fb73bd359c84,3795.62,2024-07-16,2024-07-20,pending
06cd2ee5-d29f-4e2b-b601-23e7d244ba01,8089bffb-0587-44e0-99b9-171c67d3b5f9,8557.71,2024-07-16,2024-07-20,pending
323f2449-4c2d-42a3-8a19-b034910f5776,4d500c3d-7ca9-4385-bb13-291ae3f00e0a,1293.15,2024-07-16,2024-07-21,bounced
a8469bfb-4afb-447c-a280-e62f4af1c3b5,5eaa9bc0-0d5f-40de-a3b5-dd83770103ef,1485.66,2024-07-16,2024-07-19,cleared
f017c541-a030-44bc-a48c-88d48cc06684,7d823d7a-91b6-4f01-a461-021fd1933bcd,2485.63,2024-07-16,2024-07-22,bounced
15f83cb8-fe8e-4552-91e8-465a8ae5e658,7728744c-7b7a-4958-8316-4d863df31f2c,5140.74,2024-07-16,2024-07-16,pending
65830799-09e8-4a55-ae96-31afa7766372,a4daea85-12a3-4da7-ba51-8fde8842ebb3,3670.14,2024-07-16,2024-07-21,bounced
e56d5e8f-5867-40e3-90e8-ac1e5e2ca24b,f4823e96-780a-4e92-8587-6e7b1cc782aa,1175.98,2024-07-16,2024-07-17,bounced
d5614ed8-9836-4208-93f1-8c5ee9bb6693,b636d0a0-07c9-4d84-9232-4e0b3c21a4eb,5644.05,2024-07-16,2024-07-20,bounced
bb68cb10-c849-4a57-89d1-6bc566e46701,bcb5fb8d-bb3d-433b-be5f-69e84e40bbd5,7628.1,2024-07-16,2024-07-17,bounced
afdade68-f635-40b9-8dfe-0c776b6f5b72,2fdfaecc-7547-44c0-9d2b-d76a98ce4b2f,5004.37,2024-07-16,2024-07-17,bounced
e22b3a4a-1aaf-4855-91d3-7c4bedbf9fe2,590e64da-8f95-4672-acca-3680351a56e7,9759.04,2024-07-16,2024-07-19,cleared
655c7924-d08c-4390-83e7-4f76532e55bb,2da582f7-8660-45d0-a82e-ece9b77a3ac1,7756.71,2024-07-16,2024-07-17,pending
495f03cf-8a82-422e-9b88-c12581dc79f1,2c085c0d-9620-4ada-800b-22c5983f80d3,5394.82,2024-07-16,2024-07-17,cleared
fa6d7d87-b29f-404f-a9e3-5197893d9774,4d48ca88-5386-45bb-b667-13d2f10c6485,1103.37,2024-07-16,2024-07-16,cleared
53265863-4756-42d2-a5fc-b00b966a30b4,659f8eab-2820-4b6a-ae9e-0e4c43e79b7e,8149.71,2024-07-16,2024-07-16,bounced
dc11507f-f548-48ed-8daf-a1da85a2b390,5438befc-fa7a-493d-ae03-dc7279fd54c7,7417.95,2024-07-16,2024-07-17,pending
b41c36fa-d2f5-4385-be72-02c237470ddc,c374780c-b435-4cbf-aa62-6d76344a4660,8423.02,2024-07-16,2024-07-19,pending
535a5bd1-1226-4a79-a738-7f3a236c6e0b,bfeedb1c-04eb-4546-b8a4-3b0ca045391c,1349.73,2024-07-16,2024-07-19,bounced
7adfb4b8-652f-474c-aa43-77c8eaa18112,ce2d69d1-efea-49d0-a8b1-30e49f5dde80,5643.37,2024-07-16,2024-07-22,cleared
8703fd1c-6769-4994-bb21-68077f8df411,41bd171c-142b-4d6a-88a6-95b3a840e109,6268.65,2024-07-16,2024-07-19,pending
fdf6fc2c-f8e8-4d06-90e8-89416ac8dc80,d23f472b-46c3-429c-b43a-5cdb59feaefe,8994.01,2024-07-16,2024-07-22,pending
733c1360-f4e4-4b6e-a45b-2210e660ab4c,ce36bac0-cd2c-42b8-8c7f-e295867a48da,689.31,2024-07-16,2024-07-16,bounced
2f462b9f-166d-4fbb-8e69-a8d28bed9ec6,45d51977-ef6c-4726-bed1-bc75654784fe,9475.81,2024-07-16,2024-07-19,bounced
b4799641-807f-441d-938e-920de589fa71,632efca1-78df-41b8-b09a-a30084b54c95,8117.69,2024-07-16,2024-07-16,pending
d3caa588-8c2a-4675-be47-6a9ddb87beb5,aad620ef-e70d-4f1a-b589-9a5bb93cbc7a,2476.96,2024-07-16,2024-07-17,cleared
a1695240-b3e7-423d-8fee-2e6a90b58f1e,88388cc2-34d8-4064-8945-f57d6c387519,8759.85,2024-07-16,2024-07-22,pending
21cfcd16-6248-48e8-84ed-88daa3ca0bbc,2b3c3f8c-d4f5-41ed-b037-8baec38f181f,4262.79,2024-07-16,2024-07-18,pending
2666665e-e6f6-4915-94e7-884aa51ba3c7,b58e58bd-88a9-40d1-a9c3-cb3e48c4718f,1585.6,2024-07-16,2024-07-18,pending
7900e70f-8315-41d3-92f6-5e5151c32ee9,87c53660-01f3-4bdd-8c54-c68b61917c3f,8543.48,2024-07-16,2024-07-20,cleared
88f5fec8-f5cc-4d8d-8bff-5a1f484510ad,99bc17ae-6d5a-49a4-940a-9ad2a425c824,8967.33,2024-07-16,2024-07-20,bounced
7c98768a-8b7b-45ad-8ef3-7569188dac7e,26d39f16-d796-4090-892d-71abd4c6eade,3266.32,2024-07-16,2024-07-17,cleared
8be6f600-4f91-4645-949b-b82f19970194,eba9bbe2-dbd1-4515-8d7b-126765799d10,1534.89,2024-07-16,2024-07-19,bounced
e37f279a-0e2e-41be-9e21-1ac7f00e845c,0b68bc58-dd73-4956-b8f7-7f2b081f05ec,1464.04,2024-07-16,2024-07-16,cleared
9c948ca8-1491-4ead-9fa4-16879a36cbcd,d2194379-2ef1-421e-81d6-eb394629820b,4617.46,2024-07-16,2024-07-16,pending
77c2f84e-4124-40a8-a798-1f89d1320cd5,16198305-4e0b-4441-99c4-639ecd2ddd56,1114.1,2024-07-16,2024-07-21,bounced
bec70ae4-54d5-4ee1-a054-fa499dc5b337,80aa3d9c-4c6a-4f14-8155-93c9e4450a43,492.71,2024-07-16,2024-07-19,bounced
d0ba88e3-26d3-41a0-bba9-3249634d6708,8d34b353-0ef2-43a4-adb7-f48a36b69d3a,1469.91,2024-07-16,2024-07-19,bounced
fc4ea3d5-34d0-4672-af82-7921be0a2d91,f1b00f40-859e-487b-a818-5435779c36af,2405.11,2024-07-16,2024-07-20,cleared
1126d9bc-28f9-4a76-bffb-780fd64cb9ce,392f113d-168b-417c-8a84-d906cd0a2542,1364.11,2024-07-16,2024-07-22,cleared
47361843-73e9-4b26-851f-3a872aa62511,b3d35ad8-1ac0-4b26-a5c8-f14a6d174af1,2823.01,2024-07-16,2024-07-20,pending
3bff6cc6-0e4f-4a1e-9212-97a3ef0a3d8b,a79e196a-06b9-4b30-b12f-cef2335a5ac3,5899.17,2024-07-16,2024-07-19,cleared
8bfa696b-6645-4822-a6fb-25c8c2e19047,958eb87f-3932-43d9-8393-5b8031720cea,4011.39,2024-07-16,2024-07-18,pending
af6a9ae8-e8f4-4ad2-a543-ed6cb56ec37f,41772e1b-e18d-4a35-8006-d547e027e107,492.34,2024-07-16,2024-07-19,pending
e66b81f7-a9b2-483b-a6bb-31abed41cf31,d8f4b565-7673-4f8c-a529-96cd39bd7447,5950.45,2024-07-16,2024-07-22,pending
e75bcc9a-d1cf-4417-9b90-c97d4975b0de,6a5f009e-0bf8-4616-bd06-4a26d0f1ab7d,7175.11,2024-07-16,2024-07-17,pending
e1926763-eaeb-4eac-940c-d6d817af8816,df0c0068-8bba-4bc2-8317-dd7fb871738d,9500.3,2024-07-16,2024-07-19,cleared
b93a42d9-b384-4818-86dd-8e33f63de69d,d84be352-2131-42ec-b7db-1deb18e607c4,9104.02,2024-07-16,2024-07-21,pending
b5ee5f9f-b6e2-4a4e-8a8a-cc5eeb011f6a,036a17b9-be6f-4415-b189-0461854875aa,9774.81,2024-07-16,2024-07-18,bounced
960c88e6-a9b8-4508-8529-ac30e6da3f62,e24f3ed4-dce9-4f1f-aab1-6852906b2076,2401.5,2024-07-16,2024-07-21,pending
4d7a895e-028e-4492-bffb-86a53c0b202d,004e71c2-d76e-4960-947f-979f52438a8c,2261.99,2024-07-16,2024-07-17,cleared
5b6269f2-803c-47ed-b304-ce9b836192fe,49b8716f-4a24-4395-a6c3-d348ca013770,4003.94,2024-07-16,2024-07-17,cleared
2dcad20e-d9ca-44ac-8fa1-560991a452b9,f5112b3d-f908-4889-95c6-46a9d7d7add8,9658.24,2024-07-16,2024-07-19,pending
9bb3d2d2-d13d-4423-a2dd-0af9edf1509f,f422c039-040f-4bce-a380-4bcbad41d15d,2532.88,2024-07-16,2024-07-17,bounced
1634693f-6fd4-4a4b-b099-17d18de6c7d1,a6b30c21-7090-4806-a549-520d1ac4415e,2117.15,2024-07-16,2024-07-19,bounced
2f3287d2-bbb6-499c-841e-3bf36dd23e3e,bf18086e-eaf5-4367-acc9-2e1e784f010b,5826.73,2024-07-16,2024-07-18,cleared
0a6b9f54-a692-4012-beb6-4c6b429d1f06,d7c3e279-c32c-4db5-8696-80ca185b6566,1171.35,2024-07-16,2024-07-16,bounced
6f0abdb0-6b87-4dab-964d-f6c607c1d235,e4af20a9-24bc-4826-a3f4-48d3e59394c8,2807.23,2024-07-16,2024-07-22,pending
a8b7e3ee-eb45-4c57-ac23-577614fa5101,e417e752-ff1b-4904-83ff-97101435b41c,9897.43,2024-07-16,2024-07-16,bounced
4754bee4-52e3-453d-9614-b3d68f6b3da5,9bba968a-7dfe-4f9b-9598-460ec43c6c73,5307.43,2024-07-16,2024-07-18,pending
cbffd1ae-9568-4c8c-bb32-dab4c88bb039,3de66b4d-3c89-41ba-bb57-37a7063d0899,9522.88,2024-07-16,2024-07-20,bounced
7c96ec83-ff6d-483f-892f-89f2762a728b,4579c170-3ad6-43c9-8738-a59783738c5d,7664.43,2024-07-16,2024-07-18,cleared
8b1396c5-c337-464a-a9e3-86912b4a329d,c854c513-6b3f-4ac0-a774-f4ae745f441d,916.43,2024-07-16,2024-07-18,pending
ee80f09d-ebbd-499d-8453-054b0446c19a,88e84e2d-56c9-414e-ab2c-9dd9a8411973,6912.18,2024-07-16,2024-07-18,cleared
c58609e1-2a82-443e-b1de-fce6949889a2,bfeedb1c-04eb-4546-b8a4-3b0ca045391c,3006.79,2024-07-16,2024-07-22,cleared
176b88f6-713f-4667-9f35-3fbc077a3af7,dbeff36b-9dcc-45eb-b310-2d9731fc4205,8723.93,2024-07-16,2024-07-22,bounced
ec8641cf-7156-45bb-a391-53615c597dd1,1997e0e9-b4ce-4545-8645-713729137200,9818.08,2024-07-16,2024-07-22,bounced
cd5442ef-9514-44da-8bfe-ef11b5d734b1,bc61379c-81e0-4421-ad2f-fc9938b54a25,4632.43,2024-07-16,2024-07-17,pending
870b0d80-ed9c-4179-b379-964ec5a087fc,6bda2dfd-ef3d-411a-89ee-2facda2a7eb8,7673.97,2024-07-16,2024-07-22,bounced
ee5213b3-45f1-4d64-b543-b4e866afe89d,c2276eef-9deb-4ab5-88cc-5b9fc927f800,6694.2,2024-07-16,2024-07-18,pending
3776113b-4723-45ab-9097-f55886f5432c,fd9378bf-b8a9-4aa8-b539-246fb54b8d93,8456.22,2024-07-16,2024-07-20,bounced
fe6363ae-7ce7-41e5-9c0d-46eeaf55c1ee,77153628-2504-402d-b576-49f095202d93,5378.72,2024-07-16,2024-07-17,bounced
67cd0f14-a089-4fe9-9e03-6b77c073e384,b19ff940-f655-45f4-b771-ca2d4dba0d7b,3256.11,2024-07-16,2024-07-21,cleared
6cd68110-bb4a-4372-ab13-6f09e14b36ab,0b8ce95c-661f-4b65-9f69-4eaffd6af31c,6818.99,2024-07-16,2024-07-22,cleared
2dd23b82-71a7-468e-8379-10e472b28f0a,819b7370-0f22-478b-9c0d-151d870361d2,4665.16,2024-07-16,2024-07-17,pending
52f453fb-ad77-430e-ba58-00ea4b05ef77,353269a1-59a4-4618-a479-6dbaa51928f1,1117.58,2024-07-16,2024-07-21,cleared
c07a636f-049c-4f7a-82a3-5860a352cc32,d033a0b8-72cb-4457-b6c6-3c9a022f9538,5732.88,2024-07-16,2024-07-17,pending
591df4e3-febb-4bd0-858a-3d5b9f383559,9946da06-9a92-4aa8-a991-e8c869bc59be,4749.31,2024-07-16,2024-07-17,pending
41a2886e-59cb-4cc9-a4ae-373e519ba25d,9222c75b-2bdd-4be0-804f-7bd92ed06a94,4803.57,2024-07-16,2024-07-22,bounced
8a52273b-dedc-457c-940b-55e23528eda6,2aad18c1-51e2-4c24-b7d3-67602711f90f,2046.53,2024-07-16,2024-07-17,pending
58880675-b532-4dd3-8b93-9243e0458951,76159008-10d5-4f5b-8c5d-cc62bfbc39a8,1306.02,2024-07-16,2024-07-22,pending
6a0f5f94-9c0a-4a4f-88c3-79df45f20c7a,38f62ae3-04b3-4cac-b39b-5b9eeb2aa3ab,3214.74,2024-07-16,2024-07-19,bounced
e8aa643f-468f-44f4-8a4b-3a2d77cfb4a6,cc12042c-8f7a-4240-a246-d12e39684e0c,9592.64,2024-07-16,2024-07-22,pending
26068a72-9f41-420e-b448-f8508988b614,0cd1f0fc-29cb-4170-836f-61ec32e9c093,2172.76,2024-07-16,2024-07-17,pending
4eae3d6a-9422-4236-b231-e9e8f6015fd6,baaaa085-41d5-46be-8461-651ffcfba304,6208.99,2024-07-16,2024-07-18,pending
d0acad72-f697-4fd4-b33f-4801df9f6e81,ef77db72-04dc-45f5-ab1f-8a1af01517b0,4928.87,2024-07-16,2024-07-16,cleared
27e00b53-9d45-4575-8394-80df6a1c71ad,daab8cf6-72ad-4253-9865-3e7e2c23cbd7,1979.5,2024-07-16,2024-07-22,cleared
4a99d2b4-c245-4c15-8ed0-0e96d7536875,ff48bcdc-0069-453a-a95a-03d7023c4e8f,2772.59,2024-07-16,2024-07-20,bounced
f0298fbf-5b61-451d-aabf-0275a9000522,9fd465c5-ea50-43de-9121-1a8541e272c9,6179.8,2024-07-16,2024-07-16,bounced
ab5e972e-2405-4437-9f19-527b2f059294,86434bcc-3e5d-4b68-98e2-3d15151371b4,6131.37,2024-07-16,2024-07-21,cleared
f2c52963-c368-4ff3-9e5d-dae04e40c472,167f1e2b-2748-4bcb-898e-b05e401b5779,3356.51,2024-07-16,2024-07-17,cleared
