deposit_id,customer_id,amount,interest_rate,start_date,maturity_date
b484c625-7996-4d67-9a18-c702008fec5b,655436ba-29ca-43ee-b541-a3340dc9e984,30751.95,4.46,2024-07-16,2024-12-20
1209b8d1-b37c-482b-9d62-6f118eae32f6,0eac75f2-e259-468b-917e-f56a4a1da8ba,55702.68,5.63,2024-07-16,2024-08-31
719108e1-11a7-4516-add5-08978cbd6606,ee26a58f-9ea8-4bd5-bd6f-99bde36a96f3,43492.85,7.46,2024-07-16,2025-02-01
7d3b179e-0228-4b7b-bb91-191918b8bb06,4304748e-0b46-4c86-934e-9603d501a88f,94916.92,4.49,2024-07-16,2024-10-29
c3975c62-b0ed-453c-a428-f4ae3d8870c7,7712f1fb-b7ef-42f2-96b9-61a882cd6674,45080.51,2.76,2024-07-16,2024-10-13
4a8ae7b2-3d01-4568-951b-993add1a8327,b6d2933c-dd58-4f1a-862a-f6a12410e62e,47971.5,7.44,2024-07-16,2025-05-29
67a8a529-2742-4e09-bd0e-2be946290ad9,4bba37c5-5be7-4227-b4f6-e4a4a4a2e68f,15584.93,3.08,2024-07-16,2025-06-13
2df9011f-ca88-42a6-995d-d546b49e987c,4b3601bd-e405-4392-a368-96f75425d3f6,7448.51,1.36,2024-07-16,2024-07-21
07591777-d2ee-4c4e-9b48-af55c11fcde7,c9bece04-3614-499f-ac45-024743d76b4f,39342.62,4.51,2024-07-16,2024-10-05
3b81684c-e192-4acb-b41f-4d064072227a,9e835fe9-59fd-4453-8136-5ec37e38a100,96112.13,5.68,2024-07-16,2025-02-03
59ba302b-1e9f-4b93-96e7-d8906aa19a5a,87c9e385-d3b3-47d5-8268-c52d302e5161,44163.8,2.52,2024-07-16,2024-07-27
f8045d6d-c836-4735-a713-09592730bd37,320670b0-272d-4b67-8a91-4d4c61e59639,5048.49,9.41,2024-07-16,2025-04-09
6e250211-c563-4c1e-8be2-3bf1971558ef,132e95ca-6823-4774-9982-e8493bacbfab,98928.14,2.65,2024-07-16,2025-07-03
8e592db0-992b-4ce9-a58c-4e4c7936799a,14e0e302-64f9-4fa0-884f-4095c3a71565,58489.98,5.05,2024-07-16,2025-02-07
2301085f-060b-4281-96e7-f639cf199e4a,85e1fe88-c2ed-49fe-bfa3-80c9468708e8,72290.8,5.83,2024-07-16,2024-12-24
6d91201c-cabc-4e7b-ac37-2942da9cc7c9,0dbbd9f9-7946-4460-9ebb-f0465f35e4f8,17904.13,7.54,2024-07-16,2025-03-13
f75b5024-e052-4aac-963d-d95a41e7bec3,af94bb24-01cd-44a2-ada4-565dc69b7abf,47172.52,9.47,2024-07-16,2024-08-05
ac1391be-06ba-404a-a5ea-6aa3461c6204,8874b5a5-c020-4fbf-b07b-d7cfb2330846,27844.61,6.96,2024-07-16,2024-12-31
01618721-8401-4319-9c2d-e547f610b881,15728de3-4df7-446a-a3c5-a08c554f1f0d,76261.47,5.97,2024-07-16,2025-05-29
2eff5cb1-7e03-4f4b-8eb6-7b61fc4df54a,ad7dfdfd-9031-45b5-8b9f-5ed7bc534bb7,86517.5,4.47,2024-07-16,2024-10-06
bee906cd-6f5e-41d8-8c44-964f218b3b7f,55ad27a4-6f09-448d-9a4c-953e10988fa2,60888.36,5.02,2024-07-16,2024-10-07
7de24f66-b640-4629-98e4-39900cf8a2fa,8de7655f-ca57-4c3d-9408-dff5c946b92b,30103.88,8.37,2024-07-16,2025-01-09
eeaaf891-a3a7-4298-8313-1c9bbb48924a,e50ae9bf-b370-46ed-8e35-db883f202797,69226.54,7.18,2024-07-16,2025-04-02
42743152-4456-4db7-a2d1-96d5808f5a61,bdeaf301-20c1-4737-bba2-24750fa83b53,59936.03,1.05,2024-07-16,2024-09-30
0f46d141-dd7b-4cbd-9283-e034a8582c1d,5566fa82-adae-4b7a-866d-3d19ae91bd96,13497.35,6.74,2024-07-16,2025-05-21
024cc1ff-8cfc-4b36-9882-e5b6623cc710,c1b39946-1ef8-4c4b-a03e-d40355bcc698,78745.39,8.45,2024-07-16,2024-11-01
ecfc08b3-adb2-4f30-b5ec-8e64873ed6fe,1db26605-12d0-4dcf-b904-587e8039e019,38871.85,2.6,2024-07-16,2024-11-29
ded11e19-27fc-47a6-a570-45eb45e65306,a56fc524-9660-4b3e-bc6e-79d2184709b4,53878.15,7.71,2024-07-16,2025-06-21
2a5f643e-70ff-488e-9912-d1d4d3808dda,b507405b-df85-40c1-8445-fe7b82502bf1,69852.85,7.96,2024-07-16,2024-12-24
ff90f959-630f-4d4b-8e0a-5bf525def66c,c0bdc20d-cda4-4030-9739-7820714500e8,68193.93,2.03,2024-07-16,2024-09-24
9fa98d99-bdb1-41b3-9b1f-f40302570e44,94947930-ff42-4266-8f66-5589d2b3ebe8,70732.49,2.41,2024-07-16,2024-12-15
df9f6a0d-e888-4b00-a184-24fdc5012535,615fb8f8-d166-4f69-a380-a365cfe9e293,78061.34,9.6,2024-07-16,2025-03-01
64368ff7-bb20-424f-8a37-b9c150144c02,66ac3b40-45b5-4916-bdc6-6b3253b6ed4f,23073.52,6.69,2024-07-16,2025-03-13
1b73d4d0-1725-482e-8836-0817a999add5,52fbe453-1af0-4a4e-b41a-af60facd8a4c,28820.67,8.75,2024-07-16,2024-10-23
9d683a5f-d5e6-46ee-a527-643ba04ea763,87a805ca-e656-4a56-b3e9-4332d1a769ac,46541.4,8.13,2024-07-16,2025-01-13
883661a5-e769-4682-a26a-07b17fb653cf,8d08f703-1fc2-4aac-9fe6-787a517da5d9,83747.37,1.65,2024-07-16,2025-06-17
9dbb5894-4e68-4dc3-908b-054d3b58e0d5,c5893ee3-dc09-4c47-b3df-2e4e9c8e9e64,12843.64,3.19,2024-07-16,2025-06-28
1bb43356-2f7f-4c98-8b71-03550cf0c5d1,d49ba8f5-8d9d-4bf2-a0a3-bc9ef9d61335,24380.81,4.51,2024-07-16,2025-07-01
88b8552e-917b-4319-a5bb-3d2b9ea94fb7,a896a222-0106-4aa2-ab46-59e636ca1a38,83096.78,6.15,2024-07-16,2025-05-30
dd08baf9-f75e-4e4f-a56d-e88421eda144,ff2ba713-711a-4577-9455-0c5f73d53357,84546.44,4.02,2024-07-16,2024-12-08
bfd8a3f9-d68e-4c10-abf0-6423e1b4f07c,0b4566dc-3ad1-4e45-ba19-79a479aa13f6,31434.02,7.48,2024-07-16,2024-07-24
86c36121-6d73-458e-8786-d450081e1171,474a0af0-96ad-494e-a706-de2d1072be13,32447.86,6.41,2024-07-16,2024-10-18
25ca1d03-13c5-4972-832c-3db5d6387d05,02775286-eca4-45c3-8e2c-be3a8f743df3,85791.95,3.34,2024-07-16,2025-01-18
af7c9026-e997-4bdf-9614-4447d35c6193,bc489d61-4b29-426f-aecd-c76a744db4ac,18674.44,2.1,2024-07-16,2024-08-30
49f50d4c-cb80-4cbd-9d55-83793bdcd71b,15b768ae-431e-4fe8-8a3d-c624174dc0f4,58795.68,1.44,2024-07-16,2024-08-12
c20d6b9b-04d5-482c-b382-7a6289d40744,bdf1538f-222e-4903-be01-fb7b04a6f42e,44359.88,3.58,2024-07-16,2025-02-02
e7e36074-8366-42f3-8e91-5694e18086fd,5f9a505c-e8e7-42cc-ba5f-739bbf6abc29,16735.45,3.35,2024-07-16,2024-10-29
e502c91f-ca5a-4fc9-91b0-0f43497191a6,34c1fd15-a6a8-4a8e-98ad-b7fe67dcdc72,49038.68,8.96,2024-07-16,2025-03-22
3901c070-4c49-4f38-8e51-798518f45d60,bb14b7c7-2776-497c-bffc-81a5f55b413e,22297.03,1.01,2024-07-16,2024-08-25
172e320a-9efb-4716-acc2-8e17b2036a9e,2ef87ce5-d238-4704-85bc-acfd969fc02a,20047.94,9.3,2024-07-16,2025-04-06
e6131dfa-4974-4f7f-8cf7-2055a691fd09,0adbf29c-56fa-47ea-87e5-af71b9cc4339,49052.85,3.76,2024-07-16,2025-04-05
80a6c362-fcae-4476-8bef-f952f71dabd6,2877137c-4468-44b4-b41a-faf20cbc74e3,68755.93,2.23,2024-07-16,2025-05-04
6129f676-d151-4411-9f73-23e7fd70d9c8,9ec72346-7220-4f48-8139-bce0f33020cc,33556.65,8.34,2024-07-16,2024-08-03
73502053-b57c-4aea-be00-baa4dcaddbfa,b628f672-e7f0-4162-912b-baf35b17042f,13374.45,8.68,2024-07-16,2024-08-06
9d669460-7137-4d08-be47-22de6744e8b3,87c9e385-d3b3-47d5-8268-c52d302e5161,19866.29,5.37,2024-07-16,2024-12-30
3b437723-4483-481b-9231-8e8c031f0ffa,356f8b5b-3b26-4d88-ada3-a1ccb77d02f8,78236.39,8.47,2024-07-16,2024-09-16
9d44b1a4-d743-43a7-95d9-b1ceb9f5b74a,c8b422aa-87a7-45f1-83da-72d07b98b64e,46771.69,7.23,2024-07-16,2024-10-14
273f52f2-681b-4b01-8e4f-87d1f5fff900,dbb74352-3742-4b29-b09e-8e3ae1630cac,90814.8,2.59,2024-07-16,2025-02-21
204f0543-4b93-4ab6-9b97-3bd818ec61f1,ed1258ab-17f0-46d3-a5c0-59394b4af854,48066.54,1.85,2024-07-16,2024-09-11
87580886-db59-4fe9-a9fc-0384b6563675,a54f57f1-1ea1-427a-bf6e-d0e72bd84ffd,42443.03,8.7,2024-07-16,2024-09-01
107e5e6d-e44c-4b94-a5f8-b927c12f4c54,474a0af0-96ad-494e-a706-de2d1072be13,28468.37,5.53,2024-07-16,2025-04-21
338b459e-cd9d-4194-b622-dc95b563347a,a74da7b3-637a-43e5-9616-31d36742039c,95950.58,6.12,2024-07-16,2024-12-25
64d119fa-253d-4ec7-99ff-6a77e40048cd,01213708-bd6b-49f3-beda-b369f42ec648,27601.41,3.97,2024-07-16,2024-10-09
6514531c-8ec9-4359-abf2-ae92c86755cd,c4abeabe-eb84-4980-9f89-27345d348493,86905.45,8.49,2024-07-16,2024-09-21
09957f06-179b-44fd-9725-28ae50b562dd,9b7dc403-9f6b-4c39-9f33-ac7393c50cfc,64201.31,6.71,2024-07-16,2025-04-16
da88c5c5-2dcb-4235-a2fe-1a3ee279d45b,8ef89770-fc2e-4356-af01-4e28ffa5af55,70733.52,1.23,2024-07-16,2025-05-20
06eb71f8-af97-4607-960a-53a32d5c0916,f95c7e52-7c81-4bbf-8125-0f3ff87044eb,82144.98,8.66,2024-07-16,2024-08-03
cc70f724-0b29-4703-9aae-346c22d89050,e6a0ac19-f16f-4a81-8bd8-fe6bdf8272ee,22083.01,7.21,2024-07-16,2025-05-08
a78f43b1-9219-487b-b1f3-fee1be163c53,29c5105c-ddef-42c2-ae3f-77b3ad04f438,57106.3,5.07,2024-07-16,2025-05-22
05b942c8-c91d-4d27-9e71-984d4b7a722c,f3be260e-69f6-4793-a828-baddd6dc49a5,73465.68,8.45,2024-07-16,2024-12-24
f8193399-d55b-4c61-aaf9-748ac4c46e51,107967a2-d9cd-4be3-9d6a-a9d432309e24,72303.43,9.58,2024-07-16,2025-06-05
41053482-6289-415a-b2e7-759f5f3633e2,36c89d25-16c5-400d-8ee4-7157a8c5b22e,27857.5,8.57,2024-07-16,2024-09-27
0535b9e9-d50a-4c73-bf9b-fe21e3266f68,3984dc7e-c589-4471-9059-5c968d00acb3,96206.41,8.69,2024-07-16,2025-06-21
6bb996e1-4d94-4dc8-86b9-1daf328fdfdc,4f397868-d0aa-4792-ad26-26c0fc98d652,86357.79,8.95,2024-07-16,2025-04-14
5b032c43-2c6e-411b-adde-cb8e5ec1b684,1e9cfc89-b6cb-48cb-8bb3-24dbf7881912,11258.94,5.38,2024-07-16,2025-01-31
737d1602-19aa-45ba-a8a6-b47f9b57acc1,47b8b316-a3f6-401d-ad79-8b17d7710625,76716.9,3.36,2024-07-16,2025-03-15
38d37774-e470-4d5a-ac4a-af229de36456,af028e6e-d0a2-47ef-a683-edfebef2e363,48666.31,3.12,2024-07-16,2025-07-05
4c6c0a6b-dd13-499c-9cc3-fe1c7db40d01,4327a244-5157-4efa-ab17-fe64aabfd816,89709.61,1.67,2024-07-16,2024-12-04
fb7a8e81-89a4-4d01-a002-0aa7d1e3907a,b8caa0d6-8265-4e2f-ba61-8a4a4ba39449,38463.49,6.26,2024-07-16,2024-07-28
306dfca5-3e61-41b3-b856-2cdc646f5ed3,4a84d46c-010d-499a-9d94-8078814869e5,23259.61,9.78,2024-07-16,2024-12-26
4e7f466f-295e-429a-967b-ecda4d68c8f1,23db0318-85b4-42bc-9379-f819a7cec0c1,30713.15,3.33,2024-07-16,2024-12-11
575c0410-5c96-40f0-84fa-79ce27fbf83a,9aef98ad-8fa8-43bb-a678-0ba7cf9a3a10,85341.41,2.45,2024-07-16,2024-10-27
c179271b-ae21-4037-88cf-17cd2e79f321,e003b75b-3c6b-4c32-8307-f28a33b4327f,70023.91,8.3,2024-07-16,2024-07-26
14dff8b5-64e1-4bf7-830d-790c2be0773e,d49ba8f5-8d9d-4bf2-a0a3-bc9ef9d61335,67097.95,3.75,2024-07-16,2024-08-17
92956c68-be0b-42bf-a51a-abb016c6e777,c56ed9c5-e76a-467b-880e-0a100ce2c438,60100.28,8.0,2024-07-16,2025-06-15
7eaa7496-c727-4930-946e-554a2ecd4a4c,53bb0af8-2657-44da-ac53-1c9e51bfc7aa,44424.53,2.01,2024-07-16,2024-12-28
332dbcdf-a759-44e6-af5c-79aa8a62e401,d635cfb7-9334-4aed-8681-982b86e27fca,63066.4,2.52,2024-07-16,2024-07-17
6fa6cb98-3044-45a9-8b20-c23b2307d4e5,b7b777a8-7578-40e9-8024-5bb47ad05f24,30404.16,9.76,2024-07-16,2024-12-07
20bfccc6-0a87-4cbb-8fe7-2ce1a39539d5,c985c1d9-946a-4e26-80f6-a32512f7cb17,71386.05,5.47,2024-07-16,2025-03-03
857e9929-fb43-425d-8f19-dab16a08115a,6c56c0a8-363d-4c68-93e6-26757b01f91e,6613.73,5.34,2024-07-16,2024-12-26
bf577e10-5233-4e00-ba3b-c8e4ae5f5df3,36d8b98d-c7a2-43ec-9015-86aa4a1bc300,20207.66,3.07,2024-07-16,2025-06-14
fc0f67fd-f7da-4881-960e-06f2b47d868a,ae880d48-3df9-4a50-bcbd-212b855a5b69,30272.69,7.04,2024-07-16,2025-04-25
2b7d3d68-65ae-481c-b18f-2e5d07b20a19,a13241a0-4edc-4793-86fd-cb6804cd1f41,94333.27,8.57,2024-07-16,2024-12-14
989e84bd-8874-449e-b1e5-05cbea4dda21,b83243ff-7ce1-4ba3-a7c5-e67e08ea307b,28476.63,4.84,2024-07-16,2024-11-25
501bda3e-0ac4-42c8-b3f3-d3349218580b,e43ad4db-a7f0-48ec-970a-5dcf741d0cc4,97787.19,1.8,2024-07-16,2024-09-26
2dc8fdb3-37b9-4f82-9d1e-ca2cc9632add,a74da7b3-637a-43e5-9616-31d36742039c,72485.39,1.16,2024-07-16,2024-09-23
56237efc-2ee2-4881-bfa4-b2ac5d2b5fd2,23db0318-85b4-42bc-9379-f819a7cec0c1,75842.35,3.63,2024-07-16,2025-01-10
ff2a36a4-d20d-4cc9-ab1f-bab3ec83280f,2eb136fe-ae42-4eb7-bdcc-a8b7843b7d53,7898.48,6.28,2024-07-16,2025-05-19
10f800d2-3cf9-458e-bffb-967b15c81cee,8e0e1d25-5394-44ff-b30f-79468a5ec391,51550.5,4.44,2024-07-16,2024-08-29
d676cfaa-d923-4395-8855-bcae612e4968,6923a82f-88a7-40ec-840c-6a9e379eda6e,24501.92,4.9,2024-07-16,2025-04-15
d42cb1bf-2e0d-4edf-a1b2-5574a89244e8,1dd27780-f136-47f0-b4e8-8134339d9e99,13122.25,5.72,2024-07-16,2024-12-06
4efee243-9484-4ca1-aa0c-bb4b708524e3,60946953-0b61-4a84-a9e6-2775435ea218,44580.39,4.46,2024-07-16,2025-05-21
25c0884c-c609-4e0a-bc7a-e817560d066a,5e12f68e-5542-4745-9cf2-69b984958ad8,87356.62,2.75,2024-07-16,2024-12-20
6d0bb195-db50-4a16-a890-0efb7e9f66d1,022da67f-ae9a-4487-a691-badb30b829da,32167.13,2.53,2024-07-16,2024-12-14
ca505ecf-c309-4cff-b35c-9eb109e4aceb,e1b88b80-b101-48d9-bbec-58ae5afe2370,68831.57,9.75,2024-07-16,2025-06-17
4816f5b7-b6d2-4d74-88b4-a9658e90d0a9,97b93923-3940-4972-9010-38101fb7c4f5,69377.97,8.1,2024-07-16,2025-04-01
5fd92a2a-8945-4be3-bd8d-a40e5d7e42a5,a061f517-ecd6-4393-9ab3-a82408469e5f,50579.51,5.01,2024-07-16,2024-09-06
fcbb745b-e650-4ea9-b650-0c5d59157ba6,c1e91344-9817-4384-8ead-dc8449ec27e8,29759.13,2.77,2024-07-16,2024-08-01
f296bd15-0264-4335-967e-dc735103c19a,cf26932c-da5b-48f0-9a59-bffab03bbb51,88499.89,2.86,2024-07-16,2025-05-20
da8a1235-ed64-48c3-a00d-fa495dd535c4,771da71e-a416-4dff-aed6-913b8be4dde0,40860.38,1.42,2024-07-16,2025-01-22
cc60249e-fd1e-4aea-ba66-9da392042c8a,658683ab-0113-4c4f-8288-f53b6b973943,58689.72,6.41,2024-07-16,2024-07-21
ad2d808e-f851-4f13-9678-4d8ea2e130fa,7bdac5a5-31b9-4250-b057-95c39b8fc8e8,39686.52,7.08,2024-07-16,2024-07-25
f20cb8ac-e917-4388-b445-2501c8791ead,b1f97b10-6394-4beb-87b8-73ba14e05b20,69296.77,5.9,2024-07-16,2024-10-23
60104c28-2596-4bf8-b1e8-3ebc2aa0efb5,67d24350-8d0b-4e6f-b109-52e006e541d4,52576.41,8.84,2024-07-16,2024-07-22
79bda752-f742-467c-ba10-1eb17ee310bd,1251e22f-7fdd-400b-aab9-a8590c00cdc0,46733.23,5.72,2024-07-16,2025-05-07
5330b666-c5e0-40d4-a8c9-3a72156c29d3,3d116af3-f8ce-43f6-a8cc-c5d91a040425,11041.82,9.19,2024-07-16,2024-07-24
504fd101-4f92-4489-9377-3125cea06846,b7dc62aa-faf8-4122-a97b-cac93172c8d1,72401.92,7.92,2024-07-16,2025-04-05
30b3e071-3ace-484a-b668-ce2cbd32771a,3ed232be-f10a-450f-9287-4118db7fe760,71794.69,5.12,2024-07-16,2025-02-02
8010dbb1-c748-4427-9f29-38be44b2eb28,8b32c51a-89f7-4e54-9143-de13daa22a7b,8807.72,6.29,2024-07-16,2025-03-19
c25d9c50-02cf-4692-be34-d3ffee9cf1fa,15b768ae-431e-4fe8-8a3d-c624174dc0f4,28376.69,8.48,2024-07-16,2025-05-24
a8d52123-988b-4b28-b347-a7fcf0955fd0,a8fe20a6-a347-46b8-9484-c2c4e8605a8e,75601.46,7.24,2024-07-16,2025-06-14
3494dde6-6847-4aa0-9348-13171a5a7a6d,78cf4968-a022-471a-a88f-a6f6145c4140,32077.92,8.12,2024-07-16,2024-11-09
310e9491-09b1-4081-bd8f-88b310d9151b,aa2f6186-95e7-41e7-9542-70facb804910,19025.56,3.93,2024-07-16,2024-10-13
253d00b8-3f5f-44dc-a9e5-ba0b8ac12dc2,ff2ba713-711a-4577-9455-0c5f73d53357,18333.15,4.75,2024-07-16,2025-02-22
55308dd3-9add-4704-9dbc-b500a6e5455c,dd3fd339-b87a-4b31-8429-753dcb6a2370,36136.86,4.79,2024-07-16,2025-06-20
3e13ab29-bc2e-44a5-9248-0a39ddbc37b0,522689ac-8b7a-44ff-86f5-008234967d8f,84572.52,1.79,2024-07-16,2024-08-22
59a34582-3cc5-421a-a38e-7d4f879c1ed1,8729306a-5624-4be7-9ed6-b3af6fdd5eb0,30635.4,3.73,2024-07-16,2024-08-01
550cc900-8fe8-4964-8ca0-2d8be93e0114,c52c8819-b477-43b1-959c-5d11d649abc4,26058.31,8.6,2024-07-16,2025-01-24
a5677657-d3b8-443c-ad56-9702cc8ebb14,42a2cae4-056f-4056-a453-7db4e99bb7b5,25152.53,2.81,2024-07-16,2024-12-12
2d9d6408-6110-4886-b9e2-82202ac98738,5c2daa00-028b-4c79-ad4c-8edc407ee797,14391.97,8.47,2024-07-16,2025-01-29
f28518d1-e8d4-4a35-abd0-f08c6a6165e9,ccdc0080-c222-461d-9e38-d9ee9d51e22f,93324.15,4.69,2024-07-16,2025-06-03
91d7c2ab-c3b2-4864-aeeb-5a71a0e55cfe,0f8ae797-4084-4733-954d-ded42ca85430,18022.05,4.25,2024-07-16,2024-12-28
706f7638-55b9-4547-966a-a3aa1c65127e,47c9b4b0-d989-45a2-96a1-66f13e2bd172,12815.86,2.6,2024-07-16,2024-07-23
eb76804e-f344-4c5f-ad7c-3053b6285837,f1afd790-bd74-41ac-84f9-0a77a3df302b,82310.43,4.81,2024-07-16,2024-08-25
7d2c3923-7c3f-4f77-94d3-054f4cd6d21b,e6da1d2a-723f-488f-8bf8-de9d4b351a17,70506.16,9.36,2024-07-16,2024-10-12
f402faea-0791-44fe-9619-b9ac705941f5,bc22af0f-9e62-4a6d-9db3-a08d99b5c297,14096.05,4.22,2024-07-16,2025-05-18
e2e4f1cf-f068-440f-9a7d-dac6146eeaa0,a122c417-62ee-4603-9039-d13b02ec1012,85248.5,1.06,2024-07-16,2024-08-09
11ce912c-4e73-4bd7-b34b-6bef8ed3fcaa,02775286-eca4-45c3-8e2c-be3a8f743df3,73598.28,1.18,2024-07-16,2025-02-25
c8a9f1a9-dd43-4db0-9a6e-50882e32afc2,d635cfb7-9334-4aed-8681-982b86e27fca,52274.08,7.06,2024-07-16,2024-12-31
a1880eba-ee3e-4a32-a56e-a0f96d81b4e8,02775286-eca4-45c3-8e2c-be3a8f743df3,47951.59,6.83,2024-07-16,2024-10-22
9aec9a6d-2a6b-49f6-9c26-7a2974cf7b31,538edbf8-28e9-4ffc-af7c-f11fff031d34,82847.49,1.99,2024-07-16,2024-12-24
2ba6a1e7-f5c5-49ff-bdad-4e32328d32ec,e2e3da52-fa08-45e0-85d6-dd7e92449df5,98857.13,6.52,2024-07-16,2025-05-17
8fc8cd23-5419-4fb1-8710-cba8259a3973,a807e114-cb38-4781-a8e8-45e978347ae5,83990.42,2.47,2024-07-16,2024-10-07
0ac9a607-b371-4f71-8ee5-efd1a8a39f8c,a10d333b-13bd-4d12-8a86-d75b9532e5d5,28177.12,4.46,2024-07-16,2025-04-28
933fdccf-ec6f-4659-b242-5cdf8c8dbf27,decb8f00-c2b1-4084-9d4d-fb9c626d5448,72070.81,4.17,2024-07-16,2025-06-01
ab299dce-c86e-482a-9218-1a3b48e529f5,12b14adf-c156-4fd9-9b03-fc728f2385c4,66536.08,4.96,2024-07-16,2024-12-11
99168e97-52b1-4b5e-af27-07b851e16a4e,8e709f55-66dc-4b92-afb9-3b09d7bba745,62283.35,5.84,2024-07-16,2024-11-03
e7bda6c5-2c88-4282-949d-2414d29474fe,d0f61ab0-c106-43e8-8788-e7d0425f16b2,33039.92,1.94,2024-07-16,2025-05-17
6972b98e-c980-4ff3-befa-15f37bb87b07,2156ab08-e4c0-42a6-94e3-cd5141806e86,39102.6,6.99,2024-07-16,2024-08-27
9bed1f7d-a6f8-4237-a152-1e03c0779563,29f239ea-e87b-4f83-90a0-e5184469a4e1,31679.72,6.47,2024-07-16,2025-03-08
142ebeec-d89b-4151-81f8-83d5d53c83ed,144a9a30-f2cb-4cee-8fb7-7caaf1dd3ba6,74506.88,9.69,2024-07-16,2024-09-03
e3751566-0ec4-4c0a-b0b7-ab480d9515e3,09487fba-db92-4afd-84eb-f82ccb37b361,65646.33,7.87,2024-07-16,2024-11-05
eb89b361-e4a3-495c-83d8-3bfb1d9bb9c2,463e7828-42cb-4955-a9f8-30a5f98181ec,79309.79,8.1,2024-07-16,2025-06-23
5fa07585-7143-459d-b0e0-1390764765ee,b4dcc222-7e6a-459d-b672-f1b5fa916659,25965.85,3.01,2024-07-16,2025-04-11
37ab09b1-edbc-4003-9738-085b2b668570,e09522fa-abf9-4b0c-9f64-b32a6cf6eebb,88797.35,6.0,2024-07-16,2024-12-22
0263d065-e4f0-45a8-a906-1ace0c5418d3,c0610fd2-8577-4a05-a4e9-57906c57d429,62558.07,2.56,2024-07-16,2025-01-14
8b37471a-ffd3-4d20-9046-2b4a8fbd13bb,bbe7f53d-127d-4dc9-a4b0-d0e14170315b,84288.54,6.48,2024-07-16,2025-02-05
135ce0d7-703c-4174-858b-d8e215888703,09487fba-db92-4afd-84eb-f82ccb37b361,6132.89,5.53,2024-07-16,2024-11-14
fc31045c-f79e-4e63-8ce4-47c43e1c2ad5,7979f184-8a2c-4478-a819-4dc0abccec35,10935.98,3.97,2024-07-16,2024-11-21
4cf4f837-73e0-4ee4-b5f5-4c75f4c6c5c8,ab1c2366-b09d-499e-9753-18b245528e63,15397.17,2.01,2024-07-16,2024-10-25
8008908c-2455-4682-b8a7-d052105cd119,786904f2-0928-4bc1-a168-46ce8a305f84,22091.49,1.44,2024-07-16,2024-09-28
18ac3686-4698-40d6-9709-0394e904af12,55ad27a4-6f09-448d-9a4c-953e10988fa2,50715.59,4.31,2024-07-16,2025-06-24
e6e74b0a-ecec-4324-b800-4c466f1e7b35,5c2daa00-028b-4c79-ad4c-8edc407ee797,60462.42,9.61,2024-07-16,2025-04-05
1a4625d5-0957-4334-b1f0-4cb5b130a8b6,ca600278-a846-4007-adb9-2ffb9dba7834,58406.59,2.81,2024-07-16,2025-05-22
23f27bb3-a077-4fcf-a02d-395b1d6be133,1a6cd886-fe6b-4a75-8e66-1fd226d9c3fd,25863.82,8.74,2024-07-16,2025-06-16
f6ea7e1f-54d3-461d-9ff5-314bba0ce9ed,f12bb9dc-ec13-4a53-adbe-7735ccfc3c2a,24459.17,9.39,2024-07-16,2024-09-22
6db51d1a-92a2-44b5-bf0f-8801a69e1c9d,a54f57f1-1ea1-427a-bf6e-d0e72bd84ffd,43531.26,5.96,2024-07-16,2024-10-14
a7ba7f4b-26ab-4435-8686-8ffc18f679de,d507f72c-e5ba-4a32-8faf-ca2a81b5cfd5,49848.97,2.22,2024-07-16,2024-08-07
fcf4f476-7a33-40af-af34-c56e05006316,8933cc36-8d27-44e2-93d1-13351b507fd3,57186.04,6.44,2024-07-16,2024-09-19
7fc1b0f3-d760-48e7-bff1-585a96c73810,39a9b275-9adb-4ca6-82a5-d8af787b36b6,90994.95,7.96,2024-07-16,2024-07-30
2dcf2047-41fd-4bf7-bbbc-0c8d7b20e318,ee26a58f-9ea8-4bd5-bd6f-99bde36a96f3,19573.56,4.13,2024-07-16,2024-10-16
52fba4d7-3f46-49b0-9a2b-edc40021f7d8,13673572-28c7-4e39-a133-12f09c84b66d,13546.08,3.78,2024-07-16,2024-09-01
5f5984c9-8d97-49a2-9850-f7266e2b9588,658683ab-0113-4c4f-8288-f53b6b973943,48690.15,3.91,2024-07-16,2024-08-30
b912eab5-cb64-4ba3-be26-927c71e12188,935b499c-8f3b-48dd-9659-5549e852a91f,43629.5,7.48,2024-07-16,2025-03-06
31b0d0dc-458f-4f8c-9d66-d9fa3519f7b4,6cdbc6e1-c8f2-4e44-8a32-2ee58d1df38f,71094.93,1.37,2024-07-16,2024-11-26
a724ac67-c58e-4d89-9e58-e74d7eaa2e04,0503e2cb-0b76-4ff7-b1d8-a1fea74505be,48371.23,9.43,2024-07-16,2025-04-25
cf4b86e3-98b7-4acd-bbde-75e0b67772fb,3ed232be-f10a-450f-9287-4118db7fe760,86530.62,7.53,2024-07-16,2025-01-23
09965d04-c520-4266-8fcb-f50704abbdee,aaf6ebc3-a480-4f43-887a-f154c649a5fd,92565.49,2.24,2024-07-16,2024-09-07
b83f5df6-c7e1-45dc-81af-7ceb4b5e1b93,a99ac791-1070-4cf2-ab9e-43179a0a23f7,43003.85,3.41,2024-07-16,2024-12-02
a12822d7-f89b-4b80-8c1a-1d2acb1ac5e7,a56fc524-9660-4b3e-bc6e-79d2184709b4,9248.23,4.27,2024-07-16,2024-08-09
1248de34-605d-48ae-892b-285060c9c4a8,48a6fa57-b1bc-4129-931f-c8b806f358f2,83644.91,2.14,2024-07-16,2024-09-29
2ebf57df-d082-4d0f-a638-3fe7328dbcd6,ce1ce25e-f7be-4061-a5f9-44d5d3aeb1e6,64940.11,1.57,2024-07-16,2025-05-24
874d7ae0-b2a8-4ab7-9d48-fb555a526a64,25bf6d38-c4cf-4b14-b8ce-9089a747a933,29886.83,8.58,2024-07-16,2024-10-01
feada795-2f73-49f3-b25e-017fff5fe8ae,286de7d2-0635-4be8-8f77-f0eefd9a32e1,49729.02,5.02,2024-07-16,2025-05-05
af2e9732-1608-471b-a3f2-bb7c414a7f24,842e877f-8ebc-49ce-9c80-eb3590f0ce97,75857.99,4.69,2024-07-16,2024-10-17
79628da7-708c-4d5e-955a-e8d7f6495fc6,a23ef022-aed1-4609-b29c-69d7b5b2ada1,48880.1,5.6,2024-07-16,2025-03-20
f2b2a0ee-7fbe-4e07-b5cd-9fe9046737a8,eaa09c74-0738-4329-a1a8-64bce4f96cc3,45528.8,1.23,2024-07-16,2025-01-22
87b2e52f-827c-4f8b-9125-330ad6d42dfd,5891ab97-f7ee-42e4-a111-a8523d671574,81426.03,6.92,2024-07-16,2025-07-02
6297dcf1-b9a8-4b9f-96e2-af3c10c0355d,be68cff7-a6aa-4e25-ab1c-212ffdb1d66f,31620.99,3.52,2024-07-16,2024-10-28
04bfdd02-e0ce-480c-a9fb-bf3a575d450a,b00f61c0-44cd-4ac7-9446-e19e5b7b3c8c,25263.78,8.36,2024-07-16,2025-01-02
bbf8fed0-b7b8-47bf-8f33-21931c755efb,070fc50a-1258-4f02-a103-ff081b0e68e9,47065.64,8.68,2024-07-16,2024-12-01
547e8450-55c7-4bee-baa6-968656f8a059,2467df51-c4fa-4b8b-8a78-410b848b0158,79872.7,4.45,2024-07-16,2024-09-02
e513bb47-4116-4213-a621-a7d5f2f12ebd,a5e08853-4ef1-4216-ac01-3ea7ccc3cead,32986.89,7.87,2024-07-16,2025-03-22
8fd5a7ab-00ab-4b9e-b52d-1f3a05bb588a,615fb8f8-d166-4f69-a380-a365cfe9e293,68909.24,9.55,2024-07-16,2025-04-24
73e1fa56-5bd9-4772-8b51-2f0294210cb2,8874b5a5-c020-4fbf-b07b-d7cfb2330846,92213.42,4.55,2024-07-16,2024-09-01
1bc6e98d-fc7e-4505-97bc-7cc62df85f31,5753582b-0ee4-4a2a-98cf-5cf38ddbd2f2,20137.93,5.9,2024-07-16,2024-12-18
f1004360-a809-4a47-bfc6-84a7d709a2d7,aab7fda4-a7da-4e1d-9820-8bf5d472b0bc,25469.44,9.85,2024-07-16,2024-10-24
71cb1040-a1d4-4880-afc1-cfc613a35cd4,68e538ed-f10f-461b-9e3e-3fb9cbc549c9,48041.18,3.55,2024-07-16,2024-11-02
018e6c6b-5224-4ea4-8505-d83acfba2969,869ef04a-0218-4fce-bbb9-69403376ad0b,98797.33,6.2,2024-07-16,2025-06-29
92fdac7c-edd4-49ff-993e-5009fed129c0,f46943f2-a97a-4e6f-81bf-f8fca306f3a3,85725.4,1.91,2024-07-16,2024-11-01
20ef6a47-5f18-41d7-acc3-c5c480593f0c,a935b924-66b4-48b7-a875-13be5bb783d7,95200.18,6.01,2024-07-16,2024-08-24
192153ef-32e8-494b-8940-903b2da0b8e1,0ca777d2-9eb9-4763-93b5-e7f4abfe0bdc,24359.14,5.72,2024-07-16,2024-12-09
45e31429-eb57-4d7f-b7ac-17682f008fd6,7b562b34-5620-4fa2-a3b9-9db3894962d7,62114.22,5.87,2024-07-16,2025-07-08
84125f19-c696-42f4-aeab-83e240f17814,e8802f39-3a66-428c-9a14-f404830e5e5a,36246.09,6.74,2024-07-16,2025-05-29
ffbaf185-8a81-465d-993b-120c3da5058a,2faa5193-f799-4a71-8731-858f1ccbbc17,38967.13,8.61,2024-07-16,2024-07-28
101e7df1-29b7-4022-b0cf-623188cd568a,2e8d364d-3dbc-483b-8b6a-16fa43d77bc6,69225.37,7.09,2024-07-16,2025-01-11
c2637164-a544-44a4-a5cc-3aea341d608f,cbcc1c8e-b0c0-48de-a796-115b9d298052,31274.8,9.16,2024-07-16,2024-11-27
011e5d99-73ed-4949-a105-f0b0ac83a4e9,2cca3220-7c66-423a-bd11-a4ab0acbec50,8281.24,3.18,2024-07-16,2025-06-08
070f4dee-59d2-49ff-8f3c-7c1f3e65015a,78c367ae-f713-4e31-b4c5-7b14f960e627,41249.02,3.66,2024-07-16,2024-10-25
a952b575-9d6b-43db-9502-53c285fc6d6b,37cdf98e-4118-41ae-bc78-c486131f5e4b,7698.08,5.47,2024-07-16,2025-01-10
e1ced1b5-1cbc-46fb-8f85-5b2b6ae539e1,e93c1d43-3623-4890-a4a2-3b610a6fb90c,58485.45,6.49,2024-07-16,2024-10-04
0b3813e8-34fa-4816-8c2c-cb0c49506856,9abd3c57-f040-495e-ac26-5f3eff0d0ef9,18127.79,6.27,2024-07-16,2024-10-05
81b58d6d-4ee7-4f2e-ab10-220986954fc5,2e92de57-6f13-42c1-867c-60f23d9ca9ec,92816.89,8.49,2024-07-16,2025-04-27
8e8d6d18-5483-4776-abe1-ef89463835df,e3163881-a1d0-4792-a213-acb6dd424eb9,92948.0,3.18,2024-07-16,2024-08-05
c13eb087-5760-4fa7-b897-ce380ecf5171,286de7d2-0635-4be8-8f77-f0eefd9a32e1,56510.03,3.38,2024-07-16,2025-03-01
28f37913-3877-4f2d-985f-f05ab1faed38,e2f7044d-6298-4d92-852b-6e994581ea71,92701.67,3.64,2024-07-16,2025-03-08
75a71c48-7901-47bd-b937-c4925b402ea9,a4e6d839-2824-4ef2-a5fc-559b1657c194,30518.99,8.96,2024-07-16,2025-04-23
0ba45202-23bc-4ed1-8c8d-0816cc0c8208,22d33aae-31e8-47fe-95cc-8f5e539936e0,13066.69,7.3,2024-07-16,2024-08-04
f78fefa2-4529-4f5c-b765-bc4784a16a5e,2faa5193-f799-4a71-8731-858f1ccbbc17,75603.02,5.25,2024-07-16,2024-10-02
b43a0b0a-a3eb-41c1-9828-250f7e024461,becb534d-3396-4647-acce-1022bc571c56,47208.82,5.01,2024-07-16,2025-05-25
407890af-7f3e-4e1b-a4b9-a05b1e914f47,4ca8fdf2-6edd-49b3-91f7-9018f0f941a0,72053.54,3.34,2024-07-16,2025-06-28
02391bb8-f0b8-40cb-a4df-4c65587a6810,2d217ae9-8960-44e4-8449-718b4dbea33c,46415.31,5.01,2024-07-16,2024-10-09
80c7038b-5cc9-43da-8ad5-37e4bbfc47e7,52fbe453-1af0-4a4e-b41a-af60facd8a4c,98687.61,5.87,2024-07-16,2024-10-03
a1e3ccee-3023-4463-a4cb-a7af766ad89c,f29f0b7f-0877-48d4-8731-bbed88ba0682,21639.61,8.31,2024-07-16,2024-11-04
d48360d9-621d-495b-a042-898c26a31785,6302caec-34e6-42f6-97a6-bfec3d544401,88689.73,3.16,2024-07-16,2024-12-24
5dddd0e8-a40b-487b-acb0-4f238f9258fb,40543941-4654-4ca7-8c21-7881d8dad6d7,47836.06,3.63,2024-07-16,2025-02-06
b2bd463a-6b04-444a-a169-78b3f641db6f,e3a80c21-2ca6-454e-aece-bd756f7b219a,81330.73,6.48,2024-07-16,2024-12-30
7b0f677d-1cc7-428a-8f29-a4a71e58f829,f6184ed5-7520-47c0-9957-dc3dc0186d8a,17865.03,9.32,2024-07-16,2025-01-06
89f792bc-7a66-482d-adc7-1531ff6121d5,0b6e5565-fc5d-4a9b-ac40-f2dba5e1869f,83021.4,3.85,2024-07-16,2024-11-17
91871362-9bc7-43e7-a35f-29ebb5c5cbd9,bf4821ae-7c74-4c2e-b28c-c497ad5e5b0d,82820.91,9.98,2024-07-16,2025-02-28
b933791d-4aaf-4a12-9cd1-12e85836c5f7,7090ec82-ac3d-43f1-ab37-3e818136a266,15794.87,1.07,2024-07-16,2025-03-14
2e2f500c-217e-43b3-aa91-3783d1ef07cd,b1163cf1-baf0-41f5-b6e1-b4f0daacde45,60412.02,7.97,2024-07-16,2025-03-15
cfdb154b-7559-4981-bdc8-b1c5d9a8483c,3607b9da-771f-4348-a874-b29c7e38656e,28466.25,5.97,2024-07-16,2025-04-17
9cbafbb1-2346-4acb-9be4-42ddaa9037bb,01dcbb86-b716-4bea-ba92-d7dd7c048b52,28230.49,3.19,2024-07-16,2024-12-05
cf34694c-ef21-498a-8cc1-0366f899c47f,a061f517-ecd6-4393-9ab3-a82408469e5f,17235.87,1.94,2024-07-16,2025-05-25
fa79882e-c547-4b30-9b48-2f4d41322026,dfaf16da-19cb-456b-b3aa-8b7262cff4f2,94268.76,4.77,2024-07-16,2024-10-11
efa60fad-bd0f-46e9-9f72-2f740acd0d4f,38b4ed1c-9154-4852-9243-1e2a24d58db3,76920.63,1.77,2024-07-16,2024-12-08
7dff7c7e-3736-428c-940a-a11166d73b90,a74da7b3-637a-43e5-9616-31d36742039c,32647.34,6.71,2024-07-16,2024-09-23
7b540019-31de-43c6-80af-99aaadac9826,f69e0f0a-5a74-4c71-88c5-81a0e387d3a4,11707.8,3.58,2024-07-16,2025-01-31
970e56de-2607-4966-af55-c02bde8c3ec9,3c9092d4-2691-44bd-af98-59f5ed34519f,54518.14,5.68,2024-07-16,2025-07-14
0a980d3f-e744-4ae9-a11f-898e1fecfcf2,52fbe453-1af0-4a4e-b41a-af60facd8a4c,81053.03,4.61,2024-07-16,2025-05-09
26167de6-8c6f-4a5f-b0cb-33e08bd69396,8f06d14d-eca1-4c36-aebe-863d34769e1c,17786.85,7.69,2024-07-16,2024-08-23
ab126352-52d8-413e-be5a-f7258ccac24a,8b32c51a-89f7-4e54-9143-de13daa22a7b,55548.13,3.17,2024-07-16,2025-04-27
e026656d-947c-4d67-adf6-bbe7f96fe970,48a6fa57-b1bc-4129-931f-c8b806f358f2,36612.08,2.49,2024-07-16,2025-01-11
d2364e78-bc8b-4be7-8166-1480a4dae040,0e7682a4-7c63-4f69-a629-26cef83bc2c0,96165.08,3.44,2024-07-16,2025-03-14
0266b564-1403-48ea-8258-7d965d5d59e8,d65c36ab-e759-4c16-b843-fe37120dfdf8,93511.34,4.45,2024-07-16,2025-05-05
dfc5ade2-d613-45fc-a608-ae5320673acc,93b75efa-0249-4383-969a-790a61ad7a66,22661.87,5.02,2024-07-16,2024-07-29
3abd7ae2-2b04-4939-93da-04ae3ff35f99,522689ac-8b7a-44ff-86f5-008234967d8f,50822.69,7.38,2024-07-16,2025-04-12
8ca6b805-dc1c-402d-b28b-0d8d3869641c,8e76b968-6332-4d97-98dc-2ca3274cc548,39246.37,4.37,2024-07-16,2024-11-26
8c7df754-3f7d-45d6-b79b-3bee70f4ad0f,5e12f68e-5542-4745-9cf2-69b984958ad8,52081.29,9.89,2024-07-16,2024-10-30
fd12a8c5-f30b-4577-89d0-8c40cb93126e,7e189280-871c-41df-a674-f2fca2b6ea93,90554.11,6.72,2024-07-16,2025-05-21
2ad2e95a-eb38-4aec-a3f1-ec6f20d4202a,ed521ec7-d490-4290-bb45-dc4a1bf663c4,64741.13,8.84,2024-07-16,2025-04-03
3bfbf46d-89e9-4e55-843b-f902f4b08991,7c21119e-d673-4d8b-bbda-dbabceb0c21b,19775.51,8.2,2024-07-16,2024-10-29
9deafc35-b4ed-4052-9b87-b07e975ca52d,bbc2d466-2dab-40b7-ad46-a2f4ee0da83b,72497.14,2.96,2024-07-16,2025-06-27
30fa1208-efae-4a51-832e-fcc2783a88b3,834e5bef-d3b1-4755-bc83-ec7eb09655cc,38907.67,7.14,2024-07-16,2025-07-11
ecd28b1b-19da-40e4-aaf7-f0fc236cb5e8,d627a5b7-96af-492b-b769-fbfec1b5ef9a,41792.96,6.16,2024-07-16,2025-05-10
3db1cf73-5ded-4491-bf41-feda779ad13b,2cf7affc-8519-48f3-a632-66c47a89f048,55038.97,4.35,2024-07-16,2024-08-24
bda1c9f4-d1f5-4728-a4e7-143a1604b1f0,594a3a78-6f0c-4d9d-a2a1-bb1e2af91e22,74448.91,2.33,2024-07-16,2025-02-21
1ba9738e-ad00-439c-8853-2e182bfca9ec,3f7d02a2-3f06-4e8c-8a3f-d1f1ac251990,43631.66,5.26,2024-07-16,2024-11-16
7752420d-886e-45f1-a679-cebe1a71d0e2,dd6d99fb-ec98-41d3-8e24-3a5f4942361a,38501.43,1.47,2024-07-16,2025-05-21
39e1b2d9-7a0f-42e9-98e7-caf6f3be3b91,cf9b964f-1ef4-4347-8e03-42a4c2cf83ad,79198.77,2.42,2024-07-16,2024-07-29
c4cc333e-ee5d-4254-832c-bfa8b56f0596,e086e3fa-3100-4e7f-b70d-e1e4adfede6d,8085.9,7.68,2024-07-16,2025-03-13
0d4c99c5-375f-4cde-a5d7-5610958554ef,ea12e252-db79-4a2f-ada4-def3fb7f8b60,85547.23,7.11,2024-07-16,2025-02-20
5b612402-9ff4-4c34-a0df-ec7f273d6ed5,9d9899c8-f5b3-45cf-9e14-eb8adbd43c92,45184.11,2.58,2024-07-16,2024-08-10
cf96bacf-dbab-4d7f-872c-449db91a7b56,0da86ada-7fc0-41c8-9465-a9945a6ac393,81143.04,2.18,2024-07-16,2025-01-16
1e7f3a9b-55a8-4b09-8cbb-2406f738d9a3,ceb8708a-6598-4c4f-9dbd-e3d3bcac32bb,49008.26,7.05,2024-07-16,2024-11-29
7dc6a06b-5f64-44e5-94ab-caa316025803,3e41ca07-7249-45c6-9380-b06fbe081392,83650.25,3.6,2024-07-16,2024-09-07
405cb27a-554e-43b5-a733-a03f26798962,658683ab-0113-4c4f-8288-f53b6b973943,48966.89,7.96,2024-07-16,2024-10-05
ca01c3c2-1f62-4bfe-bc04-b1a1f1cc58ec,ec3c23cd-b262-4d5b-a4c3-1ab8b4246182,29310.31,1.98,2024-07-16,2024-10-25
70676a63-6d61-438b-bb70-67d75c135c14,54668650-832d-4f00-ae8f-ebc904df9047,43341.77,2.02,2024-07-16,2025-06-21
6b69e118-5335-4332-a328-eb1eb6994bb6,1da40783-1d8b-4287-a5c5-a4a09ef635c4,65156.77,4.74,2024-07-16,2024-12-29
095e6bad-c905-4021-b411-9bcb46e156ac,e66d86e3-119a-4e0f-b574-0b67509d02e1,6530.14,4.88,2024-07-16,2024-08-14
2b89f047-773a-41d5-aede-c47106427bf6,d0c92cb7-1fa4-426c-a6cc-81b7e7b0fec5,82696.52,6.96,2024-07-16,2024-08-03
59a267a1-de37-4bca-84b6-fd720917868b,2eb136fe-ae42-4eb7-bdcc-a8b7843b7d53,46344.55,4.97,2024-07-16,2025-01-15
cf1f14bb-0002-4e4e-a138-4e8ce6f3823b,d3f81b3e-1c02-423a-8d55-fcd7c4a42c93,75313.73,6.37,2024-07-16,2024-10-25
74b67b6a-4516-459b-affa-b7e7b765832e,5aecccec-2186-472f-95cd-ea185e4d6757,82550.54,2.2,2024-07-16,2025-05-14
ac274985-b6a0-4145-8fd7-007d54e2cca5,4c5a2878-86fa-47a2-9e02-53fcfa762869,51798.78,3.03,2024-07-16,2025-06-08
49b59ff1-330d-49fe-bdd0-7e9cdf210fbd,7ea80a07-05df-4f74-bfd2-47f5044ead34,20630.55,3.79,2024-07-16,2024-12-26
40746d12-2800-4c59-972b-8ac882baec99,099bf6cc-dee7-48b6-83aa-f350a37dcb08,92058.95,7.77,2024-07-16,2024-08-09
1cb7e0f1-d21f-4c38-9732-2ccf42a6f80e,8f44e33b-2ddc-4d8a-9273-c92aed34b0b8,89785.74,5.2,2024-07-16,2025-05-08
c4bc56c4-2ac4-4f48-b403-433ceefc2e35,071eab2a-3931-4e45-b736-4046b0ec2c76,66775.26,8.21,2024-07-16,2024-10-30
f681472d-f234-4ac1-bb27-86721f33b8b2,c531a257-8c81-41a2-9208-d9d22f63ffee,73406.32,9.28,2024-07-16,2025-01-27
f6eac191-4111-49c6-a68f-c122dcc4738f,972c1c65-3a88-4fb0-a5bb-1d8d1a6f1475,80661.57,6.17,2024-07-16,2024-12-08
41ad083a-42d5-4172-b3f1-6159e650c115,12b14adf-c156-4fd9-9b03-fc728f2385c4,41195.59,1.19,2024-07-16,2025-05-12
e7c9f7ec-6558-4d05-b04b-c626b2d23ddf,bbe7f53d-127d-4dc9-a4b0-d0e14170315b,58004.01,7.87,2024-07-16,2024-10-16
df68f0c8-1ae7-41fd-805e-6a2dd740a8f9,a2ae4b73-f461-4923-b55d-fea66e749579,99840.51,7.57,2024-07-16,2024-11-13
73a6714c-c420-419e-9c0a-4b1dda154977,c6afad64-5e1f-4958-89b0-04271cce467f,48213.2,4.05,2024-07-16,2025-01-17
236ea789-fddf-457a-baf5-035b1a0c7851,a2be0333-4cda-4aa8-86a8-18020254d2d3,22468.84,1.74,2024-07-16,2025-03-22
597e6d20-6bf1-4daa-852f-afc94dcf8618,630ed070-10d0-4a58-a1f9-1baa7ee33a18,68380.95,9.59,2024-07-16,2025-03-28
ab890a8b-ff8e-4f84-8257-eaacd7ced54e,78c367ae-f713-4e31-b4c5-7b14f960e627,61349.74,7.64,2024-07-16,2025-05-20
cfd5177b-679e-429e-99e5-77357faa5aee,ee172d93-5848-4d9c-97a2-fe17adf68ba7,61015.97,1.96,2024-07-16,2024-11-17
1b07a053-05ad-4790-bb24-0e560d48af56,2e85c793-0aa9-4c7e-9cfa-a388159a2912,10685.63,5.23,2024-07-16,2024-08-24
f9292a42-4dcc-4a79-9fad-710635f729dd,0cf25bd3-be2c-4041-a304-c96560743aee,75849.17,7.68,2024-07-16,2025-03-28
5210f4c1-ce24-419c-9678-77ad21901018,7cfe1408-a6da-487f-8c9f-51b90400ad5a,30587.95,4.66,2024-07-16,2025-04-17
4edf1ed0-204d-4a22-ad5a-9dde81f2d761,4f173dfc-22e8-494f-a6b0-e0d35bb72b23,18437.8,2.3,2024-07-16,2025-01-29
f32bd528-a62f-40b9-af42-e54ec5e85d84,594ef76e-69da-42a1-b3ec-c8ab16d628ff,38057.32,9.5,2024-07-16,2024-12-07
1179216a-9e73-42ff-b10b-388eb1f773a5,9c66ffa2-2b74-48f4-b90e-f4b6ec060703,84476.63,7.79,2024-07-16,2025-04-06
a34a9c2f-3d37-447a-9536-8bf30059a244,081305d1-2f61-4fa2-af7a-8f81d2d71cae,47055.82,2.3,2024-07-16,2024-08-01
35636b96-cb69-4e33-9a6c-fe2567f18ed1,7fbf7069-9b6f-44ed-ba0b-bb9ab12aad57,70001.13,8.44,2024-07-16,2025-06-02
e5a0f90f-65ae-4ed0-b7a8-80dc5936c4ea,71ab0468-58ed-423c-bd3e-332ca261bf62,61874.41,8.9,2024-07-16,2025-06-02
6e2e8aa3-37c4-449f-b369-055a47263ae1,320670b0-272d-4b67-8a91-4d4c61e59639,98644.54,9.46,2024-07-16,2025-07-04
b43a50b4-6be7-4900-98b2-a118e63abf03,5c3d9a13-2566-4b49-af71-b343409d5e28,90683.62,5.49,2024-07-16,2024-09-29
051f8687-3083-4fd9-a5e7-c1f98fbe07f9,36d8b98d-c7a2-43ec-9015-86aa4a1bc300,50521.23,3.35,2024-07-16,2024-08-20
7298663a-2e2c-46ab-954d-236e85081f52,fc6bdd19-311f-4712-90ef-56f85e1ddffb,21621.18,3.66,2024-07-16,2024-12-24
44439fab-4268-4bd3-839b-9e5f85b88936,4f5ba623-82f7-4435-8a2c-6631b6100156,34683.09,9.27,2024-07-16,2024-10-24
b4a98fd1-bf05-4d97-b17e-46bf1d839ac1,a935b924-66b4-48b7-a875-13be5bb783d7,48812.52,4.41,2024-07-16,2025-01-12
eace7f5d-f476-417f-9e3b-a2b12bb2a5fc,67737e24-6f93-472d-b194-bd030c634020,31136.42,7.09,2024-07-16,2025-04-03
4fcb2277-ab72-4834-8cc8-29b4cf9743d7,ef78ac70-8314-4698-b442-c875f666a53a,85742.61,2.53,2024-07-16,2025-03-28
10ef296b-e093-460e-89c6-093b973817f1,d9f9725f-ae65-4318-bbbe-48dbf51e9b2b,34007.14,2.04,2024-07-16,2025-03-09
8527ff51-a935-4811-87a0-1d6dafb621d8,f716dd7c-c5e9-435e-8067-deb843facad1,61439.84,8.34,2024-07-16,2024-10-06
ca4c7d69-6145-44cf-9a9b-5072a61efc98,abb4a498-bb1c-451b-b5bd-3b7f0152cb9a,99796.25,9.99,2024-07-16,2024-12-12
c2f551b9-ada8-4429-9aad-502ff022ae73,5891ab97-f7ee-42e4-a111-a8523d671574,95662.79,4.81,2024-07-16,2025-01-03
0824fb8d-d1ab-409f-b10d-b7393f872e8f,38b4ed1c-9154-4852-9243-1e2a24d58db3,61025.6,5.99,2024-07-16,2025-05-05
1c01d092-2f53-46da-9812-b0b6c244f705,10540fb7-898e-45a5-94f6-9519636c1401,30364.31,2.59,2024-07-16,2025-06-15
59bc472e-48ec-40f2-aed4-9e50395e3a4e,df240465-3590-4409-9bad-f3487809c961,73817.44,8.84,2024-07-16,2024-09-19
89236635-f9bf-488c-acaf-d0c493413426,0d1fcd9a-6779-4f15-9d51-632df77f685f,7540.13,3.81,2024-07-16,2025-05-10
a31ce815-f133-4265-94f7-d86ae62817a5,1b5f42da-fe0c-404b-93d9-3f2868cb8fcb,9436.44,4.2,2024-07-16,2024-09-13
5efe0fba-27e8-4109-bd88-ab817c8b3d14,f29dd7f8-c2d5-46dc-a601-1ebb08431ca9,56018.67,4.2,2024-07-16,2025-02-21
d6d9ded5-5057-4883-b37b-eff2a3d01fbd,1127c142-d87f-4d29-8b11-f71505b724fa,52323.24,5.75,2024-07-16,2025-02-25
68a58451-88cd-487a-b61a-15250f449aa0,e534133d-067a-469e-9a7d-0fdc77e359dc,34710.77,1.55,2024-07-16,2025-01-17
d802d8a4-fb6b-4195-9d3a-386740bfb012,7af68ebc-24c1-479d-b310-b72c99e1b45f,69047.89,9.3,2024-07-16,2024-12-20
f0e206ba-3c36-4fb1-b3fd-2ff8dacfd985,df31bb1b-1077-47a8-8a65-644eaac53259,96375.4,2.6,2024-07-16,2024-07-22
a472acab-2ee2-457c-9399-70bb456886fa,a5e08853-4ef1-4216-ac01-3ea7ccc3cead,43393.58,8.66,2024-07-16,2024-12-18
8314cf91-7549-46a8-b4a3-42f2542eb5dd,6d4c5b86-9625-4ff7-9eee-42eac6d0a9c7,96270.46,9.08,2024-07-16,2024-11-20
b5823ea9-1cdd-45e5-8426-4a72fdadba25,36d8b98d-c7a2-43ec-9015-86aa4a1bc300,22275.61,3.87,2024-07-16,2025-03-30
91e9a081-6347-4bec-ac1f-7b4122b9ae03,b8de9594-9481-49d2-b19c-14e6125fb4ce,63181.38,5.76,2024-07-16,2025-01-31
bb72354c-f1d0-424f-8c8a-d8dcc0fe54a3,630ed070-10d0-4a58-a1f9-1baa7ee33a18,77721.1,8.78,2024-07-16,2024-12-01
6b99f4c2-f18e-4566-8fa5-f0581e39a480,888fe75b-4250-4a62-81e5-75d6da9658f7,28346.77,8.53,2024-07-16,2025-01-27
6b307256-21e8-4e53-8fd6-68a1e5b8777b,475af934-d288-43b9-ad37-25f6dd172d38,57329.9,1.97,2024-07-16,2024-12-06
fc532d50-37e6-4275-800a-9cf262d868ba,5520723f-22ee-4fc2-bd6d-44b800cce451,77481.29,8.77,2024-07-16,2025-03-04
b3f473ea-3ad1-4701-8446-a0bd8205dcb9,3bb0b5f3-dba2-41d4-ac07-aa8b74d23ec5,88071.95,8.41,2024-07-16,2025-03-30
25c4dcb9-694f-4824-8fc2-4e03632c31f6,6bf8b3cf-98b5-4d37-ab3e-85433d900abb,31467.39,6.45,2024-07-16,2025-01-16
c300c5f0-fabd-453b-94b5-694f07d1ef5b,b2ac7344-ed43-4342-a950-3597e3358c9e,62076.51,7.09,2024-07-16,2025-07-07
14e21cec-de47-40dc-8c23-a67ca70188e6,e084d3b6-730b-4cf2-92b6-66611716d89e,37320.53,1.89,2024-07-16,2024-12-19
dde8bdbe-8795-4045-a2f6-cfb60f72610c,aa004588-f7d1-4ef5-8adc-0ae53e588764,80677.58,5.98,2024-07-16,2025-04-04
23a26f7f-d95e-4079-ba90-ad817748e54f,a77372cb-aba3-42d3-9b86-182b5b7c949c,78921.52,4.97,2024-07-16,2024-08-24
738309c2-195a-4539-ad9f-d0f606c379ac,d6a03540-1562-46c9-8259-8c95cae3a824,42477.56,9.16,2024-07-16,2024-09-04
9603f0cd-34d4-4fd2-9d93-1f777a4ae800,6b513444-6711-4800-9d58-1ccb96c0d28a,75763.07,4.59,2024-07-16,2024-12-25
2de18814-7fb2-4d8b-b52d-2c872ab264a3,e1b31684-2bc3-48a6-a87c-0b3e18411347,29862.25,7.99,2024-07-16,2024-08-12
22c7c716-ff1a-47c3-b7d3-3b7dfaf727dd,12f07770-4a35-446f-a128-0b1c7581bc54,54004.1,2.41,2024-07-16,2024-12-25
498e7065-9212-4c1c-88c0-f9d2fac404f0,b1f97b10-6394-4beb-87b8-73ba14e05b20,98322.17,7.31,2024-07-16,2025-05-27
bb00ebe6-bab2-482b-a35e-aebbd9792b96,688ab182-b251-4e8f-80a7-7139655717bf,97046.68,7.29,2024-07-16,2025-04-27
ad25b84f-f958-4ef2-846c-dbfd408d2db0,3d9892c3-e483-4c80-952e-fe9faf1180e1,84376.93,6.39,2024-07-16,2025-02-08
1bf0b482-e367-45b8-981a-fab31147684b,342ba925-9e3c-4ea1-a568-5466ce2c9d89,43744.68,9.06,2024-07-16,2025-05-12
a4ff5019-8eb3-433f-a67e-50914ecffee3,93f724ee-16e1-4e13-815e-b703b1a0ea0a,68835.44,7.21,2024-07-16,2024-11-22
098fdc8c-b2cf-4ed6-8462-b905ba49e6eb,ab1c2366-b09d-499e-9753-18b245528e63,69877.74,6.11,2024-07-16,2025-05-22
11f02849-4a16-4156-90c6-aefe4bfc3765,e1113268-4210-47f8-b520-ebdf4ea45ab8,33421.83,2.68,2024-07-16,2025-04-06
4fe0dc87-1030-4b22-aefa-bf0a8dc889c5,160b7408-2af8-49fc-8e8b-e91d12c91206,10050.93,1.72,2024-07-16,2025-03-18
3de3e836-4920-4935-91c4-98a716e8c5d4,8e709f55-66dc-4b92-afb9-3b09d7bba745,43850.67,6.66,2024-07-16,2024-08-29
b37c643b-9e71-4853-8e4b-fa20fe68e334,ed521ec7-d490-4290-bb45-dc4a1bf663c4,25099.98,4.02,2024-07-16,2024-12-11
8d4a786a-ba81-4fc7-b488-f0854a8a08d6,d984cc0c-132b-4e01-aa96-c569fd4d3bb6,35244.0,1.85,2024-07-16,2024-08-07
4cf6a05e-e572-4b8f-8b1d-e236e492de93,a8fe20a6-a347-46b8-9484-c2c4e8605a8e,40267.82,3.81,2024-07-16,2024-08-06
141f110b-4893-414c-bea1-336647395f60,522689ac-8b7a-44ff-86f5-008234967d8f,55141.82,7.83,2024-07-16,2025-03-03
6bd0ac2c-74af-45c8-aef1-0acd9e2aef59,9c090561-1a2c-4fda-bc31-1885605e0116,21441.8,8.95,2024-07-16,2024-08-03
3a81793e-bd2f-469e-b60e-999833ef392e,58456d8d-1104-4efe-877d-47ae273c03b9,19649.57,4.48,2024-07-16,2024-12-04
01465e0b-0302-45ed-b3e9-08241c1cab05,0e2f10c0-8c5d-47e5-97d4-b79db1ef0b44,16419.29,5.92,2024-07-16,2025-01-03
7befffd9-7d2c-4322-ab46-fe841e161437,ef75a4b2-d6c0-424e-a89a-6bc32ee7426d,43499.16,6.83,2024-07-16,2024-09-20
e9b86f1f-9bca-4d2a-b43e-196eb5389cd1,1faa546a-3a84-4538-9312-36701e3a7e46,53065.66,3.25,2024-07-16,2025-01-23
e86304a8-059e-4585-ac00-a5ce397ac804,b1163cf1-baf0-41f5-b6e1-b4f0daacde45,91957.66,8.83,2024-07-16,2025-01-16
409d1190-3f36-41b2-9904-486f293ce4ef,3ed232be-f10a-450f-9287-4118db7fe760,24841.71,3.2,2024-07-16,2025-05-14
5ff6749d-d4c5-48b5-9123-69276179df61,9e1c2d6b-299c-4b57-a9fe-b09f64c427a9,58697.48,5.1,2024-07-16,2025-06-28
72763349-08a1-45f8-9f73-c51a243030bf,4919ee37-9fd3-4a7b-9c9c-e7c54865a9cf,55340.43,5.94,2024-07-16,2025-05-09
559d72d1-7cca-423c-95a0-94ec69bc802d,c1edaf70-b5d2-49e2-8bc9-526002091cea,86709.25,9.69,2024-07-16,2024-10-26
73023bf3-d88e-4247-afaa-cf3a2d95e46b,917e88b2-428f-4d17-a5dc-c1e993aa6425,8833.78,7.04,2024-07-16,2024-11-22
d54e511e-5886-469b-903d-f2e8ebf0d6d6,135c3947-4f9c-4b35-9691-0ef20c513af0,95017.86,9.25,2024-07-16,2025-07-04
0119818c-2bb0-45a7-b535-6d11b650045a,5b353cd8-e05b-47c4-a58c-9ff1dfa4cfa3,96024.9,2.0,2024-07-16,2025-04-21
f25a9aee-ecad-462a-8c8e-3dae6a185502,2f7d5a09-f06c-43f5-99c8-1595936b2236,24189.84,3.41,2024-07-16,2025-01-12
b09b6470-4dd9-4b1d-9eea-9c09adeed402,4ca8fdf2-6edd-49b3-91f7-9018f0f941a0,64814.24,9.33,2024-07-16,2024-11-20
8803de54-5c73-48d7-abe9-5f13eb2e248d,2494c3f7-1fa8-4241-8e80-b41c5227a231,43909.98,1.6,2024-07-16,2024-10-02
35e8ede2-6537-4ff0-93d4-671b0b3c25e6,d0957509-c90b-4510-ba70-766955fe7c42,70008.97,7.98,2024-07-16,2024-12-21
8b0c6607-ab97-4834-8de3-1a75e6a24bfd,c8084072-8c88-48d9-83ab-a2f029bc373f,57942.03,3.9,2024-07-16,2024-11-06
4ba64ef9-c485-4f48-879e-c80402c11f98,15d02fa6-6a9c-4770-b3ee-fe56d780c255,99547.55,6.32,2024-07-16,2024-08-19
0eb69e89-110d-4a93-91e7-2a88c157b044,a48b3ad7-c3cd-4772-a8f3-bb4cfecfebe6,64300.12,1.72,2024-07-16,2025-06-29
051cbe24-467a-4d91-9960-f390408e21cc,bf12cb30-c40e-4846-b9e2-e3157070f4b5,72521.41,3.24,2024-07-16,2024-09-05
42e8b3b4-8560-41a8-b807-fd19a626ca1b,d1a1b806-22fb-4241-9814-24831799aded,96432.12,5.8,2024-07-16,2025-06-03
bd6bc8c8-3973-424c-99db-c494a084b33d,60d8f930-046d-4e0a-abde-1a054498af63,30973.68,6.19,2024-07-16,2025-04-03
8d00197e-2812-48cb-8e40-1500f9d304ac,d1737abf-1d6d-43e5-a9b0-c1b98f15261a,85631.37,5.27,2024-07-16,2025-07-04
d1b154be-7e96-4ce3-90b3-71e8f26ae761,5e12f68e-5542-4745-9cf2-69b984958ad8,17667.62,7.99,2024-07-16,2025-01-08
02133d85-83a1-4dde-9506-b42d1bb7b66b,a46bd45e-e598-4e4c-9184-60f45c3a4c7f,43644.7,3.29,2024-07-16,2024-08-02
2cd658a6-58e2-4d87-a938-94dc3c99b391,b2ac7344-ed43-4342-a950-3597e3358c9e,34815.22,3.51,2024-07-16,2025-02-12
173d9a8e-e08b-4589-bbef-17f1096ba17a,9c090561-1a2c-4fda-bc31-1885605e0116,39835.59,5.67,2024-07-16,2024-08-28
cd5f4e07-6f86-47c3-b4c9-66d83f6641d8,e51e4818-6699-4eeb-bcb6-aec7abf4ed17,75512.69,1.84,2024-07-16,2025-05-16
e6fe503e-331a-449b-a7da-df6cae6cf989,7bf476a2-eaaf-4cf8-b9da-1b9d9b626e41,69671.76,7.29,2024-07-16,2024-09-01
5315a5b4-5731-455e-bc2b-19f5fc488cca,463e7828-42cb-4955-a9f8-30a5f98181ec,95158.16,6.45,2024-07-16,2024-11-03
d1af6013-8b53-4285-90e2-49a100907fc5,022da67f-ae9a-4487-a691-badb30b829da,7119.02,8.36,2024-07-16,2025-03-13
cd43455b-ec65-47e8-b06b-b6cd3ff04874,53bb0af8-2657-44da-ac53-1c9e51bfc7aa,24855.14,8.3,2024-07-16,2024-08-31
7ff0636c-5050-45ec-9a27-dc94195cae31,cf0e2693-083c-40e7-91a4-1af58bc2f0b2,49728.8,5.66,2024-07-16,2024-11-04
309314c9-ac6d-4561-8587-925355d9e9dc,fbf2c26c-4c6a-49b2-b46f-282f9886b501,21755.29,7.99,2024-07-16,2025-04-18
779286e3-b1b6-4974-9afb-c6549c1d45c8,b81e8905-07bd-4982-b7da-8a69ed143269,52067.05,2.36,2024-07-16,2024-08-01
a31df4bc-e135-49bf-8a55-094650d1378b,4c5a2878-86fa-47a2-9e02-53fcfa762869,89397.23,2.9,2024-07-16,2025-01-07
e1b65fb7-d246-4691-acdb-ce86cb30b858,5aa06a91-df00-4eae-9dea-3bd83fec14b6,28386.74,7.78,2024-07-16,2024-12-05
58ae6202-84e6-45b7-b04c-a97bc5d121c1,12b14adf-c156-4fd9-9b03-fc728f2385c4,44188.99,7.58,2024-07-16,2025-03-26
b9d2f869-71ee-4fe9-8c4d-0995cac5b3f5,48df1603-39db-4a59-b878-a912e9ca3557,85603.12,3.85,2024-07-16,2025-03-03
a428c2dc-32b6-4694-82bc-ad6db6fc2120,bf29717c-903d-437d-b24c-cf3678838146,82275.42,6.21,2024-07-16,2024-10-21
978bf1af-6439-4650-abe7-e3e3614d8e31,ab7746bd-e1c8-40ee-bf12-68f325b1b7d9,88741.96,5.14,2024-07-16,2025-04-25
21e4fa32-7ca4-47d7-a2f3-fb9af4983e11,b81e8905-07bd-4982-b7da-8a69ed143269,96293.63,9.05,2024-07-16,2025-04-22
e9acd5b7-7bc1-45bb-90af-d4e7ae8fbe8c,b87e18ef-bc35-4b9a-8f90-45ee7296be7d,68691.32,2.21,2024-07-16,2025-02-24
03a55c50-3d81-4c5a-87ac-543187973665,c4da6ba5-fcc1-40ea-88f7-4fc8f81adcd6,24258.92,1.87,2024-07-16,2024-12-09
2b479e12-3d68-4730-8af7-b7fe98b5a8c8,f23b6166-d7a1-4340-8495-ef60a399cf77,70299.8,6.05,2024-07-16,2025-06-26
9a26bc20-4b7a-4700-a4ea-6781995042a7,95a68f02-f6f3-4913-8fa0-528491d076ea,91016.87,8.0,2024-07-16,2025-06-10
