deposit_id,customer_id,monthly_amount,interest_rate,start_date,end_date
921aaa31-b0d0-4efa-bf1a-ce88007bd86e,d78aca7f-d8e4-4b3c-b353-3a5aac26cca5,928.5,8.64,2024-07-16,2025-07-13
c9fd6519-0fb1-45b5-8036-9d90f763a331,398ea6c1-66f4-4a33-bc6d-667e290383ec,1892.79,4.86,2024-07-16,2024-08-12
ea5206e4-6e7e-4cf6-b6b8-7d01c4a87451,12b14adf-c156-4fd9-9b03-fc728f2385c4,665.14,4.07,2024-07-16,2024-07-18
cb65982b-ddd9-4dab-b2c4-f31afc8b71eb,bf29717c-903d-437d-b24c-cf3678838146,1324.88,5.24,2024-07-16,2025-06-30
d20b0d30-b47e-4409-a319-9fdf2b0fd86e,3984c581-fe67-4cf9-99bf-c044716ea0c0,1516.75,4.88,2024-07-16,2024-09-23
7a5be51a-265d-451c-a053-ab68772b42b8,c1b39946-1ef8-4c4b-a03e-d40355bcc698,1952.86,9.33,2024-07-16,2024-09-19
3ce17bce-b1b4-4cd3-a246-85b5ce47aaf7,c75f277b-a698-4c41-b9b9-68666bab9e09,287.87,5.26,2024-07-16,2024-10-24
addd660a-dbb5-4215-9149-4691b8d0ee12,d627a5b7-96af-492b-b769-fbfec1b5ef9a,762.75,7.65,2024-07-16,2024-09-18
78770390-e4bd-4fd9-bfe2-f556f0909f71,ca410efd-0fc2-430e-924d-0d0b4ead258b,1533.15,8.59,2024-07-16,2025-04-01
f9153ebd-e4c8-466a-b0bf-707d76587f29,f62b2b4c-726e-4d2d-b561-0bbf76aaad80,1001.39,9.11,2024-07-16,2025-05-31
2188dfe5-caa1-4788-98e1-956dd354a9bc,fe08c567-d520-416c-9de7-e35da637e062,242.75,9.59,2024-07-16,2024-11-04
4aec9378-633b-498c-af34-11786292839c,c52c8819-b477-43b1-959c-5d11d649abc4,1272.79,5.12,2024-07-16,2024-11-01
874e047b-67c3-4cfa-92bd-b67fba736302,30e78793-37e2-4ed7-8f63-9197c604a549,1766.7,5.79,2024-07-16,2024-09-25
7ec3ae19-f645-4565-b893-bf45bc8ea8f6,4dbecc66-a5eb-458e-924e-fd454b315dc9,1818.24,8.99,2024-07-16,2025-01-12
2a0156d5-c9ec-4eed-8b12-caecb7cd6655,c1b39946-1ef8-4c4b-a03e-d40355bcc698,139.5,5.1,2024-07-16,2024-12-03
9a0254af-fc03-4223-a647-e3f7fded6e2a,d507f72c-e5ba-4a32-8faf-ca2a81b5cfd5,1870.4,2.09,2024-07-16,2024-11-11
94fa6b20-3c3c-4bc7-904b-8fe400b2e2ad,7719afe7-737b-4e8e-8870-476298518199,631.45,1.57,2024-07-16,2024-09-18
dceb20bd-f6ce-4966-a897-0daf13d61a68,79e1de8e-1be8-40f3-975e-16e4aa1b4249,422.94,7.35,2024-07-16,2024-08-18
31c31e82-dc8a-4624-bf00-cb1cbbb94c5c,3a5b4205-6c25-4f7d-b403-ff4c6a3b13fe,1090.52,9.16,2024-07-16,2025-01-03
0a88616a-94be-4939-a6f0-71bcb98be8be,5f914d01-0e74-48e0-84c5-b76f3a6f71dd,1753.4,6.18,2024-07-16,2024-09-30
bf48ca46-af82-4908-8979-d98a6c03380c,13676284-fec7-4267-9fec-880df34df592,1613.25,9.76,2024-07-16,2024-12-02
555c4b28-1836-45aa-8cd2-58387de9c878,135795aa-8171-410c-bcac-814555e0bba8,1552.48,7.38,2024-07-16,2024-07-31
4426e4a4-98ac-478f-8784-6ced5065a679,0b4566dc-3ad1-4e45-ba19-79a479aa13f6,1411.69,8.46,2024-07-16,2025-03-17
0e5525df-8940-4379-8219-ca0cc771642d,3c142bca-8551-4834-b827-814d41cd380b,665.06,2.06,2024-07-16,2024-10-14
46833c2b-6a3b-4746-988e-d76c2c93d10f,82e6054d-76c4-47f5-a52f-cc2b9da7e7d6,1164.67,8.06,2024-07-16,2025-05-06
7cbb4607-2fdb-4d7b-981e-fe290612925b,60d8f930-046d-4e0a-abde-1a054498af63,861.81,7.34,2024-07-16,2025-06-22
bbe63b7d-ee0a-428c-aac2-7e3c7e214fea,5cf704f3-f23a-4ae8-93b7-cc30689e5450,1629.16,9.11,2024-07-16,2024-12-07
88eade57-e955-42e7-9f48-408c5363fbd8,79e1de8e-1be8-40f3-975e-16e4aa1b4249,1871.36,6.83,2024-07-16,2024-12-25
fee43a0a-5a4e-4f48-acd6-23489416f603,af26d08b-5a24-450e-89ca-d7f3da2e2fc8,1121.27,5.38,2024-07-16,2024-11-25
bace62a5-eb4c-4dec-aabe-ff90fa368625,c1b39946-1ef8-4c4b-a03e-d40355bcc698,1005.63,7.14,2024-07-16,2024-11-06
aa370201-94c3-40b6-8556-c4e96311fcbc,9b7dc403-9f6b-4c39-9f33-ac7393c50cfc,1438.05,6.75,2024-07-16,2024-10-08
198d83cd-1471-4804-92bd-f1bdae5d0bb4,898f7703-2d96-4ad2-bf79-6f2c93cd600b,1372.95,6.66,2024-07-16,2025-04-13
1ff56b05-1984-465c-a1af-e9f7ade8cb95,36d8b98d-c7a2-43ec-9015-86aa4a1bc300,1078.77,5.89,2024-07-16,2024-08-02
e7929fe6-292d-40fb-a0b7-b27414f55b79,1e861772-e4ea-471f-8834-8bfcc71075fa,1885.99,1.78,2024-07-16,2024-11-01
b227915c-69ee-471c-9aa1-02fde0fc472b,615fb8f8-d166-4f69-a380-a365cfe9e293,316.89,3.46,2024-07-16,2025-01-19
f52766a7-9ce0-44ce-81d5-382ea3e63b6d,25c2415d-6ac1-44f5-a670-0d019490ea89,1957.84,2.94,2024-07-16,2025-01-22
8ff0558b-584a-4515-9742-3e993c9ca56b,4efd825f-4026-4e87-9ff3-fceb59bca4d4,380.32,5.41,2024-07-16,2024-08-17
4d643177-92d8-4fe4-a91b-3529fecffa8b,0ca8eebc-0196-4517-9fe3-b80fcf304b1f,196.59,2.96,2024-07-16,2025-03-11
5397757c-b80e-41a9-a351-840311db8a34,f16fbee2-c408-4372-a6e6-29a1491305d0,360.11,7.03,2024-07-16,2024-11-29
013783ac-2226-4365-83bc-2d5a201c0aef,6491ea48-a044-4c5f-b841-dea6e5685082,1930.21,2.6,2024-07-16,2025-04-22
ef099a32-8e65-4bf3-8305-6137e5672eff,12b14adf-c156-4fd9-9b03-fc728f2385c4,970.53,6.66,2024-07-16,2025-05-25
8cf13233-1a8a-402a-942f-4d1a740b3266,f5da9d8a-cdae-419c-9cb8-35c2aac93221,867.85,6.29,2024-07-16,2025-05-12
dd59b7a5-14ac-482f-b876-a9bbf5d83946,713f35fa-6443-44d8-bff1-ad0682e0238e,1247.86,8.33,2024-07-16,2025-02-10
96d0d9d5-5b3e-4a01-9e40-82d4d0686ca5,ab7746bd-e1c8-40ee-bf12-68f325b1b7d9,1843.55,2.6,2024-07-16,2025-04-17
ae20372f-0106-4f40-8212-7a3b28302547,5b0f4dfc-53e5-453f-bdc0-911ae9a76c6f,439.9,1.44,2024-07-16,2024-11-17
c2f0cffe-0455-4629-b2ab-b13a0bb89d2a,1dd27780-f136-47f0-b4e8-8134339d9e99,1824.55,2.0,2024-07-16,2024-12-22
112b087d-02cf-4d0b-8619-45dedf38d3c2,d7e1bb5a-19ab-45f4-b594-259465da8420,370.88,6.32,2024-07-16,2025-06-23
7022fc2f-d56d-4a65-9be6-6063fa9a9a38,2b9a966a-1382-480b-9e07-64013a04b63f,1126.86,8.21,2024-07-16,2025-01-07
16854a2d-cb37-4b63-b8d0-eb5641a202ed,df31bb1b-1077-47a8-8a65-644eaac53259,1782.26,4.04,2024-07-16,2025-02-13
9ed640bc-c495-4d00-806e-419a0851e48e,af113671-a20b-44ea-bc28-70b6e930c461,694.43,9.45,2024-07-16,2024-11-18
33ba21b1-ead4-455d-82e8-87b86d12d698,4eb918ec-f077-4918-af09-d8b3c466890d,1447.73,1.96,2024-07-16,2025-01-15
edc37992-6595-4b68-bd89-e41ead1876b0,93b75efa-0249-4383-969a-790a61ad7a66,1330.36,4.76,2024-07-16,2025-05-24
21918efe-ed78-4a0b-a58e-2fc89be17a37,01213708-bd6b-49f3-beda-b369f42ec648,1280.04,4.92,2024-07-16,2025-03-30
116071b4-e801-4d26-8b9d-fc89638f2f45,df3e250b-2031-4a0f-a535-34e09752cf7f,1971.66,3.57,2024-07-16,2025-06-07
2a6bb6f5-45db-475f-b4df-ec7431729035,5fd34c06-2dd7-491b-99fa-f3e00ed6cbdb,1908.57,9.13,2024-07-16,2025-06-15
26afa798-a0aa-4d5d-b38a-d2fcd36fb736,f8277cac-3929-4574-acca-4e2ee73d58f9,178.98,4.76,2024-07-16,2025-04-20
650a2c40-d568-4b6c-bfdb-e55c24f41ef1,b8a47646-255b-4636-be67-7898daa12331,1660.44,8.25,2024-07-16,2025-04-26
828a19eb-3e44-4117-84ee-13e2ba1ff573,67737e24-6f93-472d-b194-bd030c634020,1697.36,8.91,2024-07-16,2024-07-27
014fbe20-93e0-4ccd-a30d-54b1d0dbb4f8,c16f5a90-a0c4-445e-81c3-275eed61473f,341.27,3.19,2024-07-16,2025-06-07
88451899-09e9-4908-ad28-ba9d4ea2c024,c0bdc20d-cda4-4030-9739-7820714500e8,1146.17,2.83,2024-07-16,2025-04-09
f6105f8c-7fa7-4120-af89-119e1a9dec25,1cc45a69-1f17-478c-b36f-1dcb97fbb4ff,1462.44,4.12,2024-07-16,2025-05-02
7570e159-9935-4d5f-8c07-c4642ad32d37,4327a244-5157-4efa-ab17-fe64aabfd816,1699.17,6.14,2024-07-16,2024-10-01
04748942-149e-43fb-805b-bbe1810f17d0,42ab2c26-3152-4c45-a8c9-d9062ba126d4,356.33,1.44,2024-07-16,2025-06-21
b0e6e852-8553-40d4-aae6-f8ea43245484,15d02fa6-6a9c-4770-b3ee-fe56d780c255,1118.92,5.34,2024-07-16,2025-04-09
2e8d7f73-3832-45f4-80a9-a403709080b2,dde39a16-997a-45f8-bdf5-8027ec961fb3,1148.59,6.94,2024-07-16,2024-09-18
0a4ed2b2-e9d3-45a2-893d-01a0838a5cca,0e2f10c0-8c5d-47e5-97d4-b79db1ef0b44,248.02,2.29,2024-07-16,2024-08-28
e9c27605-88ca-4d7f-bfdd-d51538840bba,423d4a1c-5d97-4c5c-a5d9-7e723546bdcc,168.16,2.87,2024-07-16,2025-04-09
3f5e8446-159f-4649-a005-386a5b713545,9d4831e0-2571-4258-ab99-2ec7bb64768c,924.45,8.34,2024-07-16,2024-08-05
71786657-75b6-453b-8492-7e8660fcd329,0f8ae797-4084-4733-954d-ded42ca85430,1230.95,5.54,2024-07-16,2025-02-13
23f63ebb-b775-4ed7-88bd-9a87329ffbee,b96d0ca3-fa72-4ce4-a0cf-cb492b3a316b,1575.03,1.26,2024-07-16,2024-10-26
086d569f-bfa1-4756-8f65-2ce4bf95bd2e,becb534d-3396-4647-acce-1022bc571c56,713.33,8.07,2024-07-16,2024-10-28
aabb311c-baee-4019-880f-e68db76eb59c,7cac9862-046d-4ae7-8b2b-3e49d0241d76,352.93,3.7,2024-07-16,2025-01-15
bbefa89d-eed9-4042-a830-c0f366a70220,1f0b0af6-9df7-4c0d-822d-41c3042da797,1045.04,2.68,2024-07-16,2024-09-23
4f7205fa-52f3-46f9-a636-6e1f6a448b0c,5c2daa00-028b-4c79-ad4c-8edc407ee797,1382.7,4.77,2024-07-16,2025-02-05
cdd1f34b-5a4c-4150-8c22-61daf003fb14,d0653bd9-86a3-4eaa-8255-23248a868c66,1389.76,5.6,2024-07-16,2024-08-15
a43c1251-63b8-450c-8fa3-8f60f3f204ac,3e98e931-e2be-44bb-a3c9-f13fee9db1a1,1438.63,6.39,2024-07-16,2025-02-08
4926fba8-9fa4-4df2-ba04-83a9a990c32c,8e709f55-66dc-4b92-afb9-3b09d7bba745,1028.71,6.57,2024-07-16,2025-06-11
c50bcc5a-be4c-46ad-92c8-8562006c1271,0f8ae797-4084-4733-954d-ded42ca85430,1770.91,5.59,2024-07-16,2025-07-01
cfc1c702-ef6e-4969-9a9f-91713270de6e,5891ab97-f7ee-42e4-a111-a8523d671574,279.86,2.1,2024-07-16,2024-10-06
49847edf-e176-4c7e-a66b-df062f1cf830,a8aa2112-5e75-486d-af57-44ae9b8fa9c3,1173.71,7.8,2024-07-16,2024-11-16
1d7b6d0c-4fdb-4d76-9551-338573d09e20,ca600278-a846-4007-adb9-2ffb9dba7834,251.8,4.22,2024-07-16,2025-06-15
fc9f251d-3b98-4b7c-82af-d5daa5fe9611,34225d3e-fa27-47a6-a9c4-f05d2206f61c,361.49,4.9,2024-07-16,2024-11-29
c5d4b420-e5f9-4336-9a6e-e4fbb759d058,d635cfb7-9334-4aed-8681-982b86e27fca,176.23,7.49,2024-07-16,2025-07-09
fbaea437-3235-46a1-b817-9fa5bcddf511,a5eb1cfb-0467-4be9-ae88-d11aea86bfe3,1765.04,1.96,2024-07-16,2025-06-11
bf6a467a-9b4e-4e5e-a323-08ca6da82b72,30e78793-37e2-4ed7-8f63-9197c604a549,980.39,3.76,2024-07-16,2024-12-19
937be42d-7966-466d-8e3d-c849a2e62565,ad4ef2b1-ebc2-4162-9110-4646d4ea2de5,1329.65,8.55,2024-07-16,2025-03-30
9ad2da46-3349-460d-8226-a6d7f83e0c34,4962c1aa-9339-423a-928e-1d5eaed88654,438.29,8.57,2024-07-16,2024-12-15
620c71e7-9eb0-41d0-ad62-d2ef4925043b,f46943f2-a97a-4e6f-81bf-f8fca306f3a3,1255.83,3.3,2024-07-16,2025-04-04
f80ebe00-c8a2-49ea-b2f8-53153585d09c,bc489d61-4b29-426f-aecd-c76a744db4ac,658.85,3.3,2024-07-16,2024-11-23
379e22e0-f2c6-47d5-9a1b-84ef6c079686,84a267a0-e111-44a8-aafc-f39ac804e142,1872.73,4.23,2024-07-16,2025-06-23
dd315a7a-c43d-4965-9556-9b02533904f2,b507405b-df85-40c1-8445-fe7b82502bf1,1005.69,6.53,2024-07-16,2024-09-26
cdb75f1b-2623-4c7d-ad62-780170d3af3c,5cf704f3-f23a-4ae8-93b7-cc30689e5450,366.5,3.68,2024-07-16,2025-01-09
33e356dd-a7d9-478d-b710-562bd01faa0a,916bb0e0-02f9-4448-be36-5e32a073fc54,1955.97,1.49,2024-07-16,2024-11-18
192b1ae7-99eb-48af-b18f-11ca56ca0cc8,77f39381-cbc3-4a55-b50d-a03f266b4409,700.35,3.5,2024-07-16,2024-07-26
f0c4ca60-9cfb-41fb-bb30-57dd504cec55,d0eea20a-c72f-45fb-b8dd-07e107f7767e,170.18,1.0,2024-07-16,2025-04-23
b1b11956-27d2-46ae-ab31-089c9b549217,b8de9594-9481-49d2-b19c-14e6125fb4ce,716.61,4.42,2024-07-16,2024-08-28
a3e26432-650d-4535-8750-9ab4e3ed7b78,a9bfa148-330e-4d60-82a4-7291703fd2aa,1960.32,7.88,2024-07-16,2025-01-13
920831a3-d2f7-4788-bf3c-ba3fcad5f35e,815dd942-833d-4611-86e2-2b682152a9a6,1711.48,3.34,2024-07-16,2025-02-09
30e96103-7716-48d3-b96d-0edcec15f8ed,dde39a16-997a-45f8-bdf5-8027ec961fb3,292.02,3.17,2024-07-16,2024-09-10
32c94d28-6030-4aad-af1e-7b063b4eb702,8b5dc36d-1299-4581-9d9e-2333f7a8f64a,498.22,9.55,2024-07-16,2025-01-07
8e09e5f5-2d85-4049-8f7d-04bedd7148df,832becac-b80c-45bd-958e-b32120eb935c,989.53,5.6,2024-07-16,2024-11-28
7cf48cfc-045d-405c-9b83-2371c19b6fde,824e2ada-120b-4435-9958-4825e31b59dd,737.41,5.35,2024-07-16,2024-07-23
269a2584-1a17-4d6c-86b9-786c8337946c,d32c90fd-e63d-49f9-b21b-bb6efe4f9d16,423.11,9.14,2024-07-16,2025-03-06
3e15d486-3f7a-4273-a04f-db76b5c208e7,8e477a58-9be0-47dd-99ca-ccf4c1cdeae6,764.46,1.31,2024-07-16,2024-09-26
cd167ec2-191e-4f6f-a23c-2a9fd2cd3a72,47b8b316-a3f6-401d-ad79-8b17d7710625,1254.08,5.59,2024-07-16,2024-12-21
cb22645c-cd18-4f05-b9ea-092b80e2e20c,d0c92cb7-1fa4-426c-a6cc-81b7e7b0fec5,1894.26,4.64,2024-07-16,2024-10-30
140156d3-eab5-4a22-bef9-58300f9e415f,245ec4fa-ad93-4be4-9be3-051bb70646c3,492.39,5.56,2024-07-16,2024-10-31
ef3ca9b1-8ac8-40c3-a478-2df0afaccd3a,0cf25bd3-be2c-4041-a304-c96560743aee,547.8,6.1,2024-07-16,2025-02-09
db7ae7e3-00c3-4b4b-b4f0-be94cfe1cd66,832becac-b80c-45bd-958e-b32120eb935c,1968.98,7.73,2024-07-16,2024-10-17
3d9e3980-593a-4c47-98f8-fe1223568835,4ca8fdf2-6edd-49b3-91f7-9018f0f941a0,318.6,4.49,2024-07-16,2024-08-02
f34a30ac-92cb-4a56-a969-eefcefb2de7b,3984dc7e-c589-4471-9059-5c968d00acb3,908.8,8.97,2024-07-16,2024-12-02
c9737999-4185-40e9-a7f2-41057eccae5c,4cf1e3c7-245c-43eb-aec7-4a0795f3894b,154.13,3.94,2024-07-16,2025-02-08
77441076-aa0c-42a2-9b62-2f0ed1f49679,2ef87ce5-d238-4704-85bc-acfd969fc02a,474.23,2.81,2024-07-16,2025-02-19
d6a1e4a5-c2f3-498a-873e-4c1ced142328,f8277cac-3929-4574-acca-4e2ee73d58f9,709.04,1.8,2024-07-16,2024-08-06
c2280653-643c-4ae9-a69d-d2efde073b92,bf12cb30-c40e-4846-b9e2-e3157070f4b5,578.44,1.82,2024-07-16,2025-02-21
08a3676c-ab22-42bf-9a3c-0ab19134a58e,1deae18e-9393-499a-af9b-d502442226f3,714.83,6.43,2024-07-16,2024-07-27
005f70c9-09b6-4b46-9431-4db857f9ca40,0e7682a4-7c63-4f69-a629-26cef83bc2c0,1418.61,6.25,2024-07-16,2025-03-29
fcc0d25c-b225-4eb1-b855-cf0c017c7b86,4201d835-b227-4af2-9ff6-9f7c1efae8dc,252.22,9.75,2024-07-16,2024-10-03
cd41e500-377f-4b9c-b033-6449a43c0517,d6a03540-1562-46c9-8259-8c95cae3a824,1136.45,7.38,2024-07-16,2025-04-12
51135197-1c30-495a-8c37-da5af6b79a68,0ca777d2-9eb9-4763-93b5-e7f4abfe0bdc,1990.14,5.64,2024-07-16,2025-03-15
6f003281-c0ee-4ef9-ad3c-a717bb44669b,edacaadd-409a-4f27-baae-a03e0ddcdefc,1571.68,1.29,2024-07-16,2024-08-15
130a431b-8794-41b1-bb2e-54c4007cdd15,c1e91344-9817-4384-8ead-dc8449ec27e8,625.02,4.05,2024-07-16,2025-07-07
a3df77e2-618a-4640-a8fe-aa6426f5b50b,30c3a923-4bfd-4f51-bb3f-df407b390f40,1646.83,3.89,2024-07-16,2024-09-30
47042bd7-a528-4193-8dbb-10a31a682940,b507405b-df85-40c1-8445-fe7b82502bf1,905.66,5.12,2024-07-16,2025-07-14
1b75a2a6-7f10-4db6-899c-3e077acafe07,cee44ee5-e6df-4b21-b855-0c1901f313f1,250.54,6.32,2024-07-16,2024-12-17
2e090fa8-acd9-4425-a702-9da6f348ba0b,e05609b3-06d3-4768-9b16-02857b897ffd,169.75,7.75,2024-07-16,2024-12-08
64ba7c49-4eef-4931-9611-bd5e82e8f524,8874b5a5-c020-4fbf-b07b-d7cfb2330846,863.69,2.5,2024-07-16,2024-10-04
5ec9ef19-3df0-41be-94b5-9b00ee2ea98f,1b5f42da-fe0c-404b-93d9-3f2868cb8fcb,1883.18,1.87,2024-07-16,2024-11-25
6aa5c7cd-4075-4575-8443-1246939a33f0,c738f92f-3854-4baf-b902-542f05bb8bb9,1663.74,3.73,2024-07-16,2024-12-01
b0653965-136c-4856-9881-ffbe90200f3b,22a8dc4f-f132-4ff4-992b-8f8d42581e30,1468.44,4.0,2024-07-16,2024-12-31
18dd5862-8590-4caa-82ce-15b29c2c723b,ab1c2366-b09d-499e-9753-18b245528e63,113.8,7.81,2024-07-16,2025-06-12
94e4418d-adbb-4ea4-a7dd-522c75e2e2f6,e91bb55a-2252-4605-b63b-743cebf172d1,1607.59,9.71,2024-07-16,2025-04-17
8ec1138d-a278-436b-8359-2ce3632b60bb,2b3a8bd9-5c65-4660-b0f5-f54aa50cbdf5,1383.16,4.62,2024-07-16,2025-02-08
46bed36a-b8c4-434b-bd08-e33a08be8dac,df3e250b-2031-4a0f-a535-34e09752cf7f,1661.04,3.56,2024-07-16,2025-06-13
6b788c6b-240e-4e67-b7c0-2f886091fffa,475af934-d288-43b9-ad37-25f6dd172d38,433.67,5.13,2024-07-16,2024-07-30
4ec412bf-e057-4ca6-b8f4-63a6c8e2f145,a851deb8-d3f2-4b84-ac01-f92a8af836b2,1487.95,8.9,2024-07-16,2025-01-12
4866ff78-d013-43fb-aa40-41de50671c94,74aa7228-9a2f-4134-b962-469a7d876753,1806.62,1.28,2024-07-16,2024-12-22
42f793d0-64b7-49f7-b561-ba5e1592ba08,b89b7bc9-f7f9-48a5-bca2-4cae4580d44d,1111.76,9.9,2024-07-16,2025-06-17
8aa50899-cab7-4c4c-8351-80ae34dc499a,aab7fda4-a7da-4e1d-9820-8bf5d472b0bc,1614.43,2.33,2024-07-16,2025-02-03
a54f3146-22de-41c8-b3f8-4d339ae40431,780c1a99-c375-4387-aa35-f00c1a8df0ab,1048.96,7.53,2024-07-16,2025-06-14
19d2d524-1d1e-4f83-a0b5-a1a66b8792f9,f716dd7c-c5e9-435e-8067-deb843facad1,154.41,7.07,2024-07-16,2024-12-01
eef0098c-97e2-4e7b-a0d9-ed34a160a5c9,81627553-2c2f-448e-8c22-d6a920443593,1095.04,9.43,2024-07-16,2025-01-07
26661e41-09c1-453b-a4e2-bb426ec7f0fb,683948fd-9b9b-4280-bd87-b42d81e2de59,1877.99,9.08,2024-07-16,2024-09-23
98416d2f-1c75-4619-ada1-5a65cf67d8d1,2b18a986-51a0-49ea-a3ae-777cf38e2be7,1683.39,5.62,2024-07-16,2025-04-07
a23e7903-ae11-421b-89c7-4df4ea4af925,d3f81b3e-1c02-423a-8d55-fcd7c4a42c93,1352.72,9.1,2024-07-16,2024-08-27
1bf6d1f8-7142-4315-99f0-17082e1830dc,87a805ca-e656-4a56-b3e9-4332d1a769ac,620.99,7.58,2024-07-16,2024-07-24
d2cdc97c-7adf-475a-a5eb-566f5ff292fc,0b4566dc-3ad1-4e45-ba19-79a479aa13f6,1730.85,3.51,2024-07-16,2024-12-24
74eec41b-7bad-4326-be38-54765f0c3ec3,3fb61f13-0cf6-4b7f-9070-af695ed8d590,1807.25,4.05,2024-07-16,2025-01-22
b1314c21-bb1d-4f06-a842-60c1e1b10a34,e084d3b6-730b-4cf2-92b6-66611716d89e,1663.63,8.46,2024-07-16,2025-06-15
6e636764-4039-4720-b79a-ff3606212f14,32a59bcd-cc18-44a7-b4cf-d30a0d3507c3,1930.7,5.89,2024-07-16,2025-02-17
72d03f4d-d779-48e5-8716-76f64853dbbb,e003b75b-3c6b-4c32-8307-f28a33b4327f,618.27,7.41,2024-07-16,2025-05-16
e3ac92f7-10f5-49c9-8aa9-7c001e0c8479,d49ba8f5-8d9d-4bf2-a0a3-bc9ef9d61335,732.53,7.31,2024-07-16,2024-09-08
9bc04ac5-5802-410a-9220-8945104d6a5f,ea46dd2c-0b08-4da2-a7ee-b7bfbd1d73d0,1426.17,9.51,2024-07-16,2025-06-14
39b5ed80-e3cb-4284-bb5a-9cf6afe43441,8fcdb398-d054-4ba4-826b-52e9970f59dd,510.69,6.14,2024-07-16,2025-05-28
1bbbcb21-7a3a-4a58-b7df-826b9bbe9789,2de7c381-4fcc-405a-bd27-b488af9a3d4f,723.12,9.06,2024-07-16,2024-08-17
1f8336d7-e3b8-44aa-91c0-d16e0cea7d12,5dc42062-03b6-4414-9926-523704c2e540,1457.15,4.41,2024-07-16,2025-03-07
1a508f43-8636-432f-b22a-2330aad571a7,2467df51-c4fa-4b8b-8a78-410b848b0158,1456.37,3.33,2024-07-16,2025-05-14
1cf54a3e-037e-458d-93d9-9dbca8252973,246b35fb-5ca3-4538-8c19-598b7b81ce26,326.29,2.18,2024-07-16,2025-03-16
eae1db42-a80c-42b7-a923-1495d521c4f9,094e0c92-d70b-4b5e-b583-cce433ddd816,919.26,3.79,2024-07-16,2025-03-08
e7c3be7a-97af-4e1c-be02-44b33004f336,d1a1b806-22fb-4241-9814-24831799aded,108.53,9.07,2024-07-16,2024-09-11
189a0835-40fe-40f9-b7c4-2a9edd4a8aba,eca337dd-4e5d-4230-bdbf-531c8b5eb1bc,1858.18,7.16,2024-07-16,2025-01-16
544be4ac-d908-45d8-aa66-6750c6339ea6,a621d39a-88d8-427c-9c44-8773ef00df81,1902.28,5.53,2024-07-16,2025-02-23
cb9176e4-1133-4417-b564-d4f0a5d6fdb4,ca600278-a846-4007-adb9-2ffb9dba7834,840.79,8.34,2024-07-16,2024-12-20
888143d6-463e-420d-b15d-451f520018d5,17bf7b78-5387-45b6-9a4c-a7ea90a755db,735.84,2.91,2024-07-16,2025-02-28
16b5bd69-646e-4775-a7bf-9dd233e9469b,b6089d76-a590-4356-8cda-a03d98927bd7,1384.41,1.71,2024-07-16,2025-03-16
86640fb3-9296-4f91-af6d-233c8aced857,0fa89f3d-4786-4711-a2ed-35b7d4055bce,1649.95,1.64,2024-07-16,2025-07-11
a02119dd-b9ee-4c24-ad8a-98447f9228a5,bceb5f1b-c50b-41b2-a9d2-d4d56d8d889d,1473.12,6.81,2024-07-16,2024-10-09
2e4a4c03-ddc5-41cd-9026-b2c366dc9e4a,bceb5f1b-c50b-41b2-a9d2-d4d56d8d889d,316.83,3.22,2024-07-16,2025-04-05
249438d3-f485-4295-b85b-ddb9a15fba79,b628f672-e7f0-4162-912b-baf35b17042f,1353.53,9.6,2024-07-16,2024-09-06
92265571-f80a-4d2e-875d-be97b99215d5,cd86c210-a786-43b0-9ead-b85b993c1733,641.1,6.29,2024-07-16,2025-05-25
d7a75557-4ffb-4884-87db-b087b4360bfa,0d5fefcd-1e3d-41fd-b92f-de7ab0f69405,1918.02,1.61,2024-07-16,2024-11-11
899c7ff4-0c3f-448b-a1ce-99e5e5e86cbd,0c98b26f-4348-448e-8a0a-22ac273f75e0,716.48,8.58,2024-07-16,2024-07-19
949d5df6-e46f-4afe-9217-4146f1c01398,13673572-28c7-4e39-a133-12f09c84b66d,904.58,7.53,2024-07-16,2025-04-16
a0d8ce0c-de73-4fb7-ac0b-41b024fcd1e5,4b83b98e-d5db-4de8-89e7-129504fcadc0,1972.87,3.92,2024-07-16,2025-03-31
ccb94c2c-85ff-47d6-81c2-4ba05129e233,94904ece-0e80-42b3-ba2a-2c0e3c045e3f,426.9,1.42,2024-07-16,2024-09-09
11734e8a-ff19-41ff-b82a-ee05d4b2148e,f591212c-7920-446b-b1a8-d3d960bb0c87,340.56,7.2,2024-07-16,2024-12-05
ff23abff-2706-4548-812c-4bb4907f8c5e,a59df18f-e386-450a-bc0c-6612fb4f6834,1504.18,6.68,2024-07-16,2024-10-26
e4ea113c-3b1d-475c-9072-130626423ad2,a8d44043-0534-4d3f-81b6-6086ba978f96,999.14,8.41,2024-07-16,2025-02-17
5590ffb0-fbd1-4ce0-942d-ebd0f8261cd0,03a4a832-33dc-4906-8d23-1242c4979d86,1301.51,5.65,2024-07-16,2024-07-19
c626d5ae-078e-4a36-af0c-f6a07f79c896,29f239ea-e87b-4f83-90a0-e5184469a4e1,1768.75,1.61,2024-07-16,2024-11-12
eb576cc5-5254-46ca-bb93-54542178a6f5,4ca8fdf2-6edd-49b3-91f7-9018f0f941a0,1904.63,4.73,2024-07-16,2024-08-06
15a549d0-1783-4353-8293-53b529295b16,917e88b2-428f-4d17-a5dc-c1e993aa6425,849.3,7.35,2024-07-16,2025-02-10
48ba488d-bb20-4c02-9a59-b2941c8b6cdf,734c4613-4974-4c37-888a-f27b2e83c7c9,190.81,8.61,2024-07-16,2024-09-07
2090d3d7-ca26-4d83-afeb-ba422cf39e37,b0051471-bd79-4c06-acc2-8d788d4bb885,899.84,5.72,2024-07-16,2025-02-17
ef4cb8cc-e001-4cbb-9f30-8386aa995d32,bacfd533-b16a-4759-af51-d87ae33c7698,1509.04,5.96,2024-07-16,2025-06-28
6bed9494-2ede-42ca-9d11-9b25e3490355,ceaab1ef-c931-4f78-aa29-c364570caf03,181.44,7.46,2024-07-16,2024-09-08
3f125955-2e71-4791-b45c-33487cdfcf92,b79b919d-01d5-45d5-8fd3-0dfc532020f4,485.81,4.18,2024-07-16,2025-02-20
b53caef3-490d-42b1-991d-a7d41f08164a,425b8f82-cc29-48ee-8348-f20b8238383e,960.76,1.24,2024-07-16,2025-02-28
73fbb2c4-3d83-47b8-9fd5-44d221632110,2e92de57-6f13-42c1-867c-60f23d9ca9ec,1806.94,1.2,2024-07-16,2025-07-05
282c1edf-c94a-49db-9165-cde4b5040a18,a4fcbdee-b49d-4b3b-bff0-599ae2ba257e,1571.63,4.76,2024-07-16,2024-07-19
8cb9db1e-c495-422e-9c5a-a72b2b75723a,3607b9da-771f-4348-a874-b29c7e38656e,1280.44,4.26,2024-07-16,2025-02-17
a9d77b3c-599a-4f13-aea1-fae6124e290a,274cf778-6478-4e41-9465-6676215a351f,717.25,8.71,2024-07-16,2024-09-07
b6b3450e-8250-4350-b27e-b22c2e6d67c9,85780ec0-7f72-4351-944c-dbda9568fd2b,1406.98,5.98,2024-07-16,2024-08-14
b9e749dd-5404-43b2-a88c-21649111d626,935b499c-8f3b-48dd-9659-5549e852a91f,462.55,6.84,2024-07-16,2025-02-28
952251b0-4fd1-4d8b-99c5-5e5ab644f3a1,369ca845-c978-4eb0-bdd0-e3f8d02027cd,1074.06,7.46,2024-07-16,2025-03-29
80af0198-4ed8-4386-a0ba-b2c61a8013ba,ef8a31b7-fe13-4fe2-b56f-e8d8c99caac3,340.45,1.53,2024-07-16,2025-07-04
2617a96d-2983-48a8-aced-36ff59edb41e,0ca777d2-9eb9-4763-93b5-e7f4abfe0bdc,255.16,7.12,2024-07-16,2025-02-20
12b8ce03-b092-4947-9421-733be81b71cd,75e6725c-ea39-4b49-afb1-1397d726400c,410.91,6.28,2024-07-16,2024-08-20
0143a450-a449-49cf-91ee-1bfa6ddc3c18,67ce2b38-b655-4f78-8936-547214277e5a,580.4,7.09,2024-07-16,2025-01-17
6194add7-d31a-42bb-8c30-a1085590ac1c,6dec322d-4f3f-424c-8f4b-ace6c8944406,1989.98,7.3,2024-07-16,2024-11-13
26d3cd61-9dba-4783-9a7b-304c2c5f35f3,f5954c45-3f81-42f6-abf8-b33a5e6ff7ea,355.99,4.15,2024-07-16,2024-07-28
b4044e54-eee5-4d80-a8a9-3476dbb5e210,882fe6c8-ac5e-43e6-82c3-4c7b9a8d6969,1017.16,3.72,2024-07-16,2025-03-17
3c80517d-acfc-4941-9a91-c08cf5c610be,78da46d5-801c-49ea-a8a2-75010b63cdea,1874.29,9.31,2024-07-16,2024-11-10
4941d74d-1f51-4a4d-a5b7-d32678d3525f,dd3fd339-b87a-4b31-8429-753dcb6a2370,234.87,1.23,2024-07-16,2025-02-11
f57b456c-00d2-4d48-b99f-25a427f86358,5debc659-ee42-4a51-9197-cac0a76c94db,746.4,6.8,2024-07-16,2025-06-21
9c8c8a94-6196-4b6b-b861-a69742c61310,0bf25a8a-872d-4ba7-96ba-e7a91f23d71e,1730.35,7.05,2024-07-16,2025-03-18
de473df4-d6a9-48b0-bfb0-de2e074037a9,1b5f42da-fe0c-404b-93d9-3f2868cb8fcb,555.65,3.22,2024-07-16,2024-10-05
681e7a9a-5a6e-4395-834d-46dbd387ebd4,3eca34db-66d1-470d-8f36-b48f365db3d1,510.51,9.4,2024-07-16,2025-06-26
aa1a7396-b620-42f1-bf0f-d8d4aa5ac85e,9c66ffa2-2b74-48f4-b90e-f4b6ec060703,1525.4,3.53,2024-07-16,2025-06-08
e4f79495-0fa3-453d-95fe-4078564ac751,fe63a8f4-5dc3-4ce3-9bf3-d90fdbb292db,1515.58,9.61,2024-07-16,2024-10-24
e50c662b-4bc9-46a0-ae68-6ca8e6cbe227,f5954c45-3f81-42f6-abf8-b33a5e6ff7ea,1391.17,2.64,2024-07-16,2025-02-07
e5a8916b-5f9e-4265-8dee-825176dd34f8,562a4cb6-ae33-47e9-acb7-8595ab576ef8,353.57,3.03,2024-07-16,2025-04-07
f11c4a74-3ecf-4516-ac30-62326bafc722,780c1a99-c375-4387-aa35-f00c1a8df0ab,736.3,3.69,2024-07-16,2024-12-25
e9eb8f8a-5518-4ed5-a48b-cace2288b20c,0e528b5d-5654-4eae-a27c-df012d75203d,1912.73,6.78,2024-07-16,2025-04-14
d05150ac-acfe-423e-a42a-4351df2e8450,17b7a1d1-f32c-4489-b657-a4d5e9862af0,158.41,6.27,2024-07-16,2025-03-01
e4518bef-aeab-4919-8da5-57d5d9e66758,5665e21c-7863-437a-a176-9a9882ac5346,1436.44,5.44,2024-07-16,2024-08-20
1bb1b50b-340f-4f0a-98ca-f83ac55d42d6,b0051471-bd79-4c06-acc2-8d788d4bb885,1851.48,5.39,2024-07-16,2024-12-23
64680811-523f-410f-be6a-544cc0595ef0,44527f9c-af3b-48e5-9fde-152b03d2f09f,1054.64,2.63,2024-07-16,2025-03-03
495569f8-d5ef-4033-8b7f-88b2125f075e,a5e08853-4ef1-4216-ac01-3ea7ccc3cead,456.48,1.71,2024-07-16,2025-03-22
b29c3d8a-1480-4992-b1f8-1d0d663145b7,132e95ca-6823-4774-9982-e8493bacbfab,792.82,5.18,2024-07-16,2024-11-24
69b3b281-2fa0-4089-8166-51361d5fdc62,df3e250b-2031-4a0f-a535-34e09752cf7f,1718.47,5.64,2024-07-16,2025-01-23
282cd04f-0eeb-4250-886e-0ef7d27b80a8,4870e04b-118b-4021-8f5a-a39df1048261,143.19,1.51,2024-07-16,2024-08-19
740dba77-9f7c-480a-9e6d-2721b9edb158,0503e2cb-0b76-4ff7-b1d8-a1fea74505be,1830.34,8.84,2024-07-16,2025-01-08
00786ce8-677a-40cf-9212-20dc4a02e114,14e0e302-64f9-4fa0-884f-4095c3a71565,875.25,1.98,2024-07-16,2025-04-14
ec103510-f3b3-4a9f-b97d-8c88d8dfe733,b0ed74ce-26ee-49c2-bc0f-e29be429d7cb,813.39,2.5,2024-07-16,2025-01-13
b66f456d-9810-433b-b784-8b62023c901d,db5a46c4-f791-4075-a3e4-25949cf9682b,1854.46,2.4,2024-07-16,2024-09-09
1f6e8bed-c9f6-46a9-aed8-1a26fe186185,630ed070-10d0-4a58-a1f9-1baa7ee33a18,1516.48,8.39,2024-07-16,2025-04-14
a671e5dd-3b69-406b-8cc5-122a34f8af08,14070cab-f1c2-45ef-af28-6767ea185a4b,168.14,7.66,2024-07-16,2024-11-15
449b79d9-cb12-451e-aaaa-8c446533ccd1,af3e90ef-1e47-43a8-b7dc-30bf9f353b90,1532.59,6.95,2024-07-16,2024-10-01
fa04be90-64c5-43de-8ca6-d4953af911ea,99ae8d95-6cab-4f2e-878f-c3431ab2dff5,1216.48,4.97,2024-07-16,2025-03-06
634ec1ba-4f30-4ff4-a2d2-b8e893a872bc,4e6fc416-32d4-4ee5-a995-6e8138d2236e,1197.58,3.69,2024-07-16,2025-03-27
8919f172-629b-4cea-b3b1-54dd9326b918,9a3b8c49-fdb7-4838-8f62-1af7eaf0f24d,783.41,4.42,2024-07-16,2025-01-02
963460db-c8c3-4d53-9039-ab2d77efdb2d,aa004588-f7d1-4ef5-8adc-0ae53e588764,772.36,6.8,2024-07-16,2025-05-21
b888b5b2-264d-41f4-b4d1-0ae87573fc9a,7c8311d2-dc1c-4315-ad9e-82f4d778773a,365.32,8.86,2024-07-16,2025-03-06
d4fc427c-4c8c-43fc-922c-43b14f0f41bd,0c54dfbe-3214-4cea-be0f-c4440fe99218,759.26,1.31,2024-07-16,2024-10-11
b9309a66-a661-4fd1-a4b2-fe9ea9ce994f,022da67f-ae9a-4487-a691-badb30b829da,152.65,2.81,2024-07-16,2025-04-07
236ed649-2f23-4595-b480-a4da8d73b084,b8caa0d6-8265-4e2f-ba61-8a4a4ba39449,1202.55,5.65,2024-07-16,2025-02-01
40df17d4-11f3-428b-bcee-a308d2eede66,90d77d26-0f87-43c1-a86f-00d1ff53b82d,1419.58,4.82,2024-07-16,2025-03-06
93ff599d-55b8-40f7-bfb6-b0216457b034,7a38490d-2769-460d-9570-38e68a245997,136.91,2.47,2024-07-16,2025-04-12
9b185631-ecbe-478f-bbc9-71e68a316060,e09522fa-abf9-4b0c-9f64-b32a6cf6eebb,1172.4,2.68,2024-07-16,2024-12-09
367191df-ecff-4d6f-8449-3f2402f08dfc,4cf1e3c7-245c-43eb-aec7-4a0795f3894b,834.29,5.65,2024-07-16,2025-04-11
1e4f3256-c702-4e73-8796-1f4b19ca478d,b6a394dd-afba-430e-a487-dcf389a18a31,1287.73,2.93,2024-07-16,2025-02-28
95d165c1-cc02-4199-957e-79a1b96dabf8,c1e91344-9817-4384-8ead-dc8449ec27e8,1698.53,2.61,2024-07-16,2024-12-30
66ec46f5-276b-42c7-8c86-f044a48d56f8,68e538ed-f10f-461b-9e3e-3fb9cbc549c9,1359.33,7.93,2024-07-16,2025-06-30
ba7a3de0-cb4d-4a78-9a98-bfded9c3c93b,93027f25-85a9-4b1c-9124-dcd5c82e7383,900.96,4.86,2024-07-16,2024-09-19
8c67b6b7-12b5-4f57-86ae-7139f91b5847,2cf7affc-8519-48f3-a632-66c47a89f048,1266.07,3.32,2024-07-16,2025-01-23
5f66419f-dc5a-4779-adca-2c0f119f2359,87a805ca-e656-4a56-b3e9-4332d1a769ac,1273.19,6.38,2024-07-16,2025-06-18
bad5c060-17bb-4746-a916-418cf00d1455,b4098025-0be7-43f2-8ef5-5251b87842f8,494.83,5.48,2024-07-16,2025-04-30
caa5e21d-d301-4a99-98e5-9b3d94b6df4b,df1d9a10-0045-4924-bdd3-b76df8eb60ee,773.76,7.4,2024-07-16,2024-08-04
11e571d1-f706-4b67-8739-00caaf82ccf8,c0bdc20d-cda4-4030-9739-7820714500e8,400.8,4.6,2024-07-16,2024-10-12
6a4a553e-81a5-4db3-acde-2327fe7cc310,4025eb88-bfd0-4481-8de5-7cb6a2f18808,156.35,2.45,2024-07-16,2025-06-04
4b0cad22-abdb-4d93-a05a-d7e9e7544a35,17b7a1d1-f32c-4489-b657-a4d5e9862af0,1109.1,2.19,2024-07-16,2025-04-21
ce3f1004-6075-4e3e-83fb-fcd2571b0a0f,9fb2b2cd-e13f-4e91-bcec-18fe4a06ce26,1444.55,3.22,2024-07-16,2025-04-25
f5dae10c-8d0b-4665-9352-2bb0aca15e44,9fb2b2cd-e13f-4e91-bcec-18fe4a06ce26,600.66,8.09,2024-07-16,2025-03-05
87f14a04-eb5e-410e-92e1-1c9fce7dddb9,b6d2933c-dd58-4f1a-862a-f6a12410e62e,1819.09,9.68,2024-07-16,2025-06-03
a8fa7a37-dba1-4994-b2f5-1e92fcc4b22d,f12bb9dc-ec13-4a53-adbe-7735ccfc3c2a,1480.1,4.35,2024-07-16,2025-01-29
dc4665c9-2c3c-4588-880a-3ba00d1e4414,e6da1d2a-723f-488f-8bf8-de9d4b351a17,190.87,3.21,2024-07-16,2024-09-28
626804db-3df1-486c-aa3f-206ef8b9aef8,4dbecc66-a5eb-458e-924e-fd454b315dc9,1694.12,1.67,2024-07-16,2024-12-01
d83f0f4e-ed12-4be7-8e0a-413b43574bd2,f69a64e5-b565-4866-a9d6-0c495a72431a,1990.84,2.28,2024-07-16,2025-02-24
160eeb46-013e-4ba1-af95-a611a194f850,ceb8708a-6598-4c4f-9dbd-e3d3bcac32bb,619.68,4.2,2024-07-16,2025-01-18
7c1af1cb-5441-4820-9b49-df236484c85f,f62b2b4c-726e-4d2d-b561-0bbf76aaad80,562.27,1.27,2024-07-16,2025-07-01
68407ded-9bbc-425d-af44-dea2cf06d8c4,713f35fa-6443-44d8-bff1-ad0682e0238e,882.21,1.73,2024-07-16,2025-06-02
08d9a57e-1ff3-45b8-9e0f-79a94b5f0993,3817a01f-25e3-49cb-b013-ae2cc80322d9,977.61,1.57,2024-07-16,2025-01-13
fd081c40-e487-4faa-a8d8-6285838a2e0d,1db26605-12d0-4dcf-b904-587e8039e019,272.4,9.45,2024-07-16,2025-06-06
e951c7f7-97ba-42f5-8ffc-f14428ee4966,8dd3ccbb-0e19-4481-ab07-0befcafcba55,1758.28,1.94,2024-07-16,2024-12-15
03ee7740-c712-4a32-9b69-52539c3b9a9c,c845dc12-505f-446a-a93b-ffbe140ee46e,1082.72,6.91,2024-07-16,2024-10-27
e5e3f4ef-342f-4eb2-b5ad-e0dc4ac73939,cf14bf18-aa2b-44b1-8736-7cee0a0abe37,886.01,5.74,2024-07-16,2024-09-12
de855bc1-20c2-41d4-bfde-c707e86facc6,d7e1bb5a-19ab-45f4-b594-259465da8420,768.81,7.64,2024-07-16,2024-12-19
e543699a-d2bc-4c46-969d-8ba6011433ef,c0bdc20d-cda4-4030-9739-7820714500e8,1386.72,2.12,2024-07-16,2025-05-17
a0092dc1-8610-4e92-b590-64d0c17aeab6,e9c3c200-8f21-450f-a9d8-5ce4805ea08c,261.11,1.93,2024-07-16,2025-06-21
84181f5d-aca6-4d0e-ae6b-15b5b78a646c,84a267a0-e111-44a8-aafc-f39ac804e142,856.16,8.2,2024-07-16,2024-08-16
96327baa-f7f4-4c74-9679-487739aa1e1f,0dbbd9f9-7946-4460-9ebb-f0465f35e4f8,1412.27,3.79,2024-07-16,2025-07-13
672e3b2a-70bf-4443-a3f7-953130b1bcbc,7c8311d2-dc1c-4315-ad9e-82f4d778773a,1899.74,9.91,2024-07-16,2025-06-27
20ec336b-3f79-42f7-a6f0-95492925bfce,ae7757be-46bb-449d-8542-800abbb0b15f,301.93,7.08,2024-07-16,2025-06-25
95e116a9-6b45-4449-affb-97855b1387bd,7b071bca-cf11-46e1-a835-3f05295f22ee,1348.4,3.04,2024-07-16,2024-12-31
9cf08c99-7d37-49d9-a24f-b06af4432b29,814e8d35-842a-45fa-9be3-49ec90ca3612,1157.11,3.3,2024-07-16,2025-07-08
b88f2114-2eee-4483-a7e6-e7ed650380a6,01213708-bd6b-49f3-beda-b369f42ec648,1042.43,1.6,2024-07-16,2025-02-03
e9e5ed55-1629-4087-8a15-9df7dd01aa34,7f5c284d-10a9-4653-a548-720df563b837,1560.14,9.52,2024-07-16,2025-06-11
61210998-2602-44c0-ae35-1ec8972d8d4d,8891ab87-82cd-440b-9575-483b9d64fea5,1447.47,5.76,2024-07-16,2025-05-11
4f889f60-6922-401d-9bf1-52a004d0085a,3ba3e35b-7c94-4a0f-816c-0f2cca34d26f,785.68,6.24,2024-07-16,2024-08-01
f4e95a64-b39b-4ff1-b904-28893bb28d61,df3e250b-2031-4a0f-a535-34e09752cf7f,1672.72,8.47,2024-07-16,2025-06-16
18c4b1f0-00e7-46e2-a33d-66d168f49e07,7e189280-871c-41df-a674-f2fca2b6ea93,1204.13,5.62,2024-07-16,2025-05-13
e3c5f0bc-8c82-476f-921b-6aa4d42fbc3b,bf12cb30-c40e-4846-b9e2-e3157070f4b5,761.51,6.71,2024-07-16,2024-08-01
989b2172-0ae3-4b7b-a860-c924057e68df,70391cf9-9e69-44ca-8008-3a3b6df6ea00,427.49,5.54,2024-07-16,2024-11-18
e54c634d-3457-4e9b-b7e5-394cde8b7ee4,0aab1b15-e4ab-45d9-9853-add4f6f4bfcc,826.0,2.65,2024-07-16,2024-09-15
6af1a9a6-ed7f-43c7-90a2-406c2b1d671e,9d2fd799-b9c4-47a5-a87e-bf84e66f0b63,444.02,9.57,2024-07-16,2024-08-17
e1855ab2-1f18-4a2b-9826-1c008f570f49,8dd3ccbb-0e19-4481-ab07-0befcafcba55,734.33,2.47,2024-07-16,2024-07-24
30eb50ca-276f-4dde-972f-378f7b680074,ac041748-8afa-4f40-b6b6-6ec01162ead8,1720.37,5.81,2024-07-16,2024-12-21
c7e84dc0-1935-4c7f-89dd-8b2523ed9d23,658683ab-0113-4c4f-8288-f53b6b973943,1567.2,6.34,2024-07-16,2025-03-16
88442c3c-2365-44ae-931c-94493f5a58eb,a10d333b-13bd-4d12-8a86-d75b9532e5d5,147.95,6.1,2024-07-16,2024-11-12
0e756e95-44cc-4686-ae74-682d6b644367,75e6725c-ea39-4b49-afb1-1397d726400c,1940.65,4.83,2024-07-16,2025-02-20
4076ab1c-8a81-44e8-8a47-0e750c999758,6795cfee-6aa0-4163-b6c6-da690a0d861c,1561.31,5.71,2024-07-16,2025-07-06
4606dfec-2dcc-46cd-b83e-7ef077635c07,6b2fb5ff-315c-4b0b-a33e-40982e0944a7,1313.08,9.87,2024-07-16,2025-01-17
92f64fd7-080c-4eeb-b3cb-66d2c814718a,46bc651e-04ca-4346-9eeb-cdc4938ac546,1226.99,1.11,2024-07-16,2024-08-12
2930c82e-f64b-418f-ac2f-4bc95cc04cbb,57b7a7bc-95ab-4556-bd00-3b4af0841680,1477.63,6.13,2024-07-16,2025-05-04
81c40c18-5728-43a3-9662-e63b4346aad3,5e4493ff-fa70-4f63-85d8-4e3e6280880e,1360.57,7.55,2024-07-16,2024-08-09
a9fa7590-367d-46b2-87ef-3d3c6f753c05,369ca845-c978-4eb0-bdd0-e3f8d02027cd,440.66,3.8,2024-07-16,2025-05-15
b0e2707c-2c34-4055-932c-5ce087e95823,4bd622cc-4005-451a-acd3-55ab86b59bab,480.47,6.07,2024-07-16,2024-07-17
29d84a03-868c-4f06-8623-e2bbc36862d2,0ca8eebc-0196-4517-9fe3-b80fcf304b1f,1273.53,7.18,2024-07-16,2025-04-05
e9f6d80e-a636-4c56-afee-10457e259efc,297a5a07-6ff0-40b4-b558-144b2f2168eb,1081.36,2.46,2024-07-16,2024-08-24
bb7709e4-4af5-4496-8fac-466b12d8e808,898f7703-2d96-4ad2-bf79-6f2c93cd600b,1488.7,1.96,2024-07-16,2024-07-22
82d35195-c496-4ef9-9c3a-f4d810425ce7,d32c90fd-e63d-49f9-b21b-bb6efe4f9d16,925.97,1.01,2024-07-16,2024-08-02
fc092474-1bd3-4050-ac02-10fdce9eb706,6923a82f-88a7-40ec-840c-6a9e379eda6e,815.37,1.37,2024-07-16,2024-12-28
72d038fb-66ab-4e49-be30-df824b846e39,d3f81b3e-1c02-423a-8d55-fcd7c4a42c93,1178.35,9.66,2024-07-16,2025-02-23
acbbb63d-a58c-4d79-919d-e96dfdfb18cf,811d9930-c667-439a-b71c-d33a1ccd2326,1406.0,5.43,2024-07-16,2025-07-05
8a544c6d-6faa-4e0f-8bfb-b1d8af53080f,18b5901d-52de-4de3-bdc4-a8e7946d7ba6,319.83,3.38,2024-07-16,2024-10-18
7d3a92b5-17b7-4ec1-8f0b-87500626f4ec,d6a2632c-dd21-4667-af33-d84aff60ee46,877.81,7.55,2024-07-16,2025-07-01
e58b6b90-edae-4a4a-b28c-706c4dbb3c64,a46bd45e-e598-4e4c-9184-60f45c3a4c7f,1499.67,2.99,2024-07-16,2024-09-22
0c13cc12-c994-4335-8fcd-0a922936edea,50abd004-2011-42ea-aac2-7c1af6c44bd2,1461.67,5.8,2024-07-16,2025-01-23
95e6e296-aa9f-4cba-8016-3f1ccf3d1838,bceb5f1b-c50b-41b2-a9d2-d4d56d8d889d,1632.74,1.01,2024-07-16,2024-12-04
fb7a9a57-d36a-490d-ac4f-6fdea9782ea8,b6a394dd-afba-430e-a487-dcf389a18a31,770.97,8.39,2024-07-16,2025-01-30
9a056c9b-f645-4762-a0fc-d74efe8f64c6,b4198588-db1f-400f-a6e6-ad3d5e9278ef,481.75,2.44,2024-07-16,2025-04-06
d9e930ec-9e0c-49c8-a915-9a190f0a63bb,0cf25bd3-be2c-4041-a304-c96560743aee,1915.98,5.62,2024-07-16,2024-12-11
57e9afbf-4a33-4ad9-b495-86792264f3ae,d25088f4-4b61-459a-a493-c67dd266040d,798.14,5.17,2024-07-16,2025-04-13
b522d015-8d93-4338-8d41-746f543c477b,449c2950-d0d4-47c6-bc06-b77485085f11,450.45,9.67,2024-07-16,2025-05-06
1475623f-dba1-451a-ab85-460b800dae99,dbb74352-3742-4b29-b09e-8e3ae1630cac,1680.61,4.4,2024-07-16,2025-02-12
55fd3ea3-f6c8-407b-a36b-17bb4d8499f7,b6a394dd-afba-430e-a487-dcf389a18a31,738.63,4.95,2024-07-16,2024-10-01
65e97e0a-ac78-4235-8893-f38670c0654b,6ba9efb2-d5e5-46d7-bbfa-acf0947b6736,921.99,6.72,2024-07-16,2024-08-24
362b0718-8b98-4be8-921b-d7328df02e1c,1faa546a-3a84-4538-9312-36701e3a7e46,1779.84,2.5,2024-07-16,2024-10-14
4ef68473-3121-4896-bcd1-5dacdf7c72d6,aa004588-f7d1-4ef5-8adc-0ae53e588764,724.98,5.09,2024-07-16,2025-05-03
09e0902e-f284-4093-96d6-888621164c55,1685e34a-62d2-4f9b-b70d-66a4691eb96a,1919.78,2.07,2024-07-16,2025-05-08
cff375f7-0e58-436e-8042-973951d9f944,85d9bc6e-1e1d-410c-a73a-dabe5c600599,1262.05,7.24,2024-07-16,2024-11-30
801aa1b5-8680-4056-b6b2-c4423e7bd696,37dab297-1608-488a-9d4c-187ffa95afd9,1044.94,7.61,2024-07-16,2024-10-17
19106085-a6ba-4282-bee4-9b0e02a3e9be,164147e3-6faa-40da-b20f-aba5dee95261,165.13,1.82,2024-07-16,2025-07-15
e6bc56a9-5cf3-4f2d-b935-26b410bc1826,94904ece-0e80-42b3-ba2a-2c0e3c045e3f,272.36,9.7,2024-07-16,2024-08-25
cc15cda7-127c-4a6e-bdda-4a26168c85c8,1f4d6dba-bdde-474a-8c65-d8abe35b755a,1097.02,4.06,2024-07-16,2024-12-05
017f678b-60d5-4ebb-a9b6-9e65b4bb0aaf,c985c1d9-946a-4e26-80f6-a32512f7cb17,369.12,1.62,2024-07-16,2024-11-10
07f572b8-e571-41b8-b632-793ebecb3bd9,824e2ada-120b-4435-9958-4825e31b59dd,1818.78,1.3,2024-07-16,2025-06-01
0e725464-95fb-4e45-b758-7049bb1c8973,ccdc0080-c222-461d-9e38-d9ee9d51e22f,603.67,3.57,2024-07-16,2024-10-15
692ee490-ab74-41e5-a576-dbd6b6b18147,d41abd26-6e0d-4a06-bd15-5df03df3b30e,1468.54,4.15,2024-07-16,2024-12-28
d959e2aa-1458-42c9-aeb9-5093878983ec,697093ec-0561-49fc-bf43-55a3c5978093,350.36,6.74,2024-07-16,2024-10-14
5f67db32-dfe3-4bc6-b369-e55aedbc7010,1da40783-1d8b-4287-a5c5-a4a09ef635c4,1217.11,9.85,2024-07-16,2025-05-16
4c2b3e83-e585-4fc0-97f1-3390c35e33ec,bcff8cc6-49a1-4de0-bb73-83fe0fd5bbf6,827.07,9.19,2024-07-16,2025-05-10
b4657a69-5a43-4380-99bc-7359ba52260e,8f06d14d-eca1-4c36-aebe-863d34769e1c,1435.97,3.37,2024-07-16,2025-02-05
493092ed-32f0-41dc-a949-9082f25449f9,6302caec-34e6-42f6-97a6-bfec3d544401,1483.04,4.52,2024-07-16,2025-05-21
a47aa881-0071-458f-bfd2-08a0eb37a1bc,3817a01f-25e3-49cb-b013-ae2cc80322d9,573.75,2.62,2024-07-16,2025-05-28
7788ef3d-6144-43f9-9fda-b6149276a17f,d9f9725f-ae65-4318-bbbe-48dbf51e9b2b,752.74,1.67,2024-07-16,2025-04-16
5e42895e-3183-494b-b740-452d3b058a5a,6721ccc0-ad9d-4568-a14c-2f9171cec3af,106.9,6.59,2024-07-16,2025-01-20
a82efd22-3ad3-44bc-abc7-04154dc4ffb5,ea46dd2c-0b08-4da2-a7ee-b7bfbd1d73d0,373.89,1.66,2024-07-16,2024-09-08
9abec1af-811b-4b35-b53d-3b3ad59f4447,f3ccc7f1-b45a-494c-8fb6-dde90eeef958,382.94,3.81,2024-07-16,2025-04-23
fed3903c-90c7-4d54-8aab-96192f523819,9ac576fd-1592-4ad1-b45f-ed63665cb4e0,1795.69,1.2,2024-07-16,2024-09-12
cc2af0c2-282b-44b2-92ba-26ef3b322790,456caca2-6da5-43bb-a428-c568ae2b974c,494.32,2.03,2024-07-16,2024-11-19
9f441b62-65de-4bf4-b4fe-9ce8f37f11c9,f16fbee2-c408-4372-a6e6-29a1491305d0,1286.55,3.59,2024-07-16,2025-06-16
1dd722c2-4de4-4631-9c43-9981f58e1c56,d5cd43a6-81b0-4251-80bc-145be667aef2,1038.07,6.87,2024-07-16,2024-12-25
ba4cada5-a13c-4702-bd66-2e6ef1fffd4c,0ea64f58-ae06-494c-a3e1-b9434e6e86f3,1084.3,4.42,2024-07-16,2024-10-14
ee9a2ed6-16e5-4963-a554-18bea50415f8,6d4c5b86-9625-4ff7-9eee-42eac6d0a9c7,830.14,4.93,2024-07-16,2024-12-13
6f38c82d-7bea-4026-89a6-eaac75223239,6cdbc6e1-c8f2-4e44-8a32-2ee58d1df38f,1729.79,2.8,2024-07-16,2024-12-07
fcc45a3f-f6b2-46f5-b050-6127c5892aaa,c4a83b77-0746-410d-8a0c-4758be0b26a1,279.94,8.39,2024-07-16,2024-11-14
72a1e100-472d-4e5e-ad3e-8f2f02f61b4d,6795cfee-6aa0-4163-b6c6-da690a0d861c,318.31,6.83,2024-07-16,2025-04-09
15a03404-2005-4b79-b2fe-6e7285d9c744,2877137c-4468-44b4-b41a-faf20cbc74e3,712.88,7.69,2024-07-16,2025-02-18
ab1e2627-921e-49f7-a115-92bc1b62b122,ba1c7bc4-ea7b-4661-8b47-065093a1dd74,1717.57,9.41,2024-07-16,2024-11-24
b1d53962-907f-431f-8047-283f618909de,84a267a0-e111-44a8-aafc-f39ac804e142,1799.41,7.15,2024-07-16,2025-05-27
37d15ff5-96f7-4e83-b359-43616ac34ec6,125804ea-cf36-4bc0-b866-5f8da4fe0edd,1374.38,8.77,2024-07-16,2024-11-14
7570f29d-12a7-48a3-9cfe-a4f7cdd297c5,4e6fc416-32d4-4ee5-a995-6e8138d2236e,1445.08,6.2,2024-07-16,2024-12-26
18d9ef3d-71b8-49fd-97aa-df03ffa5f00b,0c52a8d3-a3e5-4fd3-8e1e-e2f59ed7d674,1896.06,8.01,2024-07-16,2025-04-08
dc2f7168-9d7c-40ca-8b64-f724bab93119,a13241a0-4edc-4793-86fd-cb6804cd1f41,860.15,6.78,2024-07-16,2025-01-27
d1f57dc1-d40e-4952-a297-63279bcfe233,7e189280-871c-41df-a674-f2fca2b6ea93,1237.14,8.63,2024-07-16,2025-03-26
6ad3ba6e-3f87-4d09-82f3-27945670b850,ff1c478f-a765-474f-9c94-0e005ff1197e,1015.34,3.89,2024-07-16,2024-11-17
fc2524de-bd31-4786-b83f-eb99c18f7ec4,a74da7b3-637a-43e5-9616-31d36742039c,1553.08,4.33,2024-07-16,2024-08-08
d864c6e9-0562-480d-9909-4a1ad5060eea,7bf476a2-eaaf-4cf8-b9da-1b9d9b626e41,285.77,1.72,2024-07-16,2024-09-25
f1e44338-5845-4dfc-be7a-1294d3a49e1c,ce1ce25e-f7be-4061-a5f9-44d5d3aeb1e6,1303.19,4.32,2024-07-16,2024-09-13
8115d5cd-d7a5-483c-a99d-01943b4ec70a,e7ea0ae7-f8c2-44f1-9972-d71e563c9a8a,1930.91,6.26,2024-07-16,2025-03-05
0f018552-82be-4520-b00d-9aa64a6d85dc,297a5a07-6ff0-40b4-b558-144b2f2168eb,1439.23,4.49,2024-07-16,2025-03-06
4e7fac98-9dc9-4c42-8ca2-f5d4ac640e92,b869eff0-58ba-44b7-9639-44e3caeecb82,1120.71,3.62,2024-07-16,2024-08-11
8f7ae125-69de-432e-8318-a9dd5f1fbf51,e37d2c69-a15a-4101-a0c7-0c699e00ba3e,1347.13,3.13,2024-07-16,2025-05-13
ae42b824-2447-4ce8-821f-9f1fe348ce17,ff2ba713-711a-4577-9455-0c5f73d53357,313.25,7.41,2024-07-16,2025-04-06
e83df685-8f57-45fb-b9ee-05aa6e37a929,589e02e3-d551-4d9f-bf71-0743f2f116a7,1933.89,2.9,2024-07-16,2024-10-10
8b686abf-6b05-49db-9c8a-4cc2ab125c97,0922a666-b4a1-4520-b928-5aa6f6c34cae,662.11,1.02,2024-07-16,2024-11-26
4e007c03-470b-4868-a0a7-977bbdcda709,b3c0af43-e335-451a-8647-c29abb9e93b8,691.41,6.99,2024-07-16,2024-12-16
4704e844-ec0b-414f-b2c9-f558cb0583e3,c319f9ec-c7ee-4894-b42a-514160477c54,1382.65,9.29,2024-07-16,2024-07-26
3cf47981-75a1-4c40-9ed3-0296fa889a73,a247a9c9-6102-41ea-831b-a86bd7131c91,1553.38,6.02,2024-07-16,2025-06-20
2c487158-1147-4860-ba62-56bff1d6a3ec,b4198588-db1f-400f-a6e6-ad3d5e9278ef,627.67,8.58,2024-07-16,2025-02-18
c808aa68-7ae5-4cec-b652-6326e7a2955c,c1b255db-fcd3-4961-b710-896ac8adfba4,1242.26,3.89,2024-07-16,2024-09-06
95d11f2d-afa2-4981-aedb-c041776d32df,95a68f02-f6f3-4913-8fa0-528491d076ea,1777.69,4.15,2024-07-16,2024-12-10
02673955-2191-45b2-bbf3-430e8aba447a,8e709f55-66dc-4b92-afb9-3b09d7bba745,1370.01,1.77,2024-07-16,2024-09-19
ac5f6e0f-2868-4292-a71d-b99303abe4c8,65529a43-233b-49a4-9ca7-4d75498308b3,261.44,3.98,2024-07-16,2025-02-10
da3de71c-f5f9-4c25-a55c-ea2fe4793a71,2f4560fa-7742-4dac-85b6-1579ee65944a,1720.64,1.34,2024-07-16,2024-12-16
e239330e-f9f8-4cc0-924b-bab1c5e1cc30,2950f78a-0585-4721-a807-dfe4326d70b8,1353.42,3.38,2024-07-16,2025-04-19
0a2b33dc-d745-48aa-b7b4-803b7af22b91,4bba37c5-5be7-4227-b4f6-e4a4a4a2e68f,169.19,6.11,2024-07-16,2025-04-14
2c153f10-b73a-4e66-9c2d-30286b4bd0ed,e003b75b-3c6b-4c32-8307-f28a33b4327f,1032.06,7.58,2024-07-16,2024-09-16
1557deef-f131-4f08-9a2b-8e63824893af,f0d63b21-c276-4e01-9e7f-66241b3bfaba,966.45,7.63,2024-07-16,2025-06-23
baf5d4e4-6e1f-49ef-956a-1dccccf1cba6,1228f2a8-17b8-4aae-87c6-304b71033d65,866.74,2.64,2024-07-16,2025-01-30
f5181fd5-1810-46ef-b2cf-a31c7d8077ed,e66d86e3-119a-4e0f-b574-0b67509d02e1,1019.98,4.53,2024-07-16,2025-05-13
bac56bdf-3369-4814-adb2-702595ad6f20,29f239ea-e87b-4f83-90a0-e5184469a4e1,1429.22,8.15,2024-07-16,2024-09-17
46f1185e-d4cc-464d-8c8c-d39d633ec570,af698bf0-135a-434a-9936-4598f9d05f7e,598.33,8.14,2024-07-16,2024-09-01
3de4f981-e131-4f0f-9e85-1dd02c36ffad,7cac9862-046d-4ae7-8b2b-3e49d0241d76,411.85,6.66,2024-07-16,2024-08-28
67e15fbb-7dc5-4a26-9cf6-d4789ad39f66,90c13b52-4329-4c7f-908f-ad1962cbcc97,941.29,9.55,2024-07-16,2025-02-08
96ca57df-7932-497d-a6ce-cecbd0c866b7,bc22af0f-9e62-4a6d-9db3-a08d99b5c297,1621.12,5.62,2024-07-16,2024-08-16
ac0deb1c-5347-4ba6-ad80-04de4071293e,688ab182-b251-4e8f-80a7-7139655717bf,1585.16,9.93,2024-07-16,2024-10-10
ef6fc78d-7fb8-4923-81a7-ac4de1945a19,1dd27780-f136-47f0-b4e8-8134339d9e99,1754.76,9.94,2024-07-16,2024-08-12
767e378c-e349-4fab-af78-215e10b3322b,39580d6d-bfac-491f-a040-b6b2f1acfa60,231.58,5.29,2024-07-16,2025-01-07
95844c7b-fc59-4580-8f6e-7a3967c55423,4cf1e3c7-245c-43eb-aec7-4a0795f3894b,570.8,5.63,2024-07-16,2024-09-17
35125934-7d0f-442a-8284-2b37548a614f,ca410efd-0fc2-430e-924d-0d0b4ead258b,1190.86,2.39,2024-07-16,2025-04-07
4a60dce0-85fc-4a6e-be95-030f53e3a629,30c3a923-4bfd-4f51-bb3f-df407b390f40,470.35,8.24,2024-07-16,2025-02-16
c32bdfb7-8c84-41fe-aa6f-ae44d1cfc257,e1113268-4210-47f8-b520-ebdf4ea45ab8,338.59,9.19,2024-07-16,2025-01-15
4a2051e8-cc45-4a83-bf29-f3b76babc3ca,2d0e1422-2290-49eb-9524-69487ffb725d,945.86,1.91,2024-07-16,2025-01-30
d099b257-f318-41d5-9679-fa0380a5f22a,4fdd28ad-577e-41c2-8678-d3205b4b6694,939.57,7.18,2024-07-16,2025-02-17
c25e21cf-7a7c-4ef2-962e-c8ff7304d7c5,d0706e9f-7394-49ae-b0b0-cf8ded081192,235.53,9.61,2024-07-16,2024-11-14
c23c63ad-2a5d-459f-855a-3f3e4c61f76f,2faa5193-f799-4a71-8731-858f1ccbbc17,1258.71,7.0,2024-07-16,2024-10-28
54e54ef3-900d-4432-aa11-a0e4446da09b,c985c1d9-946a-4e26-80f6-a32512f7cb17,300.78,6.04,2024-07-16,2025-01-15
