goal_id,customer_id,goal_name,target_amount,current_amount,start_date,end_date
92c27d14-1170-497a-99b0-2bcdd2bcac12,630a1e54-a626-4a01-aae7-05f42f093559,likely,37663.73,25453.62,2024-07-16,2025-06-19
950684c0-5969-4cab-a122-a74891ed94c2,d391fe8f-afec-4f9c-8006-99aa6c5b4345,put,29824.41,36802.25,2024-07-16,2024-07-21
14063999-2aa8-4151-8fc4-934cbef17599,09a8c654-cd95-48fe-9cd0-222cde8c895a,pick,37546.24,14349.04,2024-07-16,2024-10-23
a037095e-7c6f-4514-a44b-3dd997801384,55ad27a4-6f09-448d-9a4c-953e10988fa2,job,32341.56,19668.23,2024-07-16,2024-09-03
c8c4adab-891b-41d6-bc94-8841107afb5c,0922a666-b4a1-4520-b928-5aa6f6c34cae,play,36925.3,36349.18,2024-07-16,2025-04-09
ac1e4100-1b8e-4ab6-bfd3-1a3e83a56395,658d09f5-c7d3-4a93-a1e1-660bea95a8e6,few,35197.51,22303.7,2024-07-16,2024-12-08
c18d05d4-1cbd-4267-b800-e5c987173fdb,3f7d02a2-3f06-4e8c-8a3f-d1f1ac251990,campaign,17256.92,36359.93,2024-07-16,2024-07-28
7e24ed8e-e63d-472f-8373-6d8cf0dfa804,f8815a6a-88da-4d66-b0ec-2b00eabfbf6b,buy,25376.46,46041.36,2024-07-16,2025-05-30
1291b220-a8fb-447e-94f4-d2895c48f38f,538edbf8-28e9-4ffc-af7c-f11fff031d34,one,28119.52,38325.03,2024-07-16,2024-11-10
56e9dfd5-6883-4e7b-a186-8e9a401ebea3,4201d835-b227-4af2-9ff6-9f7c1efae8dc,best,16201.17,17648.96,2024-07-16,2024-11-24
598c6891-7719-44c8-875f-1a954520e699,37cdf98e-4118-41ae-bc78-c486131f5e4b,newspaper,40921.47,49674.32,2024-07-16,2025-01-13
0559ab5f-b037-4632-9a06-e245d60b69fa,0d6648a3-6b0c-4d2d-a3fd-7c6a3fa8d7d6,year,22288.09,18226.11,2024-07-16,2025-02-17
63402bd3-994b-4133-ae98-b57869f55f59,734c4613-4974-4c37-888a-f27b2e83c7c9,wait,49014.42,19164.21,2024-07-16,2024-12-04
76e1d820-bb98-4f66-9711-f44cf472e86f,9e1c2d6b-299c-4b57-a9fe-b09f64c427a9,gun,16215.52,42035.04,2024-07-16,2025-04-18
864aa4a5-13cb-46f3-ac9b-0b522587a0b7,655d2aea-e160-4b54-898d-1b33355350ed,control,8852.96,27136.54,2024-07-16,2025-06-26
70c3c40d-badb-4a78-afa7-db87ddbecd56,64181158-aaab-4bbc-9290-6b62176e5062,what,47133.41,21599.26,2024-07-16,2025-04-10
6e0cd3d7-f309-4705-8a26-110ff642b813,a43f81df-f485-413c-b0bf-213503ade474,push,26267.11,44720.67,2024-07-16,2024-11-23
f5dca627-fb40-41dc-b450-00008795ae19,835b1563-a0d4-4018-a457-162722dfcd9c,paper,19513.32,45206.41,2024-07-16,2025-04-23
39ea39f3-243d-4e9c-880d-3be55aca8de2,1cc6425b-1306-4911-9c31-5a5e8d92b39e,prepare,9682.01,21301.73,2024-07-16,2025-06-03
638bad0f-58f4-4579-b3af-17659807311e,a061f517-ecd6-4393-9ab3-a82408469e5f,surface,21159.8,627.91,2024-07-16,2025-05-29
36381859-c733-434a-9272-f436e3397209,e836b3f5-21d8-487f-a65f-02aef9b9f2f3,usually,38908.48,26764.24,2024-07-16,2024-07-18
03b7751d-6509-420c-b3e6-391678840e41,9a92540a-d56b-4296-8a51-27e61b11781b,in,2812.78,2251.27,2024-07-16,2024-08-30
574e34c6-c690-4100-a8fe-1048844d9cf6,85e1fe88-c2ed-49fe-bfa3-80c9468708e8,society,10551.46,22513.62,2024-07-16,2025-05-20
8a36edc0-fcae-4d53-8e90-346aa41615f3,8466f015-ca8a-4045-bfb4-1c87430f9b61,along,28363.41,19633.4,2024-07-16,2024-10-15
0743858c-3c7f-4e36-9cd3-febfa88cb092,7a277a51-fa96-4de5-aa41-75dc276ed854,majority,49513.27,49369.18,2024-07-16,2025-06-29
714707b2-a789-4aaf-b910-403382ffb09c,67ce2b38-b655-4f78-8936-547214277e5a,really,42834.46,37202.43,2024-07-16,2025-07-13
5a0b330d-2db0-4cc7-8bea-587f19f8b83a,1710a3fa-2dae-474d-a59e-da86fb39c227,leg,12725.11,2481.94,2024-07-16,2025-01-28
cdc6ac14-d4fc-42b2-a0fc-37aff46a3933,bc489d61-4b29-426f-aecd-c76a744db4ac,phone,15951.32,11788.85,2024-07-16,2025-01-25
33261cca-ef72-4880-bc9e-7de74ba200ca,ae880d48-3df9-4a50-bcbd-212b855a5b69,want,21092.64,9225.29,2024-07-16,2024-11-13
d8cebc7a-9abd-471a-9591-ef85349e9ca0,320670b0-272d-4b67-8a91-4d4c61e59639,eye,44917.15,14308.85,2024-07-16,2024-07-21
f8154df3-f24f-4464-9686-0c12e3505f32,c845dc12-505f-446a-a93b-ffbe140ee46e,leg,8008.77,929.82,2024-07-16,2025-02-21
b156e7ee-b2b3-44c9-939f-03149128d451,b6089d76-a590-4356-8cda-a03d98927bd7,growth,34572.99,39878.42,2024-07-16,2025-06-08
c1806bdb-5fe2-4c39-9c9a-29a2122b154d,218dfeb7-8a3f-42f6-81a4-f261b94d7fd2,usually,755.47,19366.9,2024-07-16,2025-01-29
728455da-0a95-4e6d-9b6e-680de5f65168,76828214-8ddc-4536-bea3-59c7a317c36f,much,22311.38,46770.94,2024-07-16,2025-02-02
d6fb9558-a1d4-4f70-b253-6e4ad7266b5c,3817a01f-25e3-49cb-b013-ae2cc80322d9,serious,15403.48,1498.96,2024-07-16,2024-07-27
0d0da29d-87e5-42e6-8f4f-7d52ec5be21b,dd3fd339-b87a-4b31-8429-753dcb6a2370,line,25946.66,9796.65,2024-07-16,2025-02-27
0675bf0d-7144-4bf7-81e0-b5387ebc8517,36d8b98d-c7a2-43ec-9015-86aa4a1bc300,store,28571.41,21853.53,2024-07-16,2025-06-28
1e20912c-d44b-475a-a1fb-463a8620bbad,93f724ee-16e1-4e13-815e-b703b1a0ea0a,offer,38277.03,4666.31,2024-07-16,2025-03-11
e5b791be-b457-4d4c-8eed-88550a7febcd,1fe6a07f-c402-441a-b3c4-acfdab0806e9,it,3879.67,41546.86,2024-07-16,2025-04-07
99fa69b3-a494-43d6-bd62-c7fa46d5e7c8,814e8d35-842a-45fa-9be3-49ec90ca3612,media,40073.76,24901.06,2024-07-16,2025-05-15
bcd38df2-9fa0-4cb9-b3e8-5dc3cc16870b,78cf4968-a022-471a-a88f-a6f6145c4140,born,14256.51,21916.62,2024-07-16,2025-02-05
0aec4987-c4b0-4747-99c6-8ccbd4830ddd,82739590-f028-42c1-a7bb-e0e53a8f177a,community,40707.85,14252.75,2024-07-16,2024-09-27
b5697a26-3c86-4bb5-bdc6-7d025e80d469,fbf2c26c-4c6a-49b2-b46f-282f9886b501,particular,38250.55,20945.18,2024-07-16,2024-12-23
7f47ee96-820f-4e2d-9eb2-ad163fc112d2,562a4cb6-ae33-47e9-acb7-8595ab576ef8,capital,49033.56,49983.2,2024-07-16,2024-11-02
1bc3b8b2-fe62-40f2-9a09-5c6220984e19,1685e34a-62d2-4f9b-b70d-66a4691eb96a,somebody,9981.34,47319.05,2024-07-16,2025-04-16
8196518e-b666-401c-afef-bca37c608882,6ba9efb2-d5e5-46d7-bbfa-acf0947b6736,Mrs,43878.53,49961.77,2024-07-16,2024-11-08
be4c2a21-db08-4eda-87a7-ec8279f900d4,6302caec-34e6-42f6-97a6-bfec3d544401,blue,19239.53,5488.06,2024-07-16,2024-11-19
9f5e0957-3d92-4abf-93df-54fea2271312,e226db6f-64f2-406a-ae5f-eff23b6fba27,stand,2386.01,18971.7,2024-07-16,2025-06-08
58fe8441-f8d8-469d-bd06-534f5abc5d16,b7b777a8-7578-40e9-8024-5bb47ad05f24,mouth,22988.64,36736.27,2024-07-16,2025-01-21
69daf221-c06d-4167-9550-ea1b3279ccae,c56ed9c5-e76a-467b-880e-0a100ce2c438,call,23292.12,2979.28,2024-07-16,2025-03-23
246bb381-30b2-4238-9f41-ffe5a64ce9d1,b1163cf1-baf0-41f5-b6e1-b4f0daacde45,report,34657.64,16592.95,2024-07-16,2024-09-22
951d00bc-26e0-4187-ab91-396e21eb68c3,15eb61b4-6ac7-46fc-b936-9a8cf17c0a13,American,32835.32,27656.68,2024-07-16,2025-01-14
35499f0e-1c6f-4c3d-ae8c-5d2c7d05dc66,3a828cd6-25c0-4a0b-bc7c-c339b0d9ffcf,issue,28471.14,29187.44,2024-07-16,2025-02-17
80a6814f-75a1-4476-a997-4964a897edc6,70391cf9-9e69-44ca-8008-3a3b6df6ea00,us,28050.86,4986.96,2024-07-16,2024-11-01
550ee658-56f9-45ed-b13a-9f74559d9201,3bb6a28e-3b51-40ad-a8a3-7f0549e73a1a,strong,18185.34,29775.57,2024-07-16,2025-06-27
e83ab4d7-9faa-4dac-82d1-a0ca88a3a896,d073be7e-bc04-4129-9b8e-c97a1918bb7d,should,27052.0,9616.24,2024-07-16,2024-07-18
99dfebf2-1999-4385-b23a-fc21f3ccb513,835b1563-a0d4-4018-a457-162722dfcd9c,one,19912.54,30610.69,2024-07-16,2024-10-22
b3e23261-373f-44ac-9628-2575c16151e8,02fa7d18-903d-4e1c-bf2d-18775f8b72fc,military,30332.19,43912.15,2024-07-16,2024-09-12
03ac326a-317d-4055-888c-ff0d538f5fb0,6594096b-c286-451f-9ac3-b570cb5f90f8,stand,40512.49,25549.5,2024-07-16,2024-09-01
29d73ce8-9d22-4505-a510-327676e71c4d,65529a43-233b-49a4-9ca7-4d75498308b3,hair,9652.26,3762.77,2024-07-16,2025-01-05
de75061f-ad78-451b-bd2e-a71a638d05a3,583e04ad-bce0-407c-be2d-7b5a49075840,small,6882.25,41414.94,2024-07-16,2025-05-12
402204d7-0f7b-4dc5-b04c-cca5f9fb58a5,630a1e54-a626-4a01-aae7-05f42f093559,that,12851.48,33162.27,2024-07-16,2024-09-01
db1ee7ec-8ae3-47f5-8244-ee0a5893202f,7d87cc42-4519-4966-89d4-1331b9f4d282,very,34357.93,11673.8,2024-07-16,2025-05-07
6ebbc929-4587-48e6-a7ab-86a751e1dcc0,a896a222-0106-4aa2-ab46-59e636ca1a38,option,38615.86,13552.6,2024-07-16,2025-01-14
d8b4e822-12eb-4cc6-81bd-defec32361fb,76d1555a-04d5-491a-9404-de3bf0b122dd,training,5761.53,6262.44,2024-07-16,2025-04-05
8043f2bb-683e-416b-9bb2-3213c1fff452,2950f78a-0585-4721-a807-dfe4326d70b8,face,48463.41,31229.38,2024-07-16,2025-01-24
e73622a9-68a7-4388-b256-f5aa709e7bb3,b7b777a8-7578-40e9-8024-5bb47ad05f24,all,5125.54,37865.16,2024-07-16,2025-01-10
0333ddb2-0de3-4854-87ae-d5a13fbf405d,eaa09c74-0738-4329-a1a8-64bce4f96cc3,day,40962.8,39561.39,2024-07-16,2025-02-14
d7d9dd6a-01da-49bd-a42f-d79ea6699dbd,5fd34c06-2dd7-491b-99fa-f3e00ed6cbdb,trouble,21685.5,29053.38,2024-07-16,2024-12-01
9d89f71b-3164-4560-a65e-fbff99761c71,f591212c-7920-446b-b1a8-d3d960bb0c87,history,13643.18,12411.11,2024-07-16,2025-02-19
c9e4a6c4-0643-4c01-8205-a64e53f559d5,fbfcf5d8-ebf6-4044-8a24-33ce28e4f4c7,line,14280.56,47686.45,2024-07-16,2024-11-30
ce8d57cf-d6d7-4089-9d15-78f473b0db76,5520723f-22ee-4fc2-bd6d-44b800cce451,woman,19418.87,39280.51,2024-07-16,2024-07-21
eac93ee7-7285-4344-adee-32d2ee2017fe,4f7aa179-5113-4726-880f-da7e23b79580,peace,32847.72,44068.87,2024-07-16,2025-03-16
a86e4a31-a26d-4627-b773-6944c9e16872,57576797-adb7-4cb4-99ae-6fb391529b9e,international,980.65,13595.9,2024-07-16,2025-04-06
d125565f-4f49-4ef8-8fbe-3f61f86676d0,df240465-3590-4409-9bad-f3487809c961,carry,40714.33,24219.78,2024-07-16,2024-11-07
d0c47881-95c4-4da9-9e9f-8823bde9d0f6,63624f56-8f53-4ee1-a58f-0145a7f00f08,effort,12919.43,9695.8,2024-07-16,2025-03-03
4fccbc9c-e7b6-40cf-8878-947eeb2d3155,90d77d26-0f87-43c1-a86f-00d1ff53b82d,any,11021.84,45096.9,2024-07-16,2024-10-24
53b008ea-b5fb-452b-b4ab-5c4a13c8a9d3,1f0b0af6-9df7-4c0d-822d-41c3042da797,brother,43632.65,22947.55,2024-07-16,2024-08-07
fc8b8598-a990-46d8-9403-acb147b28ab8,538edbf8-28e9-4ffc-af7c-f11fff031d34,build,27593.9,36032.01,2024-07-16,2024-08-04
b381a4fd-8657-4f8e-9319-8c085ee2e392,30e78793-37e2-4ed7-8f63-9197c604a549,share,17754.8,18023.7,2024-07-16,2024-08-23
dc56fd8c-f4c4-4b64-85af-cca0b54e9528,c319f9ec-c7ee-4894-b42a-514160477c54,around,40460.05,37987.75,2024-07-16,2024-10-21
7d942176-f321-4688-9ab8-a195c5c68ab4,842e877f-8ebc-49ce-9c80-eb3590f0ce97,great,21707.42,27938.39,2024-07-16,2025-01-11
7e6ce371-6a3f-4ffd-95bc-42a6cea404d6,f0d63b21-c276-4e01-9e7f-66241b3bfaba,around,38880.18,25149.17,2024-07-16,2024-10-12
32741147-3638-40c4-944c-7507779bf7de,91a88d3a-7480-459e-8a17-74cc3c0bebb7,onto,39319.91,33528.35,2024-07-16,2024-10-26
ad8e09e9-db8e-4749-8c32-f189c59661cd,9a92540a-d56b-4296-8a51-27e61b11781b,tree,44305.8,27298.26,2024-07-16,2025-03-02
4fd38615-4318-47e9-b153-090f42f3dab4,9675a0d7-e132-4815-ac80-3ea6fb1b7a1a,statement,28238.65,35876.38,2024-07-16,2025-01-05
44e21c4f-88d0-42a9-9563-8664032edcee,aa2f6186-95e7-41e7-9542-70facb804910,probably,2465.12,21573.89,2024-07-16,2024-09-25
14dc5ad1-3da1-4d2c-9e39-24660a582d35,538edbf8-28e9-4ffc-af7c-f11fff031d34,role,22700.19,12284.88,2024-07-16,2025-07-03
03cbdac3-9a5f-4431-9bc5-1a0e9da19170,6bf8b3cf-98b5-4d37-ab3e-85433d900abb,around,48542.83,48308.4,2024-07-16,2024-08-05
b79aeab1-466a-4281-b9d2-3792f18ca2fa,d0706e9f-7394-49ae-b0b0-cf8ded081192,yourself,27120.22,22651.62,2024-07-16,2025-01-02
74d6b5e0-3fc2-4261-a87a-404ddeb9e0ea,02775286-eca4-45c3-8e2c-be3a8f743df3,my,12003.23,23750.64,2024-07-16,2025-06-27
fe9503ce-a9a8-4f4e-a8a1-a00e1e586d69,bade8998-a138-47e0-a61c-0d64757418ed,theory,31039.43,35276.67,2024-07-16,2024-09-19
7553909e-a165-492f-b111-fcd8618ad421,50abd004-2011-42ea-aac2-7c1af6c44bd2,town,35552.08,48596.28,2024-07-16,2025-06-10
a749927e-94b8-4b6f-92da-1c942f715056,9f447755-6b76-4fb6-b10d-403e13b8b9c3,rest,32406.42,33559.77,2024-07-16,2025-06-08
a12d3443-720c-4344-98b9-16f9d1f548b1,c1d0106a-970c-4843-96eb-83ddf9bdce3f,product,19220.41,1650.48,2024-07-16,2025-06-21
54a78bbf-639d-453d-83bb-41c425e3f97d,5c3d9a13-2566-4b49-af71-b343409d5e28,growth,27273.51,34873.63,2024-07-16,2025-05-22
f210ba03-2ff5-4383-bf6f-76c0b521c4bf,223fd757-edd7-4024-8882-7118e145e73d,herself,19063.93,13833.44,2024-07-16,2024-09-06
d259e6fb-0f55-4b9b-8758-d189b635dfc7,dd6d99fb-ec98-41d3-8e24-3a5f4942361a,TV,27775.35,43262.94,2024-07-16,2025-05-27
ab2ff45a-4328-41c8-b2ac-6ed8ebed26b2,b2ac7344-ed43-4342-a950-3597e3358c9e,long,46493.28,5352.88,2024-07-16,2025-05-21
6ab936b6-f076-4928-b15c-c9ce9bb8692c,d0eea20a-c72f-45fb-b8dd-07e107f7767e,production,15825.49,49068.52,2024-07-16,2025-05-16
38b92feb-c455-43e3-87c2-21452c812707,ab5d90f5-8955-442c-90d1-535591f16bff,recently,35459.83,27848.5,2024-07-16,2025-02-01
5f977a93-0403-4ac0-9cdb-32eaca8806d2,fbfcf5d8-ebf6-4044-8a24-33ce28e4f4c7,chance,10909.39,24624.61,2024-07-16,2024-11-26
75f72d55-f2eb-43be-9e07-55029bea673a,12f07770-4a35-446f-a128-0b1c7581bc54,good,35069.51,36424.53,2024-07-16,2025-07-07
4634c4c2-21e0-430b-857e-3ee4398d5631,824e2ada-120b-4435-9958-4825e31b59dd,worker,30346.62,30437.6,2024-07-16,2025-02-01
ce1b2dbb-f6a6-4128-81ff-6b554658a66e,e5a16810-06b5-4343-9340-27ac43185059,kitchen,31105.49,38856.17,2024-07-16,2025-01-11
057f090b-866c-4603-b501-5ad252c264ae,7e189280-871c-41df-a674-f2fca2b6ea93,cut,31963.48,4851.38,2024-07-16,2024-10-29
247e3e79-91f3-4087-96b7-08f603b29bba,655d2aea-e160-4b54-898d-1b33355350ed,game,18914.55,27209.18,2024-07-16,2025-06-17
bcc4f2b3-54d4-40c1-b0b5-6cbf4513f2e1,463e7828-42cb-4955-a9f8-30a5f98181ec,good,17411.13,43021.95,2024-07-16,2025-02-18
429b328b-f839-4c2b-a60a-2f30d3383206,1cc45a69-1f17-478c-b36f-1dcb97fbb4ff,determine,39104.71,46140.73,2024-07-16,2025-06-22
f02016f7-ca7e-4111-9282-16c66778709e,ece8affb-0ded-4de5-bc3e-6045bb01ccfc,sit,4189.0,4567.37,2024-07-16,2024-09-04
57f8fcba-98fd-463c-9332-6909035c4c63,bcff8cc6-49a1-4de0-bb73-83fe0fd5bbf6,personal,35033.23,43565.74,2024-07-16,2025-07-09
f75e27a1-54b8-4a52-985d-86dc2c5f1531,af113671-a20b-44ea-bc28-70b6e930c461,purpose,49568.51,41062.83,2024-07-16,2024-11-23
bb0dccbb-77cb-4821-867b-8b15508ccd57,af113671-a20b-44ea-bc28-70b6e930c461,pressure,44519.04,1757.41,2024-07-16,2024-11-01
86f9b3ac-3783-45d3-81c6-f32f1072bd31,63624f56-8f53-4ee1-a58f-0145a7f00f08,head,19806.81,12310.8,2024-07-16,2025-02-16
ffdd29ab-c812-4d7b-9de1-6eab8014e11e,2cfce09b-d6a2-4d11-aa8e-76e89ad77c28,thus,15487.04,36172.42,2024-07-16,2024-09-27
c4b4e79e-52e6-420d-9420-2102c18c6262,8f06d14d-eca1-4c36-aebe-863d34769e1c,cause,31302.59,25997.07,2024-07-16,2024-12-07
fb26c512-3220-4d6a-9323-5ce7317d288d,a815621e-4e43-46ee-acce-d523210cfbde,enough,25322.93,23403.5,2024-07-16,2024-11-26
4ebfaffd-d9b1-4af6-bf1c-5ead4594e1b3,ef9709c6-923d-450a-b3fc-0d1ae8396768,economic,48533.88,31029.83,2024-07-16,2025-01-24
164e3a0e-14dc-4f22-994f-aad311c56f0c,be02aeca-3d7c-421e-97c8-df4baa887929,necessary,14182.76,15740.16,2024-07-16,2025-01-25
a20061d9-64d5-4503-8042-e94ae68cfa2c,9015642d-4ac3-408f-85c5-a6c0c5d10f17,so,27569.32,22819.99,2024-07-16,2025-02-27
9d9ffbad-ad0c-4b8f-bf59-a0c19e532307,4efd825f-4026-4e87-9ff3-fceb59bca4d4,save,37054.4,3288.24,2024-07-16,2025-03-16
126a7574-ecd4-4a34-8079-70629bed631f,edef2fd4-a462-4702-be18-ca72befa791f,discussion,15597.92,16465.71,2024-07-16,2024-11-19
c65ea23f-683b-4762-a0e2-c154d0159209,d78aca7f-d8e4-4b3c-b353-3a5aac26cca5,detail,32738.78,2178.38,2024-07-16,2025-05-30
e4888c53-ef1d-4162-9c50-ad630efdc31f,c56ed9c5-e76a-467b-880e-0a100ce2c438,piece,35173.28,29433.27,2024-07-16,2025-02-01
5fdeb5fd-df59-4325-a350-6b28e731bfe4,e956de1c-72f1-46eb-b502-74dbde33db55,value,15675.97,8293.15,2024-07-16,2025-04-14
70a7c6db-963e-4367-bdb6-b85ad4059317,164147e3-6faa-40da-b20f-aba5dee95261,should,9794.96,39375.88,2024-07-16,2025-05-15
d680c742-ea84-48be-8184-0eb1f7cdedf2,4d695bea-bbd9-4ef5-a980-0ca46a229e4d,actually,27007.68,13942.36,2024-07-16,2024-08-03
41891be8-5133-4b02-86f9-6a3d5a1ec9c2,54b64239-64ee-42e9-b99d-886af13928ac,create,34596.83,9659.09,2024-07-16,2024-12-22
e14828e7-7f64-4595-a7af-6d17d402a87d,07ce1910-90b7-4941-8f1e-f7aa76cba82e,lawyer,30202.13,38919.79,2024-07-16,2024-09-17
ff62e6f9-ef2a-4196-85bd-a204eb501607,7f5c284d-10a9-4653-a548-720df563b837,ready,44039.14,44683.16,2024-07-16,2025-03-22
9be31508-ba7c-4b8c-8cf5-6b0063066e5b,b869eff0-58ba-44b7-9639-44e3caeecb82,majority,5428.47,9016.77,2024-07-16,2025-06-09
17fd4836-44da-4198-9d58-f7ad6b694bf9,2cf7affc-8519-48f3-a632-66c47a89f048,article,43001.59,23672.08,2024-07-16,2024-10-27
46a7b260-b29f-4781-a0b9-5e259a838967,980d8c9d-35d9-4be6-a30a-2fdf054191be,meet,37371.21,6371.91,2024-07-16,2025-02-08
0e19afb3-ac01-430f-81f9-573f826ee4ca,1251e22f-7fdd-400b-aab9-a8590c00cdc0,animal,3049.86,33882.98,2024-07-16,2025-03-06
19a56b54-0816-4f99-893d-3772b58f063f,8d08f703-1fc2-4aac-9fe6-787a517da5d9,rather,2478.0,35579.64,2024-07-16,2024-10-20
aadbded1-66db-44f9-9aec-ae880c8d4035,41ca3216-e8f5-44a7-8965-f8a4304a0aac,third,23610.61,25420.78,2024-07-16,2025-01-25
bd70062f-e9ae-423b-b3cd-36c960e536b1,e2f7044d-6298-4d92-852b-6e994581ea71,past,17027.09,44788.29,2024-07-16,2024-11-26
47a8f60c-ddf8-4a0d-b2b4-10f8133fb8b8,0f8ae797-4084-4733-954d-ded42ca85430,include,38672.06,8665.27,2024-07-16,2024-10-07
c0300537-fd05-4759-bcd7-d72de86a5512,1224f92d-af27-4910-8513-4f6f6bfd11e5,maintain,12222.46,22237.86,2024-07-16,2024-12-15
2e706f73-587c-4553-9fef-feec6deb2f42,decb8f00-c2b1-4084-9d4d-fb9c626d5448,surface,40921.02,47146.2,2024-07-16,2025-05-15
fa302db0-36db-4481-bb72-dc8d0705167a,ee97849c-ba06-400a-8ea2-5db1bb5f9caf,seven,47599.31,1339.42,2024-07-16,2024-09-16
6c9204db-9c0c-44bb-9a48-a04cddf8a8da,979354d3-fe9a-40e2-bf00-a59d5c1e9ded,realize,30310.22,36504.53,2024-07-16,2024-12-30
c9e8e9ad-23ec-45f1-9a45-71ad996f3bf2,d109e264-0e69-4836-9bc4-30bb008d4f90,leg,13389.13,15913.94,2024-07-16,2024-07-22
014bc798-e602-4676-a8ee-96d79c9338e5,a43f81df-f485-413c-b0bf-213503ade474,toward,37855.92,23364.39,2024-07-16,2025-03-02
5b1b6c15-a057-448b-a4c8-1c079cf742b5,5f3e441e-1a0c-48ec-b890-d3900e5d5df9,resource,27295.26,19655.55,2024-07-16,2025-05-08
570487e7-b259-433b-bf00-7389985445b9,dd6d99fb-ec98-41d3-8e24-3a5f4942361a,fine,7729.3,14436.45,2024-07-16,2025-01-29
eacde1a4-8be9-4dd4-8acc-2c2024600793,29c5105c-ddef-42c2-ae3f-77b3ad04f438,bad,15427.88,29146.33,2024-07-16,2024-07-17
3feb86fa-7686-4a70-af27-1b5373731ce7,274cf778-6478-4e41-9465-6676215a351f,boy,5692.27,298.69,2024-07-16,2025-04-22
3dd020bb-550a-44ac-bb8d-8ee7c096c954,e18a99e3-c78d-4a72-b281-7322771fa310,home,22305.71,36657.56,2024-07-16,2024-11-25
b1da8de0-1a8c-4187-a500-a62057ecf90b,9a230186-68d4-4a6c-86fc-0580a70777be,anyone,37812.96,4681.52,2024-07-16,2025-03-28
3da7a675-6291-457b-8ac6-abdc0058442b,34118af8-8172-4497-b016-3a7580dfa2ae,someone,2655.88,38967.34,2024-07-16,2025-04-21
74fc5a85-2126-4bf4-8cab-a86a1e7a0865,1deae18e-9393-499a-af9b-d502442226f3,about,8705.0,45870.53,2024-07-16,2024-11-07
8822f6af-8def-4f52-9ecd-668697ca9b55,85338ec6-1858-47fa-b0ce-bd9504a42728,real,18256.66,14840.75,2024-07-16,2024-11-07
910f8433-358a-4503-803b-3131338437d0,bf12cb30-c40e-4846-b9e2-e3157070f4b5,weight,2613.38,38463.74,2024-07-16,2025-05-13
3043f882-8722-4a05-b2c0-53a54e1c47c5,7b4a226b-41a8-46c4-ba14-61cd855d2d6b,worker,26056.29,19624.92,2024-07-16,2024-11-28
6dc4dd7e-10f4-4ae0-a080-20f3f997029d,d4c5777e-7e5d-41fa-b665-32f9d9c17462,rate,27229.19,6993.5,2024-07-16,2024-12-04
57c24631-eb80-43e1-aa56-6bbecad96aef,572f8156-d33e-4dfc-8f95-660c41dd3aa7,nice,9907.52,48657.29,2024-07-16,2025-01-16
95f54946-1e65-4583-9655-12815fe76c8f,15d02fa6-6a9c-4770-b3ee-fe56d780c255,near,29102.41,17565.66,2024-07-16,2024-11-24
c4617f9e-984e-4270-88b7-f331f1cf5950,bdf1538f-222e-4903-be01-fb7b04a6f42e,fall,41849.92,39043.4,2024-07-16,2024-07-22
6d5a8dcd-31d9-4861-93d0-5520ab699ae0,2b9a966a-1382-480b-9e07-64013a04b63f,body,28225.99,47904.2,2024-07-16,2024-11-24
442cc696-5fec-480f-a4f4-07fb32581c12,154a4171-e364-4ef8-a18b-ca9ab5da627c,sell,22869.02,3663.09,2024-07-16,2025-03-18
5f341d48-9cb5-4ff0-9b29-7fdc2fb55d17,f8549433-7d03-4f2d-9695-89bff878673d,tree,17124.19,13695.47,2024-07-16,2024-07-26
33ad3c02-9f41-4e46-b594-50afc469920d,37cdf98e-4118-41ae-bc78-c486131f5e4b,former,3581.23,23832.22,2024-07-16,2025-04-11
c6943ea7-e932-4d06-97dc-86a2c3a0b48a,3bb0b5f3-dba2-41d4-ac07-aa8b74d23ec5,above,41132.27,34302.2,2024-07-16,2025-01-01
f4b72bde-0d9a-46ba-a56b-2a8627738789,0aab1b15-e4ab-45d9-9853-add4f6f4bfcc,reason,16405.92,11701.73,2024-07-16,2025-05-17
61291b36-0448-4ffc-923b-a45c0f98c5e2,bdf1538f-222e-4903-be01-fb7b04a6f42e,food,12980.15,1232.26,2024-07-16,2025-03-04
6534f728-de79-4c37-b84d-78bbc131724f,935b499c-8f3b-48dd-9659-5549e852a91f,force,14584.72,23046.14,2024-07-16,2025-06-04
3cff53e7-213b-4acc-b3d3-558940833588,0e50452d-ed90-44b8-ac5c-2a62baa16a03,attorney,31881.28,3779.47,2024-07-16,2024-09-09
996d1576-0073-46ad-ab2b-e1635b153ede,082cf067-ec67-448b-997c-ef1cec7e4859,land,925.14,12120.81,2024-07-16,2025-07-06
0c78c83b-8858-455c-8abd-e6383da8ce19,f5d532b4-aee4-4915-a88b-c48cae5b66b8,despite,24008.24,38480.24,2024-07-16,2025-03-26
c6aee14e-1630-478f-9e8b-759923c7debd,f23b6166-d7a1-4340-8495-ef60a399cf77,over,37965.04,11970.0,2024-07-16,2025-07-11
35ec7717-e25d-460c-9228-7f4462b680a4,03e2e3c3-13c3-42b4-b30b-b8e8738b999b,almost,34971.76,22541.08,2024-07-16,2025-04-05
07d0f8c2-cb7c-4c78-8cc3-cd84ba7afa95,d422eeb2-0bfb-45bc-8df8-d6ee71f96a75,detail,35018.32,36148.98,2024-07-16,2025-04-25
7d322afc-de86-4683-9c1f-355dc9e02840,2bcf818c-d7d9-4ac6-b780-a1247c3ce5e3,number,16480.99,38916.08,2024-07-16,2024-10-25
2b2ee006-c43f-4130-bf38-21847ec6cc8d,fbf2c26c-4c6a-49b2-b46f-282f9886b501,moment,14128.96,13804.69,2024-07-16,2025-04-26
4e19986a-62ce-46d5-852b-8761264b7292,9139a14b-c936-45ea-b1f6-552e2acd0ffc,economic,13391.74,18538.21,2024-07-16,2024-11-16
d3de6942-2e61-42fc-a64b-8520665965d1,8729306a-5624-4be7-9ed6-b3af6fdd5eb0,foreign,45207.37,22286.84,2024-07-16,2024-08-25
7ffbf53b-c968-4f95-9a61-9f209b4517e3,fe63a8f4-5dc3-4ce3-9bf3-d90fdbb292db,education,36745.29,7073.34,2024-07-16,2025-03-11
b72125e8-c15a-4c6e-87ef-4c7daa5c12b1,ce1ce25e-f7be-4061-a5f9-44d5d3aeb1e6,suddenly,35763.93,19041.63,2024-07-16,2024-12-04
3e1a4d71-3c79-4884-b884-df11c0145b09,dde39a16-997a-45f8-bdf5-8027ec961fb3,full,16802.77,27858.56,2024-07-16,2025-01-11
55041f42-a6e7-421b-8ea4-e51db4082428,5520723f-22ee-4fc2-bd6d-44b800cce451,when,16964.0,1336.99,2024-07-16,2025-03-07
2a0172b1-c64c-48cc-9870-88e19c0eb562,34118af8-8172-4497-b016-3a7580dfa2ae,yes,44123.3,43805.79,2024-07-16,2024-10-30
958a7136-e7fb-4695-b1ea-76a016529259,76029a47-0b2e-44af-8198-bf7f110f2d78,bill,28364.41,4127.63,2024-07-16,2024-11-02
7bda9116-6022-4296-873a-eeca0269a3f9,a061f517-ecd6-4393-9ab3-a82408469e5f,happen,35445.42,42724.33,2024-07-16,2025-04-15
52b01ab4-73ac-4bc9-90df-27b9391e79c9,9139a14b-c936-45ea-b1f6-552e2acd0ffc,back,38477.16,32763.02,2024-07-16,2025-01-18
06f761e6-2cec-483e-862e-c32937bf8053,935b499c-8f3b-48dd-9659-5549e852a91f,raise,6713.78,41667.73,2024-07-16,2025-03-31
fa1a28f6-cc68-4ddf-8407-77f7c723adff,562a4cb6-ae33-47e9-acb7-8595ab576ef8,pretty,34136.41,33100.76,2024-07-16,2024-08-16
89aeb4aa-3f06-439b-9114-0301a8af2c3f,786904f2-0928-4bc1-a168-46ce8a305f84,time,37152.95,47628.77,2024-07-16,2025-06-19
b8116420-7cac-4959-b8d2-fd8de3853f18,814e8d35-842a-45fa-9be3-49ec90ca3612,personal,25859.68,37794.03,2024-07-16,2024-10-18
0d0f79ae-6b28-40a8-a66e-f4a249630822,7fbf7069-9b6f-44ed-ba0b-bb9ab12aad57,spend,29533.73,15083.96,2024-07-16,2024-09-07
b58e861d-18cb-4bf0-a8ef-db9e0eeaad7e,49b3e491-72bc-4910-a02b-0ddd9f800667,history,12557.96,13116.49,2024-07-16,2025-04-18
6dfe2814-6582-47a2-bdf2-4800bd001fbc,02775286-eca4-45c3-8e2c-be3a8f743df3,enjoy,15157.65,8979.12,2024-07-16,2024-09-30
a5ab0757-36b0-45a9-9b3c-ac03d1b9589d,3ba3e35b-7c94-4a0f-816c-0f2cca34d26f,so,24440.68,36282.45,2024-07-16,2024-10-09
386cbb43-b08f-42ce-9635-e52120bb474b,245ec4fa-ad93-4be4-9be3-051bb70646c3,approach,45688.49,40600.74,2024-07-16,2024-12-05
ec03a214-b3ed-4655-a487-a60abc281a64,c4da6ba5-fcc1-40ea-88f7-4fc8f81adcd6,group,28913.71,26389.22,2024-07-16,2025-07-03
70f2d6c2-b82b-44a8-b528-b4368b1ce444,5c2daa00-028b-4c79-ad4c-8edc407ee797,part,15354.57,3225.23,2024-07-16,2025-03-15
3e6e7104-f3a0-4b30-ba24-3bff409e9eac,1da43c0f-7ca3-4c94-99f0-5903c213d05f,kind,41762.57,14341.36,2024-07-16,2025-04-19
2f7850df-3d3a-4975-b05d-4067c6d51f52,e534133d-067a-469e-9a7d-0fdc77e359dc,under,43416.77,1822.86,2024-07-16,2025-02-24
6f6b93f3-feba-48f7-aabe-01eeb89bcde5,c5e79f8a-2e6a-4f84-9902-fa79c514c982,pick,13458.68,31271.51,2024-07-16,2025-05-21
a2577571-74a6-4ec9-b9ba-b90d9475ceaf,6264731e-5a51-4ea9-afc0-05f79bf81c3f,under,21963.35,5634.86,2024-07-16,2024-09-15
bbbb033e-9d89-4a5c-8fbc-fcd856879805,a8f498b8-bd5d-4791-a228-c5df8f931335,war,43333.16,45165.15,2024-07-16,2024-08-12
74b7af4f-cdf4-47d2-b37c-0b78f2d157d0,5f914d01-0e74-48e0-84c5-b76f3a6f71dd,international,6613.02,1950.04,2024-07-16,2025-07-05
3c97565d-ce33-494e-9662-bb6b6590599b,7afa340d-9a0b-488a-bfb6-e52d55d8e8d8,number,25343.79,47378.37,2024-07-16,2024-09-24
6d84f947-6ffb-4efd-895e-2b64fc6ec549,c52c8819-b477-43b1-959c-5d11d649abc4,computer,31938.62,25842.61,2024-07-16,2025-03-30
4c5580da-5a2a-48fd-bc2c-eb4bbbf100f1,3ea7923d-4616-4e7a-8326-159c626a4105,drive,3071.8,14115.77,2024-07-16,2024-12-08
a2c99a36-9a3c-4d50-aa8d-2b6e3c8b4fdb,9139a14b-c936-45ea-b1f6-552e2acd0ffc,just,1015.31,20901.15,2024-07-16,2025-05-21
7d7533df-2a7c-4a71-8f1b-9d194f248730,0b4566dc-3ad1-4e45-ba19-79a479aa13f6,one,2905.25,28216.59,2024-07-16,2025-04-26
e6b98425-1294-49a1-8de6-6334ee758ecf,8807196d-8e59-408b-aeef-678c861c5b54,kind,2705.01,36738.24,2024-07-16,2024-10-02
59852772-a25b-4643-bad6-b211082c196b,992fa72f-706d-4828-ab28-d3d67bfe1c82,modern,41396.37,15492.69,2024-07-16,2025-07-04
1d655d47-8dfc-43a7-a67f-1446a425dbe9,8de7655f-ca57-4c3d-9408-dff5c946b92b,medical,41854.36,30360.16,2024-07-16,2024-07-21
b81aa72d-c87e-4c0c-a701-2d563a3454ac,2fd3ed62-f128-4558-b1a0-bf0e938ae3b7,civil,970.3,44955.01,2024-07-16,2025-02-09
f44a3b76-4be5-4561-b8b8-420941759fe2,fbfcf5d8-ebf6-4044-8a24-33ce28e4f4c7,well,9949.61,42122.56,2024-07-16,2024-07-30
c8d4e439-b270-4246-b40d-9f94e0689394,aab7fda4-a7da-4e1d-9820-8bf5d472b0bc,one,33183.51,1150.09,2024-07-16,2025-04-19
9d125e9f-4395-4486-b31b-64952d20b4cf,9ac576fd-1592-4ad1-b45f-ed63665cb4e0,need,29296.07,45865.1,2024-07-16,2025-06-04
cbe5455a-d620-425e-ab0c-00ba23f626fd,8fc42689-03f2-48c3-89ea-cff4653e85a2,life,43739.93,44532.05,2024-07-16,2025-02-16
7da16d14-95e4-450c-a53d-b793ec644065,cc426add-346f-482e-af28-954c91fc5115,while,6234.29,10297.06,2024-07-16,2024-11-09
b60aa0fe-6a96-4e93-85e9-806fab8689dc,35dfb0aa-becd-4228-aed4-1c6d538c78e6,learn,6278.52,40933.25,2024-07-16,2025-02-13
07b1d964-b942-46d0-8a0f-4199bcad20f0,9015642d-4ac3-408f-85c5-a6c0c5d10f17,move,19426.27,12544.14,2024-07-16,2025-06-03
b079b852-eb4a-424c-9dca-9dda4d3b2d3a,9675a0d7-e132-4815-ac80-3ea6fb1b7a1a,general,5004.37,24625.5,2024-07-16,2025-06-16
eab4402e-da0e-41ad-99ab-c8e089d07e05,cb05b0c4-b0c4-491e-a7c8-559fd21aa240,fact,38940.64,47292.16,2024-07-16,2025-01-08
629f1ebd-1fce-4616-8902-6161ae52c330,ce1ce25e-f7be-4061-a5f9-44d5d3aeb1e6,network,25373.45,3508.69,2024-07-16,2024-08-05
1b9b3bb7-90b6-4602-ae17-85293375acc5,89595d8a-0a5d-457f-a47c-c3b2f390bc5d,goal,4745.68,21139.35,2024-07-16,2025-04-03
8467799b-7b55-4354-b7b9-25d21cf02ce9,ba1c7bc4-ea7b-4661-8b47-065093a1dd74,professional,47395.84,5461.07,2024-07-16,2025-03-17
49adbf99-74cf-49e1-83e9-9f6f9151484a,becb534d-3396-4647-acce-1022bc571c56,part,36524.65,3393.82,2024-07-16,2024-11-19
3df26391-f153-4311-b867-24700c258310,c531a257-8c81-41a2-9208-d9d22f63ffee,blue,26954.79,46074.25,2024-07-16,2025-07-15
52176156-5c2e-406b-9dc2-c3b4954c157a,7e189280-871c-41df-a674-f2fca2b6ea93,unit,33086.17,47277.75,2024-07-16,2024-11-25
ce93482b-0256-43e0-9d05-77502852ebb3,cf0e2693-083c-40e7-91a4-1af58bc2f0b2,staff,21551.5,25778.18,2024-07-16,2024-08-09
6480d37d-19b6-403e-9cbb-ca6b1e224d79,76459abd-fd24-4bdf-a331-deff17ff3b6d,but,29367.32,4708.14,2024-07-16,2025-05-05
b36fbd64-b311-4829-87b3-a5538e0541dc,cf26932c-da5b-48f0-9a59-bffab03bbb51,night,17523.87,32604.5,2024-07-16,2025-03-29
a231d94b-850c-46a4-96e7-db452ed5bd3c,2f7d5a09-f06c-43f5-99c8-1595936b2236,society,40026.49,22267.56,2024-07-16,2024-11-22
69a19d6d-37a3-4afb-bc92-c8acec2b0517,fb9a7d61-2bae-4c4d-821b-6af28b25cfa1,economy,11181.02,35225.62,2024-07-16,2024-08-16
d7fe9c50-71c1-460f-94be-ca9e03321dc1,1bde2e97-674c-42e4-a8bf-93f5a396216d,memory,47194.86,25585.65,2024-07-16,2025-02-01
b0d04441-2786-4ea4-ad6a-7f0d59c2e3a0,e01fff33-2e2d-4163-b7dd-3442e171d717,side,26262.1,43405.47,2024-07-16,2025-03-25
2ec6c2ce-fa20-43d1-92a8-ee19b03b824f,4fdd28ad-577e-41c2-8678-d3205b4b6694,anyone,14632.7,8141.46,2024-07-16,2025-06-14
2253f558-699a-49ec-98de-86af0120ba19,c5e79f8a-2e6a-4f84-9902-fa79c514c982,read,12216.95,28443.09,2024-07-16,2025-02-21
d712838c-5fd6-4e31-9881-0b4fae77a71b,77500981-7997-441c-9798-1186bd993657,product,28515.17,8072.0,2024-07-16,2025-07-05
f11f61b2-ec5e-4bde-9960-db0618111d02,76d1555a-04d5-491a-9404-de3bf0b122dd,none,17576.4,17979.41,2024-07-16,2024-09-11
bc7b8253-287a-42bf-99e8-356dc94c64f3,bacfd533-b16a-4759-af51-d87ae33c7698,wear,15664.77,45772.94,2024-07-16,2025-06-20
49c5e133-e126-4838-91c0-a57a1cff752a,342ca4a9-e041-4459-a8a3-2f18a95d029e,chance,45584.27,21837.87,2024-07-16,2024-08-25
400a980d-af8d-417e-8d2f-a34e88f27cc3,0ca777d2-9eb9-4763-93b5-e7f4abfe0bdc,off,7510.47,7739.72,2024-07-16,2025-06-05
05b54563-cb2f-4745-b38f-c41342c2984d,03af4a04-a78e-4305-a159-88810e707b9c,present,4900.99,49222.4,2024-07-16,2025-02-01
554ecaa7-2548-418e-b75c-5018cd71b406,410715bf-6fab-48fa-94af-6e434e8f3064,occur,40098.77,9966.88,2024-07-16,2025-07-15
60723b7d-2971-4182-a594-319369c15c42,94947930-ff42-4266-8f66-5589d2b3ebe8,house,28421.68,15987.67,2024-07-16,2024-12-05
8b3c56ce-93e2-4329-a3d3-641a9400f014,2877137c-4468-44b4-b41a-faf20cbc74e3,move,40334.39,25150.05,2024-07-16,2025-02-06
035c9b3a-c0f6-421f-afca-49e7bb928083,15b768ae-431e-4fe8-8a3d-c624174dc0f4,itself,27252.39,23290.38,2024-07-16,2025-01-02
35bc3bca-139a-4589-be39-ed7d945a05ad,98fa6d92-c59a-4bcc-8490-6ac04def6f8a,indeed,12793.95,4962.97,2024-07-16,2024-10-06
d62e6a54-0cd6-4e7f-93d6-92d12dda0f5e,6795cfee-6aa0-4163-b6c6-da690a0d861c,well,19716.45,44376.93,2024-07-16,2024-12-15
a636b931-5759-4000-8fee-2600a5cce0cd,b89b7bc9-f7f9-48a5-bca2-4cae4580d44d,although,31579.18,2670.12,2024-07-16,2024-12-17
e7197f10-2e2d-4840-8254-26ae37354778,79e1de8e-1be8-40f3-975e-16e4aa1b4249,commercial,40056.18,29075.11,2024-07-16,2025-05-21
ba5b21ba-4b0a-4473-9c7b-db9e96af3f65,697093ec-0561-49fc-bf43-55a3c5978093,leg,37848.79,15599.5,2024-07-16,2024-09-19
ea30eed6-2dc7-494f-b900-7c2e1bbb43ed,3f6d37e9-4b6c-43f6-8de6-db527e8dadc8,a,1712.87,30112.39,2024-07-16,2024-11-24
5ba9476e-a602-4b6c-9ef4-9438d40b63f0,8fcdb398-d054-4ba4-826b-52e9970f59dd,mouth,19630.34,28726.82,2024-07-16,2025-01-04
1590749f-88b9-443e-b3f5-f78115a1c0ee,d65c36ab-e759-4c16-b843-fe37120dfdf8,yard,43575.77,30052.09,2024-07-16,2025-01-23
ff3a9713-fed3-4bb2-8238-bfa53423ea0c,b9266f5b-f6cc-44b7-b6a2-b9ae0b92ccf0,century,48407.41,34568.76,2024-07-16,2024-10-18
e895639a-4111-47e8-8f41-bf7e4a8203c5,79e1de8e-1be8-40f3-975e-16e4aa1b4249,interesting,13111.33,26607.17,2024-07-16,2024-09-08
ce93c23b-119c-458b-bd06-068def5ddfe8,f5f4f89e-efbe-44f0-a7ed-bf2dab926ee0,always,10209.64,6345.76,2024-07-16,2024-10-06
e2b070a4-5763-427b-b163-7ef8efb1a67a,edef2fd4-a462-4702-be18-ca72befa791f,area,8625.22,36862.9,2024-07-16,2024-12-19
c3b8d485-aecd-469a-994e-6f4b06357d63,1deae18e-9393-499a-af9b-d502442226f3,forward,18538.69,46095.46,2024-07-16,2024-09-11
61bf6d4c-d0ae-4652-b43b-21e0fc034128,3c9092d4-2691-44bd-af98-59f5ed34519f,assume,44096.55,28659.41,2024-07-16,2025-01-24
7f85ad7c-47fa-41d7-be25-1763b1484713,9a3b8c49-fdb7-4838-8f62-1af7eaf0f24d,role,27006.1,14236.42,2024-07-16,2025-06-27
9997df66-dd7b-4ced-8ade-cca9270d7118,ef78f450-3fa9-4cbc-826b-6d9e49f1482e,as,25467.55,45308.11,2024-07-16,2025-07-11
a1b2dbcb-0da5-4efa-a36f-1fb6ae0e1460,a4af77cf-c140-478a-b231-6b3c3cde874a,simply,44835.05,34545.11,2024-07-16,2025-01-04
122cec4b-6b2b-4ab5-9359-1eeb914b5586,1127c142-d87f-4d29-8b11-f71505b724fa,general,3300.03,38619.53,2024-07-16,2025-07-13
cccb3ec9-2351-4364-8a83-ff69e559e6e0,94904ece-0e80-42b3-ba2a-2c0e3c045e3f,off,37038.1,49423.24,2024-07-16,2025-01-22
5f455783-2ba4-402b-b4be-6b0e4b400194,1e861772-e4ea-471f-8834-8bfcc71075fa,staff,11268.11,47672.19,2024-07-16,2024-12-29
9790e6ae-c8d9-4665-beb4-deb3623b6901,5345cff5-84e5-438e-b295-ff09c86c588e,institution,47772.32,29190.79,2024-07-16,2024-11-03
11565574-4f92-4468-aa64-d870521ed2b5,3f4c0537-60df-4664-aa66-fc64dba70226,recently,3494.32,4540.73,2024-07-16,2025-04-30
a9d963f5-91f5-4d11-b3e0-25414a063868,d25088f4-4b61-459a-a493-c67dd266040d,need,17323.33,43050.91,2024-07-16,2025-01-18
32a3cc8c-c1b4-46df-a6aa-23d094b3b0b0,9cd3d9fe-be37-435f-9bae-63b72802371d,agree,13783.18,8800.09,2024-07-16,2025-06-19
75ea96cc-62e0-4860-9111-bac07eac1dc4,69f86a94-f30b-48b1-9dff-c41f9c025af9,bag,26640.78,40989.5,2024-07-16,2024-10-11
1b42b3fe-b62c-4b41-aea1-093d73daf051,f95c7e52-7c81-4bbf-8125-0f3ff87044eb,break,38193.33,37444.77,2024-07-16,2025-03-18
4802292b-747a-4eba-825e-d2e226c09b7a,4dbecc66-a5eb-458e-924e-fd454b315dc9,again,20865.79,16396.1,2024-07-16,2025-05-24
fc996028-a97f-4d7d-8de6-414c83607982,1cc45a69-1f17-478c-b36f-1dcb97fbb4ff,raise,33743.09,4090.04,2024-07-16,2024-10-29
e0cf0587-2e13-4a1d-9973-42451ee5c984,68e538ed-f10f-461b-9e3e-3fb9cbc549c9,factor,24336.02,12338.46,2024-07-16,2024-07-30
9481b1b9-e8e4-4ce1-8fc2-f41a17e5409e,410715bf-6fab-48fa-94af-6e434e8f3064,idea,15873.54,32805.12,2024-07-16,2025-07-12
ca7a48c6-0e23-49d9-9f9b-10f238f583c5,65bfadc1-5f68-43b3-9690-4c85c06b7520,put,17695.67,14446.06,2024-07-16,2025-01-07
c9e91d1f-b627-4ce8-b8d4-0a4212042dd1,ae7757be-46bb-449d-8542-800abbb0b15f,site,17918.91,38930.12,2024-07-16,2025-04-21
40e1fbb3-0a52-42d8-bd06-d82a360a01a0,4bd622cc-4005-451a-acd3-55ab86b59bab,here,1916.85,45045.99,2024-07-16,2024-10-21
bdcc5388-ab27-4cb2-9615-d91dc734f02b,34118af8-8172-4497-b016-3a7580dfa2ae,current,34836.27,11229.18,2024-07-16,2025-01-11
5af7db42-7394-4ba5-82ba-b895945cd499,6207783d-8755-4616-99a2-43e6d0802bfe,go,23326.73,23155.74,2024-07-16,2025-06-11
b006f6bd-6964-48c2-8394-81e232ae9628,12f07770-4a35-446f-a128-0b1c7581bc54,maintain,32747.34,22754.6,2024-07-16,2025-04-02
15562286-8145-47f0-bac6-097ece715544,3817a01f-25e3-49cb-b013-ae2cc80322d9,heart,44002.49,16398.14,2024-07-16,2025-03-28
7980c3dc-9853-434b-8a4e-6de0a9594a39,34225d3e-fa27-47a6-a9c4-f05d2206f61c,budget,31744.98,7258.6,2024-07-16,2025-05-03
47242843-b94e-4adf-a896-894f44565932,b00f61c0-44cd-4ac7-9446-e19e5b7b3c8c,again,13284.37,9399.47,2024-07-16,2024-09-05
56196cf9-31f2-4540-83c7-632659963145,4f397868-d0aa-4792-ad26-26c0fc98d652,catch,47035.68,21311.98,2024-07-16,2025-02-17
493522b7-dc41-46bd-954e-1f61d0710ab0,2a040cf8-b189-4f4e-9dd5-825d8c909694,agent,12383.94,1851.83,2024-07-16,2025-03-13
73837177-86ec-4a19-a51b-62dc92a4ea9f,93027f25-85a9-4b1c-9124-dcd5c82e7383,spring,37061.37,13528.52,2024-07-16,2025-01-24
fc086ec4-ea92-464a-a373-3480398bf164,b87e80ac-f8df-437c-915f-eb14074b64f1,contain,39761.62,42108.86,2024-07-16,2025-01-11
d20a5300-460a-4942-89f5-bab7b947b825,e226db6f-64f2-406a-ae5f-eff23b6fba27,beat,22730.54,17790.69,2024-07-16,2024-10-08
73da0a9e-cd1d-4231-82b5-91c5691dc67c,734c4613-4974-4c37-888a-f27b2e83c7c9,force,36262.19,43694.15,2024-07-16,2024-10-31
75e74402-eb00-4ed1-a37e-bb5dadd5561b,423d4a1c-5d97-4c5c-a5d9-7e723546bdcc,main,46710.25,27802.53,2024-07-16,2024-08-21
1dfb94f9-b8f8-4c74-82e9-7bda1bc4c993,154a4171-e364-4ef8-a18b-ca9ab5da627c,that,47022.02,14392.46,2024-07-16,2024-09-14
a142b656-d6c5-4af4-9820-4bcf07186599,9aef98ad-8fa8-43bb-a678-0ba7cf9a3a10,rest,48682.18,15872.68,2024-07-16,2024-09-16
493e3a82-466a-4e15-9f81-3995d2ef3f17,a815621e-4e43-46ee-acce-d523210cfbde,positive,14503.46,13224.35,2024-07-16,2024-12-08
4ba7f968-13a8-4909-9d33-8137d1258297,495fa045-9244-456a-b9a0-c53ef2c16d1a,forget,26889.37,38327.14,2024-07-16,2025-01-21
2a04111a-4960-4e02-979c-2d70c413eff0,c42e50d6-7ff6-4597-bca6-09b84f9887a9,message,38960.84,22756.99,2024-07-16,2025-06-16
fb40cf12-6e31-4997-8940-6a3aefe11863,7af68ebc-24c1-479d-b310-b72c99e1b45f,worker,7894.93,41084.67,2024-07-16,2024-11-10
42ce6b75-8a0b-40e1-81c1-c21c1d004ee3,84a267a0-e111-44a8-aafc-f39ac804e142,hour,6639.78,7649.35,2024-07-16,2025-04-01
3bbd4679-ae3a-46b4-ab0a-86cc3fbe0fd9,13b30d93-514c-4d6e-8737-3eb8218a7393,color,14314.17,37192.5,2024-07-16,2024-09-22
88a77a9a-a5b4-490c-9077-737a1744cf49,154a4171-e364-4ef8-a18b-ca9ab5da627c,type,19742.5,39954.3,2024-07-16,2025-01-07
67b4b4dc-59af-4c68-a4dd-f179de00d0fd,780c1a99-c375-4387-aa35-f00c1a8df0ab,growth,9355.72,23640.9,2024-07-16,2025-06-26
548978a8-5b24-4e8d-8ed9-8d4dc9b0810f,135795aa-8171-410c-bcac-814555e0bba8,whose,47841.63,7527.1,2024-07-16,2025-05-04
e8cca587-0a49-4ee8-a228-ed0d4a9fb255,699a68ef-e46b-4f28-a370-65ce83bbf11a,per,30366.22,30840.81,2024-07-16,2025-03-02
d5bf1000-7612-4150-a5b7-79f96dc7b6db,2e85c793-0aa9-4c7e-9cfa-a388159a2912,hear,13531.38,39989.24,2024-07-16,2025-05-27
d255cab5-9fbd-4b8b-a36d-204bd84f20ea,7ef92d44-b0c1-4d13-9dfb-2bfbebfdd203,several,14362.66,49558.07,2024-07-16,2025-06-13
52f6a11e-47c3-4598-87a4-0d837c61a6b4,27a30c08-7355-4423-87b3-ccabc3be8f0f,wish,5668.17,7581.86,2024-07-16,2025-02-07
105d2b66-d75c-40d9-bb69-550538d814a5,ec3c23cd-b262-4d5b-a4c3-1ab8b4246182,miss,46506.21,40865.51,2024-07-16,2024-08-01
c66c73bd-615e-4160-8ff6-ddbf6e4eaeb0,7713c4e7-7a18-4d8c-b88c-eedcf0d991ec,challenge,35579.49,32426.21,2024-07-16,2025-07-03
0a5ca95b-dfb0-46a7-88d8-941bfbef42d7,34225d3e-fa27-47a6-a9c4-f05d2206f61c,seven,13610.55,48465.48,2024-07-16,2024-08-11
4e748f55-2379-4265-b22e-59520adffdef,4c5a2878-86fa-47a2-9e02-53fcfa762869,cup,32563.97,5049.31,2024-07-16,2025-01-25
7fb74134-b4f6-4b23-b16a-a24f50ac5da0,d2a9eb6c-5103-470d-8981-6e5813e9be2f,effect,28284.3,46553.03,2024-07-16,2025-03-05
7e05508e-004d-4241-b973-20e07c19e8cb,34c1fd15-a6a8-4a8e-98ad-b7fe67dcdc72,again,35213.47,40693.67,2024-07-16,2025-05-21
edc20ade-0893-41c3-b699-f31b801e85bf,6029982e-0134-4d43-b7ea-c6b73962ac5a,hand,6728.85,34321.61,2024-07-16,2025-04-02
c74650d1-cd6d-4721-a8a7-865f12e908a8,b83243ff-7ce1-4ba3-a7c5-e67e08ea307b,change,24357.74,2017.39,2024-07-16,2024-07-24
f6a3460e-e51f-42a0-8742-92aa61a6006c,4bcdd4b6-398e-4d6c-9d3c-be443be105a8,probably,32429.36,36596.59,2024-07-16,2025-05-07
bf5a8d4b-517f-4f28-9ef7-ba1a4308eaf7,353fb100-43b4-4ee4-84ac-0d6adb4331cb,job,27506.17,28702.38,2024-07-16,2025-01-03
62be9db8-83e1-42a5-8b18-f6cd2e404786,56f80b05-5f9f-4c26-b14b-70c960e2de75,your,29768.19,25096.57,2024-07-16,2024-12-20
95a6526a-d7b3-490b-bf5e-bb3530664f9b,6029982e-0134-4d43-b7ea-c6b73962ac5a,good,37134.56,4535.32,2024-07-16,2025-05-11
d5bbb4be-6fc4-4ae8-bcb0-2e413bcf0e56,a46bd45e-e598-4e4c-9184-60f45c3a4c7f,pull,25869.7,23226.96,2024-07-16,2025-06-13
cdbdd3a7-1378-4482-bfc4-ecbf69aab5c7,070fc50a-1258-4f02-a103-ff081b0e68e9,catch,14832.62,45636.96,2024-07-16,2024-07-25
e94d72cc-843e-4587-be0a-af533d83aac8,3607b9da-771f-4348-a874-b29c7e38656e,trip,42025.04,25004.91,2024-07-16,2025-01-20
b9159369-5489-4d09-8385-c6c7033887ac,f43547e8-8604-4203-b005-09f52604ce63,manage,28488.34,12785.51,2024-07-16,2025-05-19
d07d9e37-7cf2-47d7-9b8e-90e7c6e68d1f,7713c4e7-7a18-4d8c-b88c-eedcf0d991ec,well,49942.08,34978.62,2024-07-16,2025-02-25
dabbfb7e-37ea-446d-8798-c88ac60cc212,d7b2d447-41f2-490b-a132-afe9ada005f2,upon,34785.15,10923.22,2024-07-16,2024-07-28
711f1e12-4835-4c03-ab20-27a6583f85d7,6264731e-5a51-4ea9-afc0-05f79bf81c3f,its,45067.03,30364.07,2024-07-16,2024-08-26
e19195ab-07c5-4714-827a-cbd01333b2da,ac801275-ed14-462c-a968-f231699d5ecf,institution,18930.25,24399.32,2024-07-16,2025-06-07
a8c85580-82e6-4ccd-9107-63b9521ad1e0,1a6cd886-fe6b-4a75-8e66-1fd226d9c3fd,game,6459.71,49884.47,2024-07-16,2024-11-09
86a97b74-d72d-4deb-93a8-d67506f3297b,bade8998-a138-47e0-a61c-0d64757418ed,local,36439.16,40979.95,2024-07-16,2024-12-02
e02fc462-7fe3-4493-8278-bc0453a28116,b6a394dd-afba-430e-a487-dcf389a18a31,because,10863.84,354.0,2024-07-16,2025-04-03
b04f2214-cdf8-431a-9144-90804304e721,e9c3c200-8f21-450f-a9d8-5ce4805ea08c,with,31675.2,23718.85,2024-07-16,2025-07-02
f66438ff-d727-433a-bfac-33926c5a8dfa,42a2cae4-056f-4056-a453-7db4e99bb7b5,much,2722.49,34995.13,2024-07-16,2025-06-20
8a8450e8-7a4c-4f6e-b075-33a22c1f5922,bbe7f53d-127d-4dc9-a4b0-d0e14170315b,production,28914.94,31695.71,2024-07-16,2025-06-28
d953ba53-3332-42d9-8775-05a2626fd929,94904ece-0e80-42b3-ba2a-2c0e3c045e3f,too,25908.94,43170.83,2024-07-16,2024-08-12
dedaee21-d919-42c9-92b9-f363645f78da,b00f61c0-44cd-4ac7-9446-e19e5b7b3c8c,national,1734.11,25518.04,2024-07-16,2025-05-04
76710865-47b0-4363-849e-45dbeedf0206,2de7c381-4fcc-405a-bd27-b488af9a3d4f,method,39475.68,23499.67,2024-07-16,2025-01-11
8f98ac46-c3db-4191-9c41-c9d5f463931c,b8de9594-9481-49d2-b19c-14e6125fb4ce,large,45251.32,47941.26,2024-07-16,2024-12-21
13c5941b-d6aa-4d31-9ae5-dc04d5d0670f,7bfc2035-1c28-4713-8874-bf7317f585f3,range,41909.2,47462.05,2024-07-16,2025-02-20
45ec399f-6d05-4fe1-b979-39f1d517126d,a4e6d839-2824-4ef2-a5fc-559b1657c194,hour,27427.2,36975.35,2024-07-16,2025-05-20
13090541-47c6-40b6-b15c-cd57de6b89c8,81627553-2c2f-448e-8c22-d6a920443593,outside,22315.05,43933.8,2024-07-16,2025-02-18
e248eade-2f3e-4e61-ab71-f487ab0f7179,410715bf-6fab-48fa-94af-6e434e8f3064,leave,19683.58,35998.81,2024-07-16,2025-05-29
8ac13a72-cefc-43d9-8fdb-ac9661ea823e,241d1e8e-538b-4f18-8864-908ac8367726,general,1224.33,20914.34,2024-07-16,2024-10-04
5f56b4a0-5d24-4ad9-9ac0-41e8ce4e2ee2,0b6e5565-fc5d-4a9b-ac40-f2dba5e1869f,consider,2505.5,20641.7,2024-07-16,2025-06-23
55b08fa2-1a32-474e-9229-619b7e4f88f7,f5218312-52b3-4b98-a97a-9a0be1ec5a2c,party,46160.64,27.33,2024-07-16,2024-08-01
5147d371-57ce-41e4-a08b-f68b93d6c7a7,fe63a8f4-5dc3-4ce3-9bf3-d90fdbb292db,economy,28005.75,42896.06,2024-07-16,2025-03-18
12a312b9-78bb-4bdd-bf5f-a092b1ba594f,b9f85b8e-4255-47ce-aa2b-c51232f5f716,before,14316.47,17294.92,2024-07-16,2024-12-08
62ebb352-6131-4579-9b87-0665c5db02ff,8f79bf8f-42ae-4519-ac94-bf8e1df6b083,tonight,28133.79,18191.79,2024-07-16,2024-10-26
a05e3812-3d6d-438a-8d06-1561e1dd5a9b,edacaadd-409a-4f27-baae-a03e0ddcdefc,weight,7797.59,36996.49,2024-07-16,2025-01-08
11304c1b-b0b2-406e-9bfe-62b4f41fc5ec,50abd004-2011-42ea-aac2-7c1af6c44bd2,seek,12169.59,21716.61,2024-07-16,2025-01-29
b1242aee-c806-40db-b87e-8f88d9e40fd5,449c2950-d0d4-47c6-bc06-b77485085f11,enter,36225.61,22209.39,2024-07-16,2025-02-02
5bac9bb0-eea5-4c73-a7f8-e6ded07f502c,639f4411-1b43-48fb-8877-a8e4aff57fa7,card,48361.36,6947.94,2024-07-16,2024-08-27
50d3d261-8b70-476e-85c1-c53d057d8037,a73b66fe-aab1-4e00-8e16-c5ffb1285f34,help,42805.42,24161.0,2024-07-16,2025-02-05
7a78a55d-0523-421c-944e-dd221311fdc3,fe63a8f4-5dc3-4ce3-9bf3-d90fdbb292db,unit,11360.35,39828.67,2024-07-16,2024-09-16
dc35eb76-159f-44b2-ab45-440d93300bfe,c4da6ba5-fcc1-40ea-88f7-4fc8f81adcd6,season,40549.58,39896.19,2024-07-16,2025-06-13
8eb9234a-e8cf-4be2-bd28-63344adcb140,9c090561-1a2c-4fda-bc31-1885605e0116,of,31305.71,38231.3,2024-07-16,2024-08-31
efb01be1-f54f-4526-97fa-1260d8b67a7e,a10d333b-13bd-4d12-8a86-d75b9532e5d5,free,1059.86,47759.07,2024-07-16,2024-09-22
66c0ff26-fe84-4dbc-abf2-59e88333d616,95a68f02-f6f3-4913-8fa0-528491d076ea,effort,30350.14,27931.45,2024-07-16,2024-10-08
e5e3c496-1a92-4c76-bdee-75b70625c6a3,882fe6c8-ac5e-43e6-82c3-4c7b9a8d6969,oil,939.74,27422.47,2024-07-16,2024-11-22
a50e0e80-69cb-4252-994d-781a145b1878,15eb61b4-6ac7-46fc-b936-9a8cf17c0a13,dream,28376.01,14847.06,2024-07-16,2025-05-27
3e0c0eeb-5a5d-4257-b8ad-a99b2dc507c4,9ac576fd-1592-4ad1-b45f-ed63665cb4e0,citizen,8260.64,34287.83,2024-07-16,2024-11-24
f6f6765f-9050-42b3-8175-0cd895ac23a0,fccc8c89-0708-4526-9d3a-2e040e49a7c6,strategy,30877.48,40487.09,2024-07-16,2024-12-21
ceebe3fc-d5bb-4a33-a0c0-eb7e74324ea9,a89e86c1-55e2-4e23-bda4-0975d2cd667d,film,673.1,18841.84,2024-07-16,2025-03-04
e49948dc-4c32-471c-929a-085e2181241a,916bb0e0-02f9-4448-be36-5e32a073fc54,identify,14722.14,49000.75,2024-07-16,2024-08-21
c4140d81-d121-45fb-b9f3-56025cb4e06a,9e2700c5-fe19-4af2-9653-03a9d059c079,suggest,39744.98,2272.25,2024-07-16,2024-09-19
a0a81efd-0181-4544-9dd0-067c29bdd4f4,c4abeabe-eb84-4980-9f89-27345d348493,unit,23650.17,33287.86,2024-07-16,2024-08-14
e98c775c-0350-4ebd-8ba6-f80bb1fceb81,91543e5a-75d2-4558-89df-1babe0f6d878,face,23198.47,36216.41,2024-07-16,2025-07-02
cb2aec72-c531-4670-bd04-cbe4ee02a9a5,f93d2787-d813-44e6-9fda-f0676400a082,let,47484.14,48537.27,2024-07-16,2024-10-19
bfe1c156-6e8e-42b2-a170-c98da55dad0c,b869eff0-58ba-44b7-9639-44e3caeecb82,current,613.63,22116.19,2024-07-16,2024-10-24
bbaf7bf7-8654-4662-a100-12c527fe1f50,7bf476a2-eaaf-4cf8-b9da-1b9d9b626e41,accept,36166.14,21009.87,2024-07-16,2025-06-10
1f67c826-9745-4c2e-a39e-8175abecbc79,ad4ef2b1-ebc2-4162-9110-4646d4ea2de5,nice,35749.03,6176.19,2024-07-16,2024-08-29
d1bd18de-b36f-4cc4-879e-607daa56656c,46d4ee81-c676-44aa-9eab-2597c9196710,thought,3732.46,38878.49,2024-07-16,2024-10-25
a1257d47-6a27-41f1-8bb7-91e701fde5b3,976d1d84-8f9d-446f-99d2-058e96e26ae5,evidence,33298.83,44627.81,2024-07-16,2025-02-05
8a5ca0ed-febc-441e-a3e0-c94baea7f3f8,e2a06cd3-b61f-457f-8a02-eba94d02a930,let,1654.12,36089.03,2024-07-16,2025-05-20
2d49aa07-0c52-4bad-af67-51ac82998327,992fa72f-706d-4828-ab28-d3d67bfe1c82,evidence,8671.71,10083.57,2024-07-16,2024-11-13
4afa7524-687c-4ffa-9966-60dee4ae4afc,87f1eb55-2bdf-48a2-add2-168c9020d603,sport,44300.57,31780.23,2024-07-16,2025-03-04
4d997762-20a7-49f6-9ddc-2f0f8ab179e2,4fdd28ad-577e-41c2-8678-d3205b4b6694,special,45648.3,38938.5,2024-07-16,2024-07-25
7238d5e9-a8d0-4855-816e-eaa77c35702b,b9266f5b-f6cc-44b7-b6a2-b9ae0b92ccf0,lawyer,22882.43,13000.73,2024-07-16,2024-10-27
132c893b-8f1c-47cf-8cbe-06c4b1c61164,8f06d14d-eca1-4c36-aebe-863d34769e1c,speech,12204.95,24678.81,2024-07-16,2024-11-27
72dd7017-c008-48db-b3e7-838aeb0ff0dd,a4e6d839-2824-4ef2-a5fc-559b1657c194,push,32921.26,11494.12,2024-07-16,2024-10-01
59ddfb65-1897-41eb-9c6b-3fc0d6d911ef,9d4831e0-2571-4258-ab99-2ec7bb64768c,theory,30515.44,19779.29,2024-07-16,2025-04-24
e44de5e7-2588-48e7-904c-1625a6c943d8,c985c1d9-946a-4e26-80f6-a32512f7cb17,billion,19527.44,5992.93,2024-07-16,2025-06-02
f78f752c-5b73-4e7a-897a-22c3544d83bc,b5430a03-06b7-4f98-9cd4-a8cbb7ee2141,hotel,5072.28,1022.77,2024-07-16,2025-02-16
5b81ba11-9640-4dc3-9d3d-b132ef78248f,d984cc0c-132b-4e01-aa96-c569fd4d3bb6,yourself,47677.95,26310.87,2024-07-16,2025-06-27
6f90f1fe-6de1-40f8-800e-2e99ab695f0a,260c24e7-cc7c-4ec0-a6c1-c2bf8f7fa694,quality,4724.41,1408.23,2024-07-16,2025-05-28
dcc90aa2-ea1f-4964-9716-780a5bd09e22,f6f2f193-3f1f-414e-acd9-0bd6b7fa6859,age,30876.61,25966.63,2024-07-16,2025-03-08
a1c4a253-e9c2-47b2-a54b-02abf0936588,65c432ee-58fa-4892-9030-4670d71f877c,day,32654.98,30221.48,2024-07-16,2025-03-28
1353a743-caf5-43f1-a6df-ee7c355a373d,85780ec0-7f72-4351-944c-dbda9568fd2b,spring,46292.09,4436.61,2024-07-16,2025-03-28
8ac3d2bf-d91e-44b7-a92c-54cb0764e5a6,df240465-3590-4409-9bad-f3487809c961,continue,15496.4,14783.57,2024-07-16,2025-06-30
38b72f8b-3462-4bfe-a419-6ac178958197,35107000-b9b2-4b95-bd1a-6e722810bcbf,itself,39464.55,46650.45,2024-07-16,2024-10-09
839934c3-99a3-4094-88c1-738c1f417a0f,af26d08b-5a24-450e-89ca-d7f3da2e2fc8,civil,48798.49,29374.62,2024-07-16,2025-05-17
ae7760f0-5fe4-470a-b91b-602d887b9880,cc426add-346f-482e-af28-954c91fc5115,very,23226.98,41801.12,2024-07-16,2024-08-13
f63abbf4-9e04-4171-9bd1-49f7db85def7,6129be81-0593-4272-b8b2-199f27369995,a,40879.17,45868.31,2024-07-16,2024-12-28
d46419dc-55c6-4d9f-a3c0-1928d3ae5694,95f11f0b-eee3-4b3f-aa0d-636b6e778c2d,as,19674.11,4187.23,2024-07-16,2024-10-18
e5dba11b-cfdc-4c53-98d2-55f9ce0d689c,37b32351-a129-496d-bbc6-8fdf5a842490,catch,9082.84,33439.81,2024-07-16,2025-01-04
6c13d3b5-261a-44ca-abe0-d62ecae0fac8,8b7917bd-db10-4325-9b1e-d239c43e8dcc,air,47762.92,19370.99,2024-07-16,2024-08-14
798a1d96-c432-418e-b201-70ee1f9d9d30,297a5a07-6ff0-40b4-b558-144b2f2168eb,new,23089.02,20577.08,2024-07-16,2024-08-02
d8221312-5e29-417c-ab00-e5ac1772c54c,22d33aae-31e8-47fe-95cc-8f5e539936e0,home,9848.43,5599.71,2024-07-16,2025-02-06
2edb52ea-fda4-4661-9d27-c3470dbdd246,9512b058-0848-4825-b7b0-8e4a1b5debc2,half,20519.11,49338.86,2024-07-16,2025-05-10
8cd28f35-730d-4f7e-8d49-801f349b8c87,37dab297-1608-488a-9d4c-187ffa95afd9,group,14548.84,33975.41,2024-07-16,2024-12-12
6d050e4c-ace4-4495-b3c2-cc47eded6f52,e41dcaec-00c9-40ca-a55c-caefa9999478,never,15935.14,10302.31,2024-07-16,2025-01-27
2330aece-2ed6-4742-b75a-b29f1c4b4a38,4b3601bd-e405-4392-a368-96f75425d3f6,enter,5504.78,21399.27,2024-07-16,2025-03-28
