payment_id,customer_id,amount,bill_type,payment_date
36def1b2-43f8-4d2a-bc86-b12cee86fc7c,74f74158-424e-4d37-bdfe-1402731e73ae,222.1,water,2024-07-14
1e5465ee-a932-4d32-b7be-619ef262ff9e,04198c08-fee0-4317-a041-459df8951e8b,332.19,electricity,2024-07-14
042e0212-8fd0-4d59-94d1-e1df4962cd8b,0f09e03b-60a5-4017-bc3f-465139d8a2f0,402.91,water,2024-07-14
6c3d7d35-818c-46a7-868a-ac74a72a4483,20759cfa-6d46-4b80-b780-7a3ba0735b22,818.13,phone,2024-07-14
aa97c261-b4e9-4545-aad1-51d5d01983de,a8eb15a6-aade-4b5e-b3d3-deb8e6ec4b72,218.78,internet,2024-07-14
2d479f7d-5355-4dec-9a2a-20eb7487a4dd,4cf80b0f-72ed-4809-9017-ec06ec54c7c2,641.05,internet,2024-07-14
7a387772-17a8-4033-9816-02f268842a02,a3a10a62-c873-4b1a-b59c-2d05928113d6,947.17,water,2024-07-14
ede19be4-c4ad-4ac1-8623-360b58d554fb,10e0d7d4-d6e9-4fda-ab7a-eae20f859d77,696.66,internet,2024-07-14
dc06ca08-9e75-4d86-acd4-bae1b94507c9,fc4a7636-0150-43cc-af40-835021a2f123,177.77,internet,2024-07-14
49c8a47f-34b2-4264-b333-42750f73cd86,c530cda8-55e2-4cc4-b34e-12d29b408215,135.69,phone,2024-07-14
4c5dd68e-c6ea-4d3a-8ad8-88b577154f5e,e27cc40b-9eea-45df-b636-f3e4ec93fc9d,822.93,phone,2024-07-14
13ac423d-b74c-4514-838b-3bcf0c00bd68,e08c5e42-856e-47fa-89f4-fa484a68bfcb,948.0,electricity,2024-07-14
a473bae6-7b0b-4f74-8e9c-00197677fee6,9f67af3d-3a7b-465a-b9a8-deddf7009ffe,235.39,internet,2024-07-14
80869163-fd78-43d8-8163-525f2e27ec93,719127e2-1744-4ca6-98f2-e855dd01da60,234.71,water,2024-07-14
27a76d85-94ac-462b-8d0e-994239358d35,d918f27d-f037-444f-bba4-4082a74fbc45,320.83,phone,2024-07-14
7b2f7e36-ac8f-463d-82b2-3cfeb24e2a75,7cfed409-cdaf-45d5-88be-b4655d09eff4,268.57,phone,2024-07-14
a99ed50d-1f29-4a08-8bfe-f1f15d5b40c0,f99f5707-81f2-46c8-98ab-ee23040eecad,875.0,water,2024-07-14
6148b959-0bcb-4e4e-bae2-6aa5e4cdc7bb,f940dbab-780c-45ac-a004-b5b1ff6ce7fe,989.21,electricity,2024-07-14
5a75deed-fabf-4dfb-b6b4-90506c4a4fa1,ae572ac9-244f-4ac7-aa95-c2f3c1f46f6f,600.06,phone,2024-07-14
ba9b3e6b-e7bd-4780-8423-2dc4476cfe51,7d48a27b-5335-4a96-9e0a-69d6ee4882ec,354.77,electricity,2024-07-14
75f871cf-035b-499c-9e78-cea9df63ddc4,27ac359c-4a02-4ab1-88d3-157f793b04ea,709.39,water,2024-07-14
c285c0cf-41a8-46df-9628-3cded40b5c2e,fa094d14-f50b-43ee-899b-feaa2ce200e0,557.95,phone,2024-07-14
fa181b13-eebd-4e1a-97c9-98e6169ab775,97f9aebf-e96a-495d-a2ea-48d82392f188,980.85,internet,2024-07-14
2fc5ba42-7019-4024-87fa-50ff894ce6ea,1251d2ea-25f7-44f4-a1eb-77a1302abc48,260.01,water,2024-07-14
eac6b893-f220-40ab-8c62-6bc3a7daab9f,abf42cd5-53be-4af4-9601-0545aea43f74,806.83,internet,2024-07-14
39fb439e-a1db-4576-bd84-776c4ac3d483,82f6fe76-26c6-4038-8bb2-4e3ce5b740fe,885.3,internet,2024-07-14
6a63edf5-1772-42ab-826b-7c36d26f2ac4,1251d2ea-25f7-44f4-a1eb-77a1302abc48,700.98,water,2024-07-14
6f15a97a-5e8c-4b47-9956-b3fafde6c929,0d6716df-3fc5-4b87-8941-65b1a809fe79,736.16,electricity,2024-07-14
1d5bc0c0-045e-4e1c-a788-171c81cda7bd,29417c39-ed64-428f-b97c-9683fcc7da30,53.77,phone,2024-07-14
044ee268-3a98-46a1-afb8-5ae67a70bf16,ff92a990-c1d5-40a0-bc59-0b4a5170a916,811.04,phone,2024-07-14
d54e2913-b306-402c-8e59-800915b8c8d5,7550e177-a088-40d1-8bd3-c9a5ce181f29,295.25,phone,2024-07-14
02510a77-18fe-4e98-b191-5c92c4f5b1f2,6848ae30-c966-488f-b08a-820692ec99d4,88.66,phone,2024-07-14
95a977be-927f-40b9-adf2-3b39aeec5a5f,ac3aa7c0-01a1-4e0b-9b98-06132e7efd19,461.09,electricity,2024-07-14
5015bbb0-e92b-4880-9914-30719dab7b01,90f50a6c-25c5-4615-84b1-b70227b6c4b1,590.91,internet,2024-07-14
36221352-db97-4782-9b09-b4ae54464937,580a7026-3076-454f-9769-6babb3c1d061,199.57,water,2024-07-14
64655e93-3992-4ba6-8222-613912e46234,65a6b813-f09a-448b-9826-1a1cec067992,926.6,water,2024-07-14
1befdfef-0e79-461c-97ee-1b6f9b90b782,4d1a6aed-53bd-495e-aea9-aebea93dc893,680.14,phone,2024-07-14
4a288e10-ac29-4583-b8d1-2b7f50513656,ffb37cca-a3d3-48f1-9bca-2334213d7694,767.25,water,2024-07-14
e2923064-c663-4040-9dfe-4fa6c29bf4f5,8a00310b-26a7-47bd-9ed1-14025f906b16,986.85,electricity,2024-07-14
caee0659-ff6e-4eec-bdba-dd761edf21bf,6b099463-2558-4328-95d2-61aa207d17b7,88.54,phone,2024-07-14
fb5ac36a-a805-487d-b994-eb79c332b483,209712fd-356b-4a60-a2d0-e5a5738cb3c8,975.36,electricity,2024-07-14
0dab356f-0a8c-48ac-bb60-46aecff44439,5fb64360-3eb5-4753-8e5f-83d4498eca6e,786.33,internet,2024-07-14
4bd97ffa-3502-4fdd-b127-c4992c542706,13bf026c-059e-44fa-b5d3-a531da87131d,902.68,water,2024-07-14
d5937b15-eb16-4a2f-880e-309769c6ae33,de0618f1-5608-441f-86f0-18d65eacd219,58.94,phone,2024-07-14
c028cb10-a0ad-4dbe-8d5a-d52fdbd76784,2a3b6a06-5f4b-48a0-8a64-cd9ce078d7ac,795.78,phone,2024-07-14
0c1d0b7c-8b60-47fc-8654-143b7fd3c3d5,0be4af6e-7ec8-4cb4-9d34-5e11ad1e1c84,639.01,water,2024-07-14
ff5e3c7c-5c95-4cdc-9f83-6e436c1bb2df,ab35dc31-2dcc-498e-9d1c-d3d9c099df57,112.01,phone,2024-07-14
01882b22-73d6-40fc-9593-e1aae4dc2cd2,a801a1b4-d7a6-4a23-b8ac-c941cf0a33ec,50.19,phone,2024-07-14
764efae1-fe7a-4320-b7d1-89468748c1d3,eb57ef3a-8d06-4150-8de3-71510495b5ff,343.13,water,2024-07-14
cdc82c3d-0db9-4886-9a22-b2c48c57985a,8b13bf63-0009-49e5-a168-4dfaa7e7e0cc,942.48,internet,2024-07-14
7278d61e-9226-4241-ba9a-38d6e19b8232,2d97f178-ea8d-44a0-b626-da1d969fe9d7,937.72,phone,2024-07-14
f252454e-da92-4a10-abff-bdd467e65414,14d09976-9e25-4895-9159-8a1acd38a72b,773.21,internet,2024-07-14
2255f847-f998-48f7-b3af-94bf2dc259cb,4a19bb97-a3bc-489d-bdfb-4953ae0abff1,827.14,phone,2024-07-14
f20ddced-43c4-46a6-b490-311244ac5c39,9e423931-7d41-4f2e-82a4-1d92f423b57e,72.51,internet,2024-07-14
a5c37924-7a60-41bd-9c79-e1c66179e189,c8e71684-d1b4-4e07-ae7b-4a9c3068b8e2,540.86,internet,2024-07-14
0c438ba7-9879-43bf-a30f-06bdd6655927,a1ad88f0-2be3-4182-8b95-dd09befcc574,934.33,internet,2024-07-14
a6d62701-ce74-41dd-bfd9-064230f247b9,dc7c3382-0b05-4e4b-964a-1cab713003a0,166.07,water,2024-07-14
c44e7465-1560-4949-8fca-f1cf2d05827b,b5ea4538-8b12-40c3-b4df-c22e1b982952,432.51,electricity,2024-07-14
ba36d9e0-7346-40d8-87d5-9783a5567e98,0f5fb885-b101-4f2c-ac03-a5eeafa00fd9,778.76,phone,2024-07-14
8b2b6d56-0ec6-49dc-99ac-4bb3c40ceaa3,8da076ff-1684-4e26-bd02-be618040153d,222.21,internet,2024-07-14
8e5c67ca-e55b-46cf-a7e3-54a20db48baf,c387f3b3-5803-4f0c-80cc-b1767b89add4,133.73,internet,2024-07-14
f0fa1f0a-3ce4-4ce0-8f94-8a8f81d6c6e7,46e79e57-9695-4cd5-ae25-5778656fcd75,861.94,phone,2024-07-14
0d817127-79a1-4c36-a085-b8a3b74641f0,8993b2db-da08-45db-8475-2f8fe3b3e8b8,723.75,water,2024-07-14
e8b46bff-433b-4e11-b6b6-3c8fa1d511c3,7284c661-14bf-4805-80c9-d1c91268844d,811.96,electricity,2024-07-14
dafdf0c7-caf9-45db-9c58-f9566685edbb,4ee82f1f-5c8d-4b98-ae4e-26377ad445e4,956.48,water,2024-07-14
f4eb523a-d381-4282-b661-32dc07d582d8,ddfbdb56-7512-4896-88d6-13162a98133c,121.33,water,2024-07-14
0e815476-a2d5-4a8e-a2f6-1f3af00495a7,01b74b7a-bc7f-4080-b1b1-b1e1c68dcf39,752.94,electricity,2024-07-14
9fde057f-a68a-4468-b8f6-dad0e51310a0,889d796f-1807-4dcb-aa7f-c971b7060314,439.05,electricity,2024-07-14
e7775eb1-2eb0-4e0c-97f1-510cf9e056b9,40b43d96-0193-4b55-9987-057853b57c3c,687.24,phone,2024-07-14
8d5aa03a-9c6a-4908-b8f7-e140f0b5e5fa,aa049aaa-60f2-46d6-8e9d-5be6e4bed2a5,356.98,phone,2024-07-14
66567075-52cd-42ad-83ec-d87679e7ec76,b94c4414-3a9c-45f2-bbf0-5fea2f711215,300.35,electricity,2024-07-14
dcffcd15-607a-4cef-ae71-1f31cf01afaf,0574888d-39ab-4f88-8172-677955fa230f,444.05,phone,2024-07-14
358680f8-3a69-4721-a5fe-d66bb019535a,d2fccdf8-7cde-4cac-a0ca-9ead16e1080b,588.28,internet,2024-07-14
8f98c610-b229-4427-86e0-7c4fdc58e182,99cd7b13-ad72-48b2-ae47-5ca248938afb,691.56,electricity,2024-07-14
3994ed5b-1739-4cdf-96fa-facc1ca5ccf1,b1ab2c2b-f872-40c4-b012-f133a96cb00a,221.96,internet,2024-07-14
97fdac50-bf8d-4269-a19e-6a543c4d707f,30d50579-2c36-4985-b747-dba53b9cd508,949.43,internet,2024-07-14
11cc7d4c-5a31-4f93-badf-31a8c047faee,b053dc1d-0c51-41c2-b9c9-f87b0829a924,793.23,electricity,2024-07-14
6c0cd223-3316-4758-8108-cb51f61cd215,9a8a7c4d-b691-4335-9ded-6fa8766a69ca,910.48,electricity,2024-07-14
154bf68f-0397-464c-be60-a7ce83ef6c71,757a5a00-3a6b-4d71-8369-86fe2bf678b9,617.34,water,2024-07-14
43f2fe27-41a5-4900-b79c-4e71f9ac6ca3,bb6ecaa2-597d-4dc3-8780-5d906b8110c3,507.03,water,2024-07-14
2cff994d-4cfb-4447-8437-295d7ece9fbe,15047c53-db4c-435f-81d4-9fb11f841636,716.42,phone,2024-07-14
ac230bc6-52c7-4510-8a8a-d19c6b2ef3f8,c0bf3d0c-a328-4a38-8096-2875132e8091,846.75,internet,2024-07-14
bf94d696-5e05-440a-a3bf-c8f71717e84f,902c5049-6f87-4628-a1ef-d91cec7ecb2f,676.06,electricity,2024-07-14
55f4567b-1243-4433-b534-9b8f1b13ba17,347a0184-3c76-476b-80e7-b647dd600250,410.3,electricity,2024-07-14
80108a10-debb-4bfc-8e26-365c8466f11a,d24d1389-3f91-465f-80d4-d8a8208b0d65,72.07,phone,2024-07-14
ee5d0392-1157-4007-addd-7458b77327f7,992177b6-7fb4-4143-9bec-bf2b52383bc9,365.04,electricity,2024-07-14
c341f985-7c1c-4ddc-980e-23b6a560eb23,71a2b7eb-88e3-48ff-bcda-cb6cd83e6071,458.53,phone,2024-07-14
05959355-31b3-42df-9da5-8f16eb4b8984,e0f7d496-b634-46ba-a77d-014c9ab25932,921.8,phone,2024-07-14
52410fbd-ab6c-40bd-a595-8909014c9fbc,d8e5d9fd-8f33-4ebd-9868-3e531deb1249,105.06,internet,2024-07-14
dfa68eb7-2bb8-457c-a151-26d2f869dc6f,b053dc1d-0c51-41c2-b9c9-f87b0829a924,214.82,water,2024-07-14
7665116d-cb04-4ff1-938b-c2708a5b2ad4,4bfe6b37-f145-4263-99a4-abae7d4553ed,150.26,electricity,2024-07-14
cf0ef631-4818-4075-809e-f4a066503f1c,b3e341e3-17ea-4c66-9543-14913002e3e5,370.26,electricity,2024-07-14
7f8df1d1-8930-450d-9612-9faddbb4f0ef,f0fa017a-4b04-4a8d-b4b0-19d2a7705e6e,514.23,water,2024-07-14
0188ecbb-4204-4c2f-8d71-16a98fac8f1d,2b3cbf01-6770-4209-bdf8-63a869316dcb,709.24,water,2024-07-14
c513f054-1023-4fba-a986-41eb4fbd9545,85860e2a-40a4-4032-b8e7-021ceb1b71d5,638.83,water,2024-07-14
0c0a4393-7ffd-4197-a73b-aea156062d1c,b42d3fdb-45ac-43f0-b914-43ee5c99c6d7,784.81,water,2024-07-14
9ffcb8a1-2499-4153-8eb5-5e4cd61b48a0,39c9ed3f-ff5b-4aa9-9e1a-f530b1c30353,646.2,internet,2024-07-14
f8bb0364-ca67-461f-b3e2-a5f60aeba0f7,e2f18419-bfe2-4758-bc92-ea834c659d69,898.73,water,2024-07-14
12aad83b-5feb-40f0-bac5-5005912453b9,eb57ef3a-8d06-4150-8de3-71510495b5ff,350.88,internet,2024-07-14
811ab8a4-bf48-45db-9bc7-2ddf586f266c,e982f40d-2001-417e-b454-bef13aaa19a1,52.92,phone,2024-07-14
d7a11866-5360-40e3-b30f-e5ca18e30ded,0bf2eb60-a269-4ff1-ad95-780799ec53d0,595.58,phone,2024-07-14
ffd04a3c-a0f4-4328-8af7-5d5e7c5c8268,1635324a-f2b2-4678-9c6c-0eb6d9f76860,242.79,water,2024-07-14
35cdcf72-71a0-456c-ba94-f6504e5f23e7,56c1cc1a-a0fa-4fcb-9068-268f2be60143,636.01,phone,2024-07-14
8816abc5-e524-4a66-bacb-249189fb1542,a80e065f-48d1-4dfe-b2c3-708136661045,495.93,internet,2024-07-14
423a4e93-e3d2-4529-8291-1c3c91064580,f2aa178b-26ee-4b04-b47b-7c1b8a9323f3,569.08,phone,2024-07-14
61c1347e-54b8-4a5b-9fd6-1400f9a7e0fc,5a6ac23a-877f-44e5-bcf4-0259e54acbea,130.41,water,2024-07-14
5f193974-bb63-4931-ad5b-88e0da566599,937db7cc-f114-4d48-9aee-0f0e0db295c2,607.1,electricity,2024-07-14
ded93201-6518-45b7-b50a-d47b0265cc8f,87fb8c0e-140b-4c4d-be13-8fc1e471b2d6,590.21,phone,2024-07-14
461828eb-f79e-4165-a071-f2b42f19dbf2,5fb64360-3eb5-4753-8e5f-83d4498eca6e,886.35,water,2024-07-14
b5653bad-e06a-446f-9c41-a6743363fe4c,7a327451-9146-4269-bd14-e66f557ee908,115.63,internet,2024-07-14
937d8664-6eb5-4fca-9c81-b837d610ed2b,ccdc0ae9-5f1b-46b2-b75c-248ca79fe5ed,771.44,water,2024-07-14
5e6d6351-367d-4d27-ad0d-fe9bdd1989b0,2eaa382b-5fe2-42dc-b5fc-0c8d283aa21b,869.68,phone,2024-07-14
b948c6c2-6835-47f7-a7d2-6c61e18deafb,680a19dc-d8d7-4037-9d4b-fbb79efe9e01,650.6,electricity,2024-07-14
7a415873-ae28-4863-a7f9-36990e260fef,497795ab-f920-4c1f-b77c-1d85d9f2f131,631.07,electricity,2024-07-14
43a0724d-3d69-45a0-8269-b28c92568b02,2ed4d610-c9bb-4f77-b3a9-15f8159ae21b,263.17,phone,2024-07-14
b84f701e-5228-4e08-b6eb-038462560750,affc47a7-9fa0-44de-9e70-c02e7e1bca47,502.01,phone,2024-07-14
9078460e-e8a6-4c89-ba70-f0275bc42fb1,443024d2-a8fd-438e-a560-c328086435c4,635.23,electricity,2024-07-14
05d73984-a451-4fee-8edd-2854f9ecd52e,f860fc1f-4c53-458f-9210-2d606b4d698a,511.92,phone,2024-07-14
7502d357-69b5-4329-ab8d-741ae0027510,101b00b1-643a-450c-b73f-a8b3b686cc41,740.13,water,2024-07-14
0074c412-5709-4832-99d0-e9935e82037e,3a022970-36a8-4896-a457-875853caed3a,102.29,phone,2024-07-14
9fd731b7-6236-4382-a2cb-ad58d62620df,f054e314-d165-455d-b3cd-e51310f11457,931.7,electricity,2024-07-14
de892af5-5a20-45cb-b9be-88dbabc08b7c,de0618f1-5608-441f-86f0-18d65eacd219,697.33,electricity,2024-07-14
3481f527-211c-4a6b-9851-f6ecb6ecf699,40b43d96-0193-4b55-9987-057853b57c3c,56.16,phone,2024-07-14
709046ef-6eb9-4a8d-b5c2-bfd5197fe616,c6ede869-49ff-4385-a91f-294b6e4a8be3,875.16,water,2024-07-14
3cd776cf-2683-4aed-9f4b-c12ccacacb15,45dd5397-f0e8-401f-b98b-8f51c1ce4ec3,725.06,electricity,2024-07-14
8e592adf-30ae-4fac-8b42-e279212134d4,8690dd3b-12b8-49fb-8711-2c4ecdfad2d0,249.78,water,2024-07-14
f0efd6f8-9368-487d-b10f-f1bfd95e3db1,f6cc867f-0567-4ad1-89a5-5e02d03f2d3a,671.52,phone,2024-07-14
455a712d-9d97-4f6b-b671-f1d6c22c66cd,9a083376-569b-4c47-9b1b-13aab8edeb12,736.93,internet,2024-07-14
94a7470e-ea71-4ab0-b946-7db04f4cd5ec,fa094d14-f50b-43ee-899b-feaa2ce200e0,264.18,electricity,2024-07-14
b4e332fb-54ce-4b78-a35f-dc24635fd916,15f23897-158a-4565-81ca-58101e78982f,249.05,phone,2024-07-14
e952390e-2f15-4701-be7c-76a5d91bf670,291c731f-0250-4738-821d-0910f8ae6a08,197.9,internet,2024-07-14
81177015-2c47-4357-af41-f00c398cd5c8,8e20888e-b718-48b2-b1b3-3e3623d47732,200.51,internet,2024-07-14
44401ae1-3f73-4887-9369-4d64663540f8,36350439-847e-46f9-8a61-fbe0d8c7587b,65.53,phone,2024-07-14
f01e0e42-ecc9-46de-b7fa-6e55abfffd14,f2226358-1dc2-4ffb-8a10-3b631cbfa544,501.42,internet,2024-07-14
36dd423b-a9d1-4b0a-9826-5403b44b39b5,5734f61e-f720-49b0-8be6-53f81d4d8e29,81.19,phone,2024-07-14
b55f0b4a-36f1-4d47-8cdb-02235bd8ff4a,b9db3368-4eb8-46d8-a840-6a4d2275b590,913.23,electricity,2024-07-14
2640c0e4-28c4-4f83-bf82-8e3054ad6afd,d87b727b-1774-454f-835d-5b974f4658a6,654.16,electricity,2024-07-14
71962703-6b88-4dd3-b8a2-a88dd0482926,fa094d14-f50b-43ee-899b-feaa2ce200e0,145.57,electricity,2024-07-14
42d02210-104e-4270-b5d5-9d7497a224d7,94368dd2-c885-4baf-ab3e-7b6d01888cf4,894.23,electricity,2024-07-14
35cbc941-3d82-49ed-b072-98210d52382f,0d139602-10c6-4e84-b1e0-da1402f3e4e8,881.12,electricity,2024-07-14
a1bf7a34-9e85-4c2a-9ce4-9c7c274b3624,f9d5bafc-f692-4729-833e-992a384da6bc,666.52,internet,2024-07-14
df66e2b3-fb5c-4dda-87bd-108dd3f3fcba,dc0414c2-3ba8-4e68-bb31-70161859a112,762.19,internet,2024-07-14
75e24bbe-2ec9-41cf-a957-1b645dd00bc0,85eae58a-e72f-4fb2-9be8-5ff32583e520,624.29,water,2024-07-14
483a369f-c34e-4e2c-82ea-1a94b0bf4ad6,d991d9c2-b8c5-4eb6-baa3-09a49b0bab8e,930.79,internet,2024-07-14
d126d76b-a0ac-400e-ad44-188687aca5d3,e7b6bff7-35ed-4ceb-ab57-02b0f50db91a,446.87,phone,2024-07-14
0e47b7af-ea0a-403e-af0d-03f50bedfa79,c6c41456-1d22-479a-9534-5a4b2ce02e25,355.58,phone,2024-07-14
a980c42f-8de7-4d92-ba92-c628d46c17db,e2f18419-bfe2-4758-bc92-ea834c659d69,644.19,water,2024-07-14
5d399471-822a-4d06-b1ae-4da2f564653e,a28d28df-d764-492c-8a41-e7966cc1da0a,686.66,electricity,2024-07-14
6f504d72-3388-421d-87ce-021e3180ec0b,50d4fb62-a4c0-4de0-ae09-d11228c7d2fc,401.25,electricity,2024-07-14
e38493f2-5735-49fa-bf53-91b76456b79a,8fd49661-4f0c-4eb7-a023-d041d222012a,583.88,water,2024-07-14
eaa138ed-5c90-43e8-97de-ecf8f1767090,a1ad88f0-2be3-4182-8b95-dd09befcc574,225.09,water,2024-07-14
8eaf6cb4-a718-4fcc-aaf6-5259126e2d52,4ea4533d-5e09-418b-b71b-05b302c897a7,215.22,internet,2024-07-14
284bf572-65e4-41ac-b01c-806b11d558ba,bafb9563-f780-45e3-af42-2084ef2a4651,402.81,phone,2024-07-14
63f9f0b0-1c67-423a-aeee-b4cd5e5b5a8e,d92f401e-fb89-466d-88b3-20af2e636fef,853.51,water,2024-07-14
6491840c-84d1-432d-87b2-d161efb1c26f,02a3af50-e1b4-44cb-90d2-e98692c416de,387.21,water,2024-07-14
26517484-b68f-4876-8ab7-c70d03d2b042,e420baf3-f487-4c1c-be26-9d3987790af7,709.29,electricity,2024-07-14
ca6e7990-f564-4fa7-9365-629560626282,690f1f1a-162d-40ef-838a-c5d8bd24849c,57.65,internet,2024-07-14
7e05c211-2d0b-46fa-a3be-9bf498480727,6350bae2-ae7e-45ad-8ecf-ecc3a822ce34,959.65,water,2024-07-14
933113c0-3f3c-41ee-9caa-efbeb9f34cfa,516a20c1-5794-43fa-aee4-3ab33fba27d1,745.81,phone,2024-07-14
ebeeff2a-9967-4295-9ebb-53343769ec98,46d9ccfc-7174-4ba1-a787-c71fdbfbd931,172.28,electricity,2024-07-14
6440d686-ddca-4066-b7a9-b3afbc1dfb6c,cefc4ec4-3708-4313-a0b6-c30fb4a0b76e,670.17,electricity,2024-07-14
8bb979e4-43f5-4044-91b0-324e118ada99,b11cfeb3-1e63-4c1a-aaa2-2d797f82b809,977.02,water,2024-07-14
7330b4d7-ebf2-44b9-b42d-0d4b175bc8da,02084a52-aee6-4e63-8e98-739091f593b3,922.21,phone,2024-07-14
7bae8f98-af63-405f-84f9-f386aaba98eb,9ceb7144-c8e1-4990-bafb-3d3f22a08fc2,724.77,electricity,2024-07-14
2264e766-3bcc-435e-9153-cb7fa82825db,39a00b6e-8a89-461c-86db-8689790adbb8,808.19,phone,2024-07-14
8a8c2fa0-f935-47e5-836e-083068463f27,1a44cdfc-0733-41ba-b969-f32239e27681,420.26,water,2024-07-14
7b671936-beb9-4023-9bec-1a780ccb6d5b,7cc67297-703a-4a85-aaf1-90abec379107,521.33,water,2024-07-14
35a74ebb-174a-4331-851b-d0eb1dc49393,3a022970-36a8-4896-a457-875853caed3a,872.24,internet,2024-07-14
f901b347-7087-450e-ae60-9dae7d6a3940,3a022970-36a8-4896-a457-875853caed3a,752.6,internet,2024-07-14
9e069ce8-d0f8-43ee-81cf-ab840f7216a2,a1ad88f0-2be3-4182-8b95-dd09befcc574,945.73,internet,2024-07-14
556427ec-15f2-45af-b065-9e9f5b6ce02f,a974c221-00d0-4172-8be8-d79645ce419c,415.69,water,2024-07-14
e5fb5b26-f549-4e53-976e-06526f8fc637,29f07c65-9250-4f35-be2b-912a0e9d1331,299.47,electricity,2024-07-14
15026522-9d68-4729-aa1e-4460c1fac40c,38249aac-8e29-4b0e-a389-3db19e06fa50,306.33,phone,2024-07-14
1c7b01eb-30c4-47d3-a502-ba32ed904dc6,4e0ff061-5cea-4fe8-87b6-2b5ca6b8a29b,210.18,phone,2024-07-14
e7f5c403-9d56-4798-ab58-8ca2896ff68d,70e94d3b-8ee3-48a1-b598-ec6d46cbf2cb,621.0,electricity,2024-07-14
b363406f-d41b-4bf5-a7a6-65a9942cf5f1,4152f0ad-2509-4a9c-97fb-a4889ff310d1,417.73,phone,2024-07-14
2ae70552-d10a-4123-bf24-81b7a79d9b6c,9fc9d60f-ebbc-4672-a1cc-d28e2770e350,587.89,water,2024-07-14
2d3066d2-2add-44b6-862a-cf58a67dc699,9dcd1397-3f5d-4659-923d-8f98b09ae98d,850.57,phone,2024-07-14
fb9b4f51-0500-4f04-bc07-8442f26794e5,3e6ec528-737f-49c0-9be6-164c35b14a61,780.38,water,2024-07-14
c4e2893d-f5d3-4509-85d8-5c3eb629d478,dbd8fbec-7151-4398-9dc8-a82b7a4deb71,782.7,internet,2024-07-14
4b505de0-2edc-4967-b79e-aed539781069,6a85b691-3442-4c2c-b818-2f2e2118c4ee,108.8,water,2024-07-14
5fa728fc-b499-406e-89e5-91419d080425,3e98dc53-d66e-47b4-8533-40d30cfde2ed,235.09,internet,2024-07-14
53319d25-5281-4e65-a7f7-1acc0b1348b8,ff92a990-c1d5-40a0-bc59-0b4a5170a916,225.34,water,2024-07-14
5b2ba68d-b968-49c9-ade2-ed308531a078,e429c39b-4486-42ba-b5c1-668cda4291a6,218.14,phone,2024-07-14
3f9357ac-dc8c-499c-881e-331084909cc9,17a51ef8-98b3-42ac-b21e-0803e5a779c0,128.23,internet,2024-07-14
c947a9f4-e446-4e80-ae4e-fbc685164493,38a746ff-66db-4a8c-bd86-dd0e7c26a976,980.35,phone,2024-07-14
4b073505-c6f4-4762-acea-b4c068a5f5c8,02bd81ca-707c-47fe-8db8-a3545498fba3,434.84,electricity,2024-07-14
dd20c101-92b0-4af5-aa43-eb7f6a06224a,e7a7f46e-bd6d-4429-b6d5-6d62b907f53d,814.26,internet,2024-07-14
9f75a78c-df11-40c2-968c-1e8fed60bdfd,87fb8c0e-140b-4c4d-be13-8fc1e471b2d6,58.31,internet,2024-07-14
4b9b1fc0-5f0d-40d7-88e0-8fd207cc7209,2f83cefe-200f-4735-ad94-a70bfec99d29,917.23,electricity,2024-07-14
3fc1a366-d853-4dd7-9d9e-a21f47bee219,4e126ca0-d3d6-4b72-ae1b-7f3cb5e5b948,154.77,water,2024-07-14
20681cfd-221f-45d1-b5f7-fe8ec7436f59,fa2d7c82-43aa-479e-b68f-9e2e1f7a2216,344.54,internet,2024-07-14
98fbbd43-c33d-4c78-892c-dce15b592f6d,472e748f-be6e-4103-89ed-cf36ea98ef6e,890.46,phone,2024-07-14
282bb413-56fa-44c8-940d-bb9f03f39ed6,45c778da-deb1-4f68-b010-312508ce46bd,221.6,phone,2024-07-14
fca77348-c3fc-45c7-9467-b0368efb7f72,39922b61-4d87-45f8-8751-055ad9d8a8c1,231.98,internet,2024-07-14
2d719a9d-48d1-4494-a9d4-cf7d2220c010,a583e439-0c76-42b0-8508-a206119763b3,569.79,water,2024-07-14
4ebdfa5a-4c1e-4adb-b133-f4c457199806,936482dd-d3bd-407d-a67a-55f3be55421b,96.64,internet,2024-07-14
4a9f308a-d5a3-47dc-af36-a0d6aab164c5,4e7009ba-d0a4-4c7b-bbd8-51b8239d4c16,777.59,internet,2024-07-14
ab21003d-f075-4703-a405-a74cce88d8a2,6a5c1877-afcb-4fda-9602-6d67bfbaba21,960.26,electricity,2024-07-14
c1cf90d1-4d08-4c40-bb11-4949dd4b6e4e,2014bc9a-89f7-4dc5-a343-d1fe7a64d7fd,619.35,electricity,2024-07-14
3b8d41fc-c7a9-43de-b889-511d87da0a4f,608bc4e0-f8d1-4827-b164-c8a4a54ea25a,396.23,phone,2024-07-14
b48a4817-dda6-4d76-95b1-7528a1ebcfc5,93223865-0fed-494a-a603-ac5bd44e688e,106.74,electricity,2024-07-14
19f4770a-5238-4430-855e-8ab6c6818198,d5869468-b127-4608-864c-871a9798e50c,221.03,phone,2024-07-14
433e500b-55d3-4c86-9e2c-5e2edf46eb2d,5bbd557b-8c8a-4f56-8f8b-dfac981ab572,972.79,internet,2024-07-14
22af5460-ecc4-4b99-9665-54c913c984b5,9dcd1397-3f5d-4659-923d-8f98b09ae98d,624.32,internet,2024-07-14
2d7cc601-7d6f-466d-91a8-1f0a7c9209b8,07c51f3f-4453-4a7f-9c86-3995bc76f48d,581.19,water,2024-07-14
99f1e076-a4cf-4574-8ddb-829203aa02af,8babc6c8-21d5-4c66-b1c3-984c16f21e71,50.76,internet,2024-07-14
8afa00ef-229f-472e-bca4-2de7fbefed94,5e38f299-2e14-47c9-9c50-817b707292f0,423.69,phone,2024-07-14
f8046b70-62f6-4046-9c8c-3c5ead1b238c,227d4e52-f412-4138-ab1b-9f1a47ad5633,374.79,phone,2024-07-14
64cbe5d9-8958-4789-b80a-57f92bb79097,6a85b691-3442-4c2c-b818-2f2e2118c4ee,547.55,internet,2024-07-14
1ce11a25-25f0-42c7-87d6-377b526ee627,9a4a6d33-4006-4474-b338-a480dfb35019,252.54,internet,2024-07-14
a19a2550-6be5-465e-adf9-27ed8b219166,7c5daa1d-c07f-4edd-8ca0-63478bbae75a,608.0,internet,2024-07-14
832e4ab4-a2e2-40b0-b84b-281eddf5b114,06ad718f-39d7-4236-a014-3461ab10b07d,165.79,water,2024-07-14
812702ee-a6e4-4374-991e-7687e53029f7,7c0bed31-ce56-4e37-87e7-1540bcd2b942,703.96,phone,2024-07-14
e38442e7-1382-43df-83ae-cb309c132331,992177b6-7fb4-4143-9bec-bf2b52383bc9,356.11,phone,2024-07-14
dffb93c7-126e-43e0-b5d7-9728843f9478,c0e5bce0-3956-446d-aa6a-a2e592f3808a,114.81,electricity,2024-07-14
cb1f60e7-44ae-459d-9654-c9ac8dcc12f3,be004641-105e-4bfc-b8e4-9f0537fe7ee2,447.33,internet,2024-07-14
14f089e8-5925-40b4-85df-68bedfe86988,c387f3b3-5803-4f0c-80cc-b1767b89add4,337.79,phone,2024-07-14
f6e787e3-24b9-4e08-8089-8e46b4588fe6,d991d9c2-b8c5-4eb6-baa3-09a49b0bab8e,922.75,water,2024-07-14
4df997b6-3c94-4b3f-8af7-fa34c05f19b0,36350439-847e-46f9-8a61-fbe0d8c7587b,392.59,water,2024-07-14
118cd12b-e98e-43cb-9fe5-732506917908,0d6716df-3fc5-4b87-8941-65b1a809fe79,641.62,electricity,2024-07-14
364eb4e5-df6e-47a4-be0c-17ed42e60bc0,07c51f3f-4453-4a7f-9c86-3995bc76f48d,91.71,phone,2024-07-14
4ee78ae0-d2fd-4e3c-b4ca-db6662796ffc,29d03ace-508f-42f5-af16-11d77ae909f5,147.17,internet,2024-07-14
fbf6c301-cd14-4b27-b4dc-705e73f5da9b,1057cb4e-40fa-4df5-a5f7-e044eaefab4b,313.3,internet,2024-07-14
5fa90816-21bb-4142-9234-26155c5f3298,56c31409-825e-414d-ae55-6fedee9aaeb3,332.43,electricity,2024-07-14
540a9306-5933-4b6e-b37f-aeaeb5964f99,f43e9fd0-7e23-4416-8ff7-15932524f737,386.1,electricity,2024-07-14
f628b63f-1a56-4b07-998e-a1736ba0cdb8,b39fa5cc-7c47-47aa-982e-6b5a6a6944bd,681.7,internet,2024-07-14
82d3098a-c736-4407-babe-44a3e81732b4,2cff083d-4953-4cc6-a4b3-89bad98dd1a5,489.07,water,2024-07-14
23e5bcd8-28d3-4396-8224-c6e56ffe7878,3b79b600-6a04-4c83-99a7-3cd76d1a7e2c,245.45,phone,2024-07-14
bd97fea0-67c9-4cb8-97b9-50bb15517bfa,2823df21-5e47-4e7e-be53-1ef7da0f4387,900.87,water,2024-07-14
7a410afb-365e-434b-9bf2-95d8702c715f,46511fef-c770-48d3-b500-3405d6ea6036,355.77,electricity,2024-07-14
1eb42a23-c942-40b4-bd5d-a6efcd4f536a,c89eae63-a4f7-4b6b-b8a0-aab0930ddc58,239.03,phone,2024-07-14
82538f3a-17aa-4411-997a-27396deb12ac,e831ce57-708f-4c8e-b243-ca22985c6349,460.43,internet,2024-07-14
390cce87-5ce2-49d8-93cb-a0fedb38f036,cbe7d4f8-ba7a-45b6-b343-f9c47ecbf732,716.22,phone,2024-07-14
212908b8-7b4f-4742-9bbf-a8518b5baa43,479a36fb-3bee-4539-85ca-07c2d6fad6ae,912.03,electricity,2024-07-14
5e99ed25-d788-4be7-914b-cb45d80ec8bf,55f794bd-977f-4b65-b71d-8f082d59f8fa,661.78,electricity,2024-07-14
0837c4f6-a02f-4b46-8408-bd71ad498909,063a8742-ff9d-474c-a9d9-6acdf71ea9c3,256.88,water,2024-07-14
43590c70-42c6-4d38-b9d8-5bcbc183c3b1,d991d9c2-b8c5-4eb6-baa3-09a49b0bab8e,686.85,electricity,2024-07-14
85857f3f-295f-46c7-94bb-df6cea4a4c28,28d22af3-ebe1-4666-a67a-0657565c453f,810.45,electricity,2024-07-14
5287582c-32b0-4fd7-b90d-ada8eb419f5e,a80e065f-48d1-4dfe-b2c3-708136661045,330.5,water,2024-07-14
8cd1d0b7-23eb-4037-a506-5fa6f4945f65,063b7226-64f9-4ade-8f72-5127a3d5102d,252.15,phone,2024-07-14
5e5cc50a-a1a9-49d4-aaa4-81ca14fc3688,e0f7d496-b634-46ba-a77d-014c9ab25932,895.09,phone,2024-07-14
6ed50a2b-0ffe-4f66-bb33-fd95dfbfaeff,b782a911-c222-4227-975f-b1844c2a6bcd,549.2,internet,2024-07-14
21bfc4a8-7575-4eda-b827-6d39f82c4a35,842002ee-c4ca-4885-82c1-5eaa2b282ed2,807.43,water,2024-07-14
b2a5a75a-ed7d-45f1-b868-42112105680e,6c5d904b-d729-4187-903d-2a6c68ab7b74,240.2,internet,2024-07-14
53531843-f326-49e4-b110-830b5832c4f3,7d14671c-2638-40d8-9759-dc05014eeb47,848.25,water,2024-07-14
12675f84-1c1c-4895-8902-578cd5bbf2cb,f14a521b-b8d7-4f51-a89f-fd7b9c662832,491.09,internet,2024-07-14
c26356a2-187a-4cfd-a310-c7a467b46481,cbdd53fa-2e51-4779-ab13-a0bcc9c4a8af,378.02,internet,2024-07-14
52464e63-8b8a-46ee-ad85-bd88c28eaf4f,cc962d7a-8dfe-4101-b56c-22d1ee54b041,978.36,phone,2024-07-14
b5dbaf1a-02cb-4f52-9447-21e8c6a751e8,cbf34c65-e4aa-4f32-b3e3-8af9df6550d8,938.97,water,2024-07-14
ec2177da-c38d-4c7b-bbc3-494da981592a,c362fb7f-8b38-4fd4-b41e-e602da886753,514.3,water,2024-07-14
1be00753-f251-4725-916a-d9516f713bb8,5fd77d74-7071-4800-a2ab-734156e7260e,521.56,water,2024-07-14
ae82f27e-004d-48c6-beae-f762b4774339,e2e397ce-3717-40ff-91c7-4e6b1658a9b2,155.71,electricity,2024-07-14
8e46a1dc-0447-4461-a99b-16c6ef13ab21,e90f6567-45ec-4c64-85c1-62644d10c912,429.31,internet,2024-07-14
d5c6bbc0-0cc1-443b-9350-0e4de2cf0c84,894b8186-88f3-41ee-9d21-6a7dc8b0aba8,175.67,water,2024-07-14
d64a9f1c-2260-4603-9bd9-bb8e5898b7d4,39a00b6e-8a89-461c-86db-8689790adbb8,194.35,phone,2024-07-14
4b863592-8170-4db6-9e4c-099f67333dd7,472e748f-be6e-4103-89ed-cf36ea98ef6e,712.46,water,2024-07-14
df04f445-3a76-4ff2-9b47-f09a2d67f1eb,84fac005-335e-487f-8456-0cef82f4de18,56.47,water,2024-07-14
7ef09c97-7971-48c9-a6c2-9d5431ad39b1,b99e6039-10a9-4326-8f79-3f76caa84821,622.65,phone,2024-07-14
c2c1c50f-4870-41e2-b1ac-8bbe6a484d65,9f67af3d-3a7b-465a-b9a8-deddf7009ffe,780.44,water,2024-07-14
f0bca705-b28d-45f6-a032-2e70adf6b246,2b3cbf01-6770-4209-bdf8-63a869316dcb,587.94,electricity,2024-07-14
09347fee-e4f2-4e08-a127-0af71368a9b7,1d726359-5b19-4d9a-a203-1d516bdca806,302.42,phone,2024-07-14
908e1310-b930-4b36-a02f-767755ee76a9,a98650e0-5d9c-4a60-9ce3-c3f40a432a3f,517.01,phone,2024-07-14
ff8c34a6-66fe-4c5a-8b09-f486a351f921,9a032907-4e1e-4426-9675-8e3530f0f39b,863.33,electricity,2024-07-14
0df96704-4dd0-4fc3-bea9-d1fbc36179aa,0d441f69-3424-4ab7-b6d7-336818c4cb58,84.16,internet,2024-07-14
49610448-89ca-4300-8647-f50ed8266794,f505b952-4eef-4e5f-ac00-556bd5ba5b57,773.0,phone,2024-07-14
b474abdc-d003-40ec-b206-2608d73a4382,c0f86d8a-aa49-4431-854b-8c75db0c1812,408.77,phone,2024-07-14
a9884937-5323-443d-81ab-b12348c9923b,1c876314-b7f8-4f2e-a6d4-1cc96e289a19,271.26,internet,2024-07-14
3d6c1d82-de2c-49df-90ab-7d60c72ef8f3,e1a30f9f-478c-4637-a17b-65e8807c805c,392.82,phone,2024-07-14
bc004a0a-79a0-45a7-9eda-09869308b9cf,1ecaaa0e-6caa-4b67-88dd-592840d416d7,662.04,internet,2024-07-14
32dae1fe-2b9e-4a37-8a42-18a436ee3a5d,f14a521b-b8d7-4f51-a89f-fd7b9c662832,400.12,phone,2024-07-14
b3926564-72a4-4c4d-a710-d1dcdcdf1aad,f3b1bc17-81f1-44dc-9663-e82e63a3a736,762.31,water,2024-07-14
66f68fab-38d2-4985-acd7-8ff3ce7526f1,82f6fe76-26c6-4038-8bb2-4e3ce5b740fe,369.54,water,2024-07-14
94d5188d-7028-437d-9be0-bf15d5634a74,1061438c-0ecb-41e3-b7ca-2ca985bee2a2,483.49,internet,2024-07-14
3442d106-5737-4265-9ea5-8504936b606a,b0a41888-7cde-4b82-bdc5-6850d9dec2f6,791.7,water,2024-07-14
73e0449f-4aa7-4e6a-8e7a-afd74850fb64,90f50a6c-25c5-4615-84b1-b70227b6c4b1,743.29,internet,2024-07-14
3ea2851b-19dc-4098-a7af-418233d01d4c,40377afa-8e8a-4a7c-986b-000704951da7,392.63,water,2024-07-14
fc5c3bcb-2880-4dde-a20f-23c00d60958a,0be4af6e-7ec8-4cb4-9d34-5e11ad1e1c84,664.45,internet,2024-07-14
f6521b46-b6f3-4809-8d6e-87f99018d992,a4f52a9a-f1bd-4d10-a0e2-2fc339f685b6,873.54,water,2024-07-14
5bc34540-1e1a-4e80-beed-e0f59f726fd6,5e667136-a3d0-4dc4-ab66-fbc6566f83b1,961.07,electricity,2024-07-14
16ca3e02-d444-4bba-a94c-8973bd597bf9,4a19bb97-a3bc-489d-bdfb-4953ae0abff1,474.97,water,2024-07-14
7cce5170-1d48-48da-8a96-5b2b5cf40fe4,a00d5e35-7805-4116-b8ff-b06af45ac4aa,884.89,electricity,2024-07-14
41a76338-2395-460d-8071-6dd96891cb4e,879b69f3-d6d1-4908-ba71-28af3c81e5c4,726.41,electricity,2024-07-14
d6a671d1-d40e-419f-bdd7-9e6ff1e6c592,92fd619a-bf27-4914-8c79-9e874c82a40a,480.6,water,2024-07-14
03a01f2d-d2d8-4531-9076-26e7bd21579d,b8893c79-a278-4f62-9058-8696aacd101c,766.75,water,2024-07-14
8d911613-8127-4cb9-8493-802a0559a6e3,006b690a-fac8-4962-969d-311673c3e183,625.52,electricity,2024-07-14
f429c0af-3f43-4cdf-8356-2db2efe250c9,8161d103-9eeb-48c7-8aac-fd5cb1aa72eb,394.67,internet,2024-07-14
574a0843-e228-464c-96b4-e00d7591bff0,32d8db98-1fbd-401e-b8c6-176eed030280,132.19,phone,2024-07-14
77b8dd66-17ed-4044-9c03-944e4486c69e,a5e60f88-d54d-467e-b097-c38e38300cc8,173.46,electricity,2024-07-14
18fb4edb-1fc8-42cb-8371-b1ac27e0b199,d9699592-930e-4918-b75c-5300fda777f0,206.68,electricity,2024-07-14
4b946e6d-442f-4f7e-85d5-92469c9221d9,61fc03e6-184e-4818-acdc-e42b85e51652,782.78,electricity,2024-07-14
88a08e85-c961-4e38-8509-af5eb9f46ea3,6af82046-d727-439a-9cdb-92b6bb5f97eb,663.84,internet,2024-07-14
5e2a2d85-4148-4a8b-8720-84c04182ab26,a974c221-00d0-4172-8be8-d79645ce419c,364.1,phone,2024-07-14
2d4b0850-68d3-4ae0-a4eb-a12b6d6c451f,52926637-0bbc-4cd5-bfeb-19e337cff458,705.32,internet,2024-07-14
10204d61-65a6-4898-8e93-836f942f0dbb,829608dd-b6ae-43b1-ba07-e40e0de15312,895.34,phone,2024-07-14
eefd63ef-7fc6-4a8f-b521-4a4540ff8604,9f939ebc-a030-4605-85fb-c274cf2f1b77,386.26,phone,2024-07-14
228e810e-f4a5-4bb5-bc3f-87480b16e9f4,c059714f-c73e-40db-a29c-ce0991366b63,350.34,phone,2024-07-14
14b8f130-9862-48eb-ab77-91518abd7734,18651a27-489d-410f-a166-bc564f8e8110,149.31,internet,2024-07-14
503bdf11-9465-4043-97e0-8778f0f0a117,1db752d1-e0c0-4a3b-abf9-cdfb913a65c6,932.15,phone,2024-07-14
f157a5ce-8b1b-428c-84aa-d54ee362fdab,e0da47a2-d8d4-4c8d-b1a8-7b7a9052ae77,674.17,water,2024-07-14
2af8dda0-2f58-4016-a080-84b4d4349f35,dea5cb60-19c4-4243-b8a1-d3c2b34bd3cf,798.01,electricity,2024-07-14
0de25bff-e8cd-4c69-b81d-0af1d56cda52,39575a3a-a714-4a31-b466-b644379ef2e7,105.98,electricity,2024-07-14
1d69936f-b7d9-44ff-9abd-9a1729982251,a5e60f88-d54d-467e-b097-c38e38300cc8,187.85,internet,2024-07-14
5eee9fbd-a45e-47d6-a883-811a5cf63924,039454b4-25ac-40d6-be28-ab93338efa04,281.32,internet,2024-07-14
2a4beb98-1cfd-43b1-bffa-2f08fc0dffd5,8effa9ea-e43d-4826-a694-30d72bdcb7a1,216.36,water,2024-07-14
dc9a5c4a-b3d7-4533-ba0f-4eb951623c33,195b7dcd-3d9f-4f88-b83f-a5702e39f5a3,636.61,phone,2024-07-14
8bac2697-d2d3-4316-8cc2-fdf2588e4ad9,15f23897-158a-4565-81ca-58101e78982f,937.55,internet,2024-07-14
da225305-a8a9-4b0b-9e38-497141609eb3,d2fccdf8-7cde-4cac-a0ca-9ead16e1080b,142.51,water,2024-07-14
ff3f5ed4-50e0-429c-85fc-f1fb1af33569,8e8ccd1e-0f34-458a-b2c5-d624e499219d,772.58,electricity,2024-07-14
c0aaef89-8c5b-49b9-bad4-074afa597677,a4f52a9a-f1bd-4d10-a0e2-2fc339f685b6,769.63,electricity,2024-07-14
1897fd21-55e9-45a0-9ee1-e2a306ab2c9e,73bd8931-7020-4b7d-8d15-9c5e97b2dedc,366.42,electricity,2024-07-14
d89c3f56-c134-489d-ac72-86a6455c4514,291c731f-0250-4738-821d-0910f8ae6a08,684.46,electricity,2024-07-14
7d5d4cf8-09d3-4dd3-a5aa-1e7f75fccf2c,1809bfc4-b712-4221-859e-39ac106690e0,228.43,electricity,2024-07-14
7b0db9f7-5357-4a07-87c9-b7572a160bb8,70e94d3b-8ee3-48a1-b598-ec6d46cbf2cb,272.04,electricity,2024-07-14
230d134e-be52-4ba0-b97a-49ac26b57b03,04433708-4b6a-4c25-9ffc-f5fbae9c143b,272.27,electricity,2024-07-14
024e1647-f1c9-46fc-9d19-b72b1b95972f,f07b28ab-2f66-4dbd-b818-4208d870f71f,101.03,water,2024-07-14
ef5c3cbc-6402-472d-b520-c4f9b455cef8,dbd8fbec-7151-4398-9dc8-a82b7a4deb71,351.47,phone,2024-07-14
94e8bbda-40b1-4b0f-967b-00be015d3230,f860fc1f-4c53-458f-9210-2d606b4d698a,835.18,internet,2024-07-14
c70a00d6-c3c4-428b-86c7-740c37d24ab0,5734f61e-f720-49b0-8be6-53f81d4d8e29,65.12,internet,2024-07-14
5017cc8c-8c8f-433c-b293-bc513f554b7c,f048ce83-8031-4b9c-b892-8e3d85b98f50,610.4,water,2024-07-14
758ed712-37b0-4fad-b690-f1debceaddea,67ca2034-0913-4ee7-851f-5361de7c5eb5,55.07,electricity,2024-07-14
72bbf9ab-2d56-490e-b281-6e02ee82561e,7faeaa70-2118-4f9c-a6b9-a841ad1f03b0,388.89,water,2024-07-14
2ec33a49-2d35-4d25-bad5-ed21498e13e2,c0f86d8a-aa49-4431-854b-8c75db0c1812,150.33,electricity,2024-07-14
107b9faa-607d-4f0c-8531-ab315a726b96,5b09e5a3-7c5e-428f-8cd8-2e1fc83791c8,130.23,electricity,2024-07-14
c9ef2be8-04df-4636-a226-6752f68187a9,c6c41456-1d22-479a-9534-5a4b2ce02e25,311.88,phone,2024-07-14
bbc159fc-f882-428a-9d4a-9c6bbc6e1a45,c89681d7-37b0-47a2-b8b3-69c988cba5bb,764.27,phone,2024-07-14
fa054f39-93e2-49d5-baf9-96803a4c36be,9a083376-569b-4c47-9b1b-13aab8edeb12,793.51,water,2024-07-14
b848a5af-ec18-4554-9faf-032a6e82216d,f6cc867f-0567-4ad1-89a5-5e02d03f2d3a,732.46,water,2024-07-14
822db885-9877-486b-92f6-e2170a6479af,d737bf9a-96a4-47d5-afab-149823d14c06,423.3,phone,2024-07-14
73f2508e-6004-46ae-bcad-0813030253a4,e025bd12-6047-4e94-98d4-169d40badb13,824.96,electricity,2024-07-14
a67ac161-ecae-4cf7-8212-f55de6439b10,fc6bf3a5-ca53-4e39-b701-21e81a60a23c,912.73,electricity,2024-07-14
ded0245e-94e5-4f24-9517-72bdd4b05c72,c26a1930-cb12-486b-9bb4-b71159b8a757,368.09,internet,2024-07-14
3bca221b-5cea-4c03-a68a-694bddb0cd91,cbf34c65-e4aa-4f32-b3e3-8af9df6550d8,231.95,phone,2024-07-14
5a30691d-9faf-4619-87f5-3beffe674237,4813a8f8-226a-42ba-bce0-42d1b39ed07e,882.71,phone,2024-07-14
aa7f873c-02fe-4be7-86ba-38151df852e2,9dd1bdba-e2ea-42fc-b386-edd308640d27,265.2,water,2024-07-14
441ef4ac-e299-4bff-b85a-5097a850cc0d,03cd9d6e-8305-4c25-95b2-4ba6f8ef0363,926.55,internet,2024-07-14
8544ad34-c556-4154-a45c-6070098ce190,22c70385-bc93-4ed3-a879-1adc47160791,544.28,water,2024-07-14
e84b3fd3-9847-4ba1-8057-fa66c279fab5,4c3abe9b-7faa-468f-bbdf-3a9164e2b091,827.19,electricity,2024-07-14
087edda3-de87-490f-ae49-a0dadc80696b,04cff68f-2fe7-45f0-92d4-6f68c0e125a6,475.07,phone,2024-07-14
eb117372-1563-4517-823a-189685c04a84,fa2d7c82-43aa-479e-b68f-9e2e1f7a2216,816.56,internet,2024-07-14
2dae6bb5-15a6-4ee1-add8-2fd05dc7d930,a9db0976-d7c5-4dc7-ba6b-be5e66c7ce97,686.83,electricity,2024-07-14
93af0276-06a6-4b35-b68f-9de677c5041c,5793ac3e-9f7e-4716-9f60-9b7097a5ce0a,89.18,phone,2024-07-14
a2b50d0d-cf49-4d3e-a06b-33959ec20fae,20759cfa-6d46-4b80-b780-7a3ba0735b22,463.45,phone,2024-07-14
2bcf236b-0afd-4b9c-af74-122f38c9cf3d,f2aa178b-26ee-4b04-b47b-7c1b8a9323f3,352.01,electricity,2024-07-14
e1ad6ee9-0d03-4b74-9d9d-f5e3dfb0fb9d,74a5754b-189c-4d0a-bbf3-b3ead64dd63e,319.38,water,2024-07-14
8edbe1a8-198e-4aa9-a3af-d9dced1048ca,cd89ba69-730c-4d74-8aae-d99e9cb57ddd,352.7,internet,2024-07-14
9d845500-a820-465c-8aa9-9602b95e9e76,8ae2f679-8879-4add-9c49-0dd3a4042160,475.8,phone,2024-07-14
98bd3147-e431-4445-a917-45a0f153d033,b2af7888-ec15-42a0-aabe-fb37d27047db,657.8,phone,2024-07-14
41b76cb6-4314-47b1-9893-bd6036082b15,c884039c-efbc-459d-95f6-131a9f8155dc,211.46,water,2024-07-14
63953e98-b2d2-464e-b499-db697e89ac7f,e22601f8-e911-44e9-a54f-9b8f7d9ca68a,134.72,electricity,2024-07-14
20faca9e-2f76-45f5-a3b3-34021e15963f,00967190-1efc-4722-b760-d2d41156c733,436.36,electricity,2024-07-14
ae050947-6977-47bd-8eb8-f0cd5be47aa5,98ca7e39-e624-4360-a4e9-3f1293f23269,252.04,phone,2024-07-14
0bb10dea-ea5f-45aa-b01e-8b3591b8a8a8,f07b28ab-2f66-4dbd-b818-4208d870f71f,621.81,phone,2024-07-14
6aa8a8ec-ff9d-444c-a389-98d52509c25a,827d07c4-c756-443b-99c8-00cf544e8767,53.49,internet,2024-07-14
129b7bb3-5622-400a-98f2-9a5d2bebc89c,0f503010-61e3-4cd6-bb5a-7470c48157e3,724.75,internet,2024-07-14
0eecd8ff-80ef-4387-8eaf-1910c8b3ec00,f43e9fd0-7e23-4416-8ff7-15932524f737,808.46,internet,2024-07-14
97c24d96-7c84-475a-95d5-6e25849de5f7,a77794db-35b5-4580-938e-11a0869db303,421.9,electricity,2024-07-14
c9d9e31c-cf85-4b0e-8f9f-f0099fec095e,c420f638-fab4-4796-86b9-ccd05a404511,781.05,electricity,2024-07-14
041ea74f-5beb-4793-8e80-0aa4b11ec131,a75c4daf-4609-4e53-b3a8-8ef2d1e84e30,838.45,water,2024-07-14
060a0c60-69da-4efd-aa18-cb508b43f2ce,1ee74d2d-7ec4-46fc-bb70-fba50ff5572c,503.26,internet,2024-07-14
260bd14e-5443-4ed9-bb60-7b8c6ef8ce2c,e1a30f9f-478c-4637-a17b-65e8807c805c,56.97,electricity,2024-07-14
edd5cf6b-e06f-4624-9b8f-b887ca7a5306,67ca2034-0913-4ee7-851f-5361de7c5eb5,138.7,electricity,2024-07-14
b467e5da-45ef-41bd-80fd-e47db1d600dc,39922b61-4d87-45f8-8751-055ad9d8a8c1,680.08,electricity,2024-07-14
905dbf9a-9f63-4282-a1df-58a216919037,edf18d16-dd97-4ac7-9e6a-f9845088a911,575.24,water,2024-07-14
4ca60525-5fa6-460d-a2b3-746b2f6daddb,680a19dc-d8d7-4037-9d4b-fbb79efe9e01,700.91,phone,2024-07-14
b0da0e30-ea37-4268-8e6b-1e1b2d564602,c38fbe86-c38e-48d9-8cfa-d8170d7dd101,670.92,internet,2024-07-14
353df32d-5d29-4d54-b99b-be2dede18aa5,6f2e7ff6-4385-4c22-803a-3bbecbc3e8a7,134.17,water,2024-07-14
98c0b7fd-6627-4119-9c5d-6743e510c45e,6c797ed0-8c8b-44ee-ad59-0c6efb57108f,887.22,electricity,2024-07-14
1ef70f55-994d-4558-9d31-f30b60682eab,548f7bf7-10c5-4254-b22f-2d18339e45fc,914.4,internet,2024-07-14
f4a9c675-94f3-4c97-965b-6efb9e7e72a1,4cf54f49-87b6-4536-8cb1-ff9441650eb5,929.0,internet,2024-07-14
9a87b3e9-5667-4f19-81f5-b57b90bc948b,16898fca-a4c0-48f4-8899-6f58c22d76b0,234.16,phone,2024-07-14
15c7b0fa-006e-4e29-a093-7cecd40f42bc,52926637-0bbc-4cd5-bfeb-19e337cff458,110.61,water,2024-07-14
b184bd40-0472-44da-9170-e0676aaa027d,b053dc1d-0c51-41c2-b9c9-f87b0829a924,734.24,internet,2024-07-14
4aaa82f7-a346-4f7f-88ad-101c28b97fb7,19a3fd64-58dc-4036-b9b7-080053146df7,439.54,internet,2024-07-14
b1cdf5ab-3a9b-4467-bb9a-0fc614fa5443,f23cab30-05d7-4b00-b2db-7c630721b0eb,54.61,phone,2024-07-14
d5ac7633-9020-4509-9083-95ab1f7e48e9,8c1e724f-571c-4c4a-b6e9-e53753e28938,949.34,phone,2024-07-14
8f04e7f6-d07f-4061-94fd-6140d3f37457,f2dfe03b-5fc7-4ed2-94f2-c0820597f21c,463.94,phone,2024-07-14
5ba329f7-f0d2-4217-9010-66306bc1175e,67aa28d8-d3d5-4df9-b442-c64cfb911b20,267.06,phone,2024-07-14
5d77ed45-b678-46cb-b61a-58935e83e310,6aea6211-cad1-479e-873e-db9477f88fee,939.78,internet,2024-07-14
effe4d67-598b-4045-9990-9f103b97358d,25f065f8-8fda-432b-8bff-34a930c1aa0f,931.16,water,2024-07-14
209b810e-12bd-4ddf-ab49-63c08c3eacf4,9f939ebc-a030-4605-85fb-c274cf2f1b77,280.83,internet,2024-07-14
aed7d2d8-1dd4-4983-9d5f-854294a1f9bb,281cf989-6c45-4f8d-a949-32018d4057c3,243.15,internet,2024-07-14
d75adbd1-5c70-4677-8068-12fd52fa8ceb,b02fe948-38c0-4036-93e7-2b53f9f66e15,862.68,electricity,2024-07-14
36f5d247-d59e-42a1-97c7-79713da25078,cd64fb7f-729e-4489-9c82-c5864530a977,264.88,internet,2024-07-14
d03be8b6-45c8-4782-9158-f7977bb86e9f,b42d3fdb-45ac-43f0-b914-43ee5c99c6d7,799.68,electricity,2024-07-14
ac22e92d-528f-4163-b018-3bc203bf324d,affc47a7-9fa0-44de-9e70-c02e7e1bca47,268.94,phone,2024-07-14
83ed49b1-2a77-4ee7-93fc-34ff8f985700,4284b5ad-5dee-4771-a4fc-3203b28debe0,906.62,electricity,2024-07-14
e7756b4e-905a-4c57-bedf-074a0601968b,52926637-0bbc-4cd5-bfeb-19e337cff458,506.05,electricity,2024-07-14
8357123d-6096-416e-94ec-e7590174294e,757a52bf-9a1d-4071-ab2f-1e27db1da209,389.57,internet,2024-07-14
0470e9f3-3007-4cf5-b37a-2346e9186822,d7eb9c1f-aaa8-4b95-b0cf-4a91353fbd0f,598.75,water,2024-07-14
53842b26-e029-45d7-862f-26f17df10274,19a3fd64-58dc-4036-b9b7-080053146df7,752.07,phone,2024-07-14
246d85fe-a6a3-4166-9bda-63be5b4c617d,d991d9c2-b8c5-4eb6-baa3-09a49b0bab8e,152.95,phone,2024-07-14
22e0d720-14d0-4f2c-8926-8d9d1b1a0a80,8deef953-fe76-4348-b76e-4d4ecc4864c3,865.68,water,2024-07-14
7f35a257-1f22-41be-bc37-026d83a45ba3,8deef953-fe76-4348-b76e-4d4ecc4864c3,353.18,internet,2024-07-14
756a802e-bd2a-4968-8c34-d10c2443d719,15a52c9f-b32c-46ce-a9d3-13295712c5b5,636.91,internet,2024-07-14
911cd8a7-691d-4172-b23f-3250ffabcb43,88bd38e1-3ada-4d48-b96e-f3efa8f5a6a3,743.29,electricity,2024-07-14
e9e33cbb-a7d8-4379-a971-b2198638120e,8ec4abec-e6fd-4bf1-8b42-1aff947db74b,561.23,internet,2024-07-14
6c0499a9-58f0-4f96-9d2e-beaa754ce184,227d4e52-f412-4138-ab1b-9f1a47ad5633,317.93,electricity,2024-07-14
f0f94086-1019-403e-9b34-e1bc03e1ad09,5ad75f45-1a04-4466-bf6f-5e48e9c66708,813.94,phone,2024-07-14
8d9f2b40-54b5-491b-9dde-d33e248188cb,227d4e52-f412-4138-ab1b-9f1a47ad5633,84.06,internet,2024-07-14
115153eb-ee34-4b91-8f2f-100ad41114a5,5734f61e-f720-49b0-8be6-53f81d4d8e29,890.83,water,2024-07-14
fcef331b-c17c-445d-9eb4-394e6d682200,101b00b1-643a-450c-b73f-a8b3b686cc41,361.4,internet,2024-07-14
e962eb7f-145c-4354-9147-b6d16d5b26d1,df3f24f7-ae37-4f94-a2bd-7f07279d388f,167.92,electricity,2024-07-14
8dd1a3a6-69b7-4066-ae72-8bdc56875b12,4cf54f49-87b6-4536-8cb1-ff9441650eb5,137.72,phone,2024-07-14
812dd82c-7da3-4a4c-8f30-b97b10c4cf30,ee00aecc-94b9-4b64-92b4-59460288703e,931.76,water,2024-07-14
560a665c-cdc2-4f3e-ac8a-415629b92088,3d89cc45-1aac-4f06-a4ae-2be7c0484063,825.68,electricity,2024-07-14
8f2c7d95-0476-4eaf-8024-9a8faf7115c7,3b79b600-6a04-4c83-99a7-3cd76d1a7e2c,121.73,electricity,2024-07-14
95a7deeb-0d35-4d91-904e-0a98f26323a1,717a8ffb-6b40-438e-af92-55369a21455b,413.06,water,2024-07-14
366fd9df-1acd-46b7-8a78-2bd9f6f5bd40,5d3189eb-7392-4ac3-a124-16cda260859f,423.49,water,2024-07-14
632cb8a5-b58e-4117-93d1-baec0940c205,10e0d7d4-d6e9-4fda-ab7a-eae20f859d77,301.38,internet,2024-07-14
35b1f0f1-3e5f-4188-99fb-90e99c445182,59a7134a-a04a-4a7b-95d8-5ee40e94d639,494.02,water,2024-07-14
aeedf28f-4a0a-4159-a5bd-f3589551e095,cd32bc35-d1b0-45a4-931e-d9ce856d9f7c,756.95,phone,2024-07-14
bb98e5f1-0809-4ade-94fa-c5ade06d7079,02084a52-aee6-4e63-8e98-739091f593b3,737.57,electricity,2024-07-14
e7a28e20-6cbc-4a2f-88f6-d7ab2486c195,680a19dc-d8d7-4037-9d4b-fbb79efe9e01,165.61,electricity,2024-07-14
92e3482c-0763-4c24-bfdf-9f6470e1fe0a,3b6c0473-45bb-4411-b167-3ba9dcca8572,750.63,water,2024-07-14
891012ef-5df3-409b-8c76-75569c68ba3a,19a3fd64-58dc-4036-b9b7-080053146df7,590.87,electricity,2024-07-14
d14d9783-2f37-448b-836a-fd9c5acdf025,f23cab30-05d7-4b00-b2db-7c630721b0eb,476.53,water,2024-07-14
01fe1372-3d55-4757-8a61-da1f66ea8795,5d3189eb-7392-4ac3-a124-16cda260859f,484.45,electricity,2024-07-14
0da9fc2c-faa1-4e4f-adae-10482b1024af,8d90bf39-3d1e-43f8-9c5c-277f99745924,568.41,internet,2024-07-14
384febf3-e445-4e16-9ffc-2087c075ae37,f14a521b-b8d7-4f51-a89f-fd7b9c662832,430.39,internet,2024-07-14
f924e595-9ca4-425b-a4e2-76050971cd6a,ee7f046a-c4fd-4ef2-899e-bc8b8b6d30e4,434.36,internet,2024-07-14
6ee9b71b-4d04-4e82-82a4-aa3e34ed6662,40c3bc5e-ab71-470a-97ed-fcd5a9bce67d,51.29,water,2024-07-14
952a808f-1d3b-467c-94c9-6336d619f490,df3f24f7-ae37-4f94-a2bd-7f07279d388f,743.95,water,2024-07-14
3ece96ba-b92c-4523-a0a2-c56e37d4df0b,bcc29688-23f4-460e-930c-98ada0be000b,451.0,electricity,2024-07-14
2056aa86-2384-48d3-9518-fd15a455aee1,b1948c36-7af9-42ce-9e0b-bd36a93a62e7,938.39,electricity,2024-07-14
e0a1cf4b-1a16-429d-841d-4cabfd68433f,fa094d14-f50b-43ee-899b-feaa2ce200e0,790.67,internet,2024-07-14
ce70c5eb-4905-415c-ae34-91f2fa837808,df3f24f7-ae37-4f94-a2bd-7f07279d388f,448.23,electricity,2024-07-14
1571d6fa-974d-48af-a15d-afeaf1d5eb93,8a7ee70e-29be-43b8-a4fc-00d22d032663,443.13,internet,2024-07-14
a74cb598-d19d-43a9-81e6-de64425d8189,383c98ff-dc7a-4609-80f0-c7da92e878cb,56.67,electricity,2024-07-14
a01feee9-280b-4928-8a18-ec9d5f5e960a,d9699592-930e-4918-b75c-5300fda777f0,267.19,phone,2024-07-14
154f053e-0f59-4ddb-9905-26c66a355cc6,bc3db0e6-3cd8-44d1-98bb-1b96acd546bc,807.66,internet,2024-07-14
9b1132a0-c11e-4543-9cdf-ffa12440a650,1266f1ca-3500-440e-b191-ac0386c2acbb,758.93,electricity,2024-07-14
f118e513-8b88-4758-adf6-a7e45787bc35,d9699592-930e-4918-b75c-5300fda777f0,195.87,water,2024-07-14
903bcbe8-2533-4f15-a8d3-dadfca6dc3d8,757a52bf-9a1d-4071-ab2f-1e27db1da209,400.28,electricity,2024-07-14
aee4d0d0-6809-457e-8b9d-6bcfefecb512,db4470b1-5630-42db-b1a4-ad34eb0a189b,122.33,electricity,2024-07-14
cad13461-ee1c-485a-ad32-1fe1ed9e8833,1251d2ea-25f7-44f4-a1eb-77a1302abc48,887.91,electricity,2024-07-14
6af40092-69b6-48e1-b84d-6ebec9c1cd35,1635324a-f2b2-4678-9c6c-0eb6d9f76860,342.37,water,2024-07-14
b18e094e-7326-4a2f-8239-25888e626e58,163a8a03-ae94-4705-8927-3eb0a74fd96b,946.23,electricity,2024-07-14
05436a37-ecac-4285-98cd-7f834a03a415,456cbd64-7e46-4a88-99ec-c9dde7e29d28,660.84,internet,2024-07-14
a26cecab-b238-4abb-a793-ad43fd2b06a9,0f9edf0a-3993-44f9-b32d-58e609dc5667,76.0,electricity,2024-07-14
378631a6-4b64-49c5-ab47-ccd233bd2e55,b9b380cb-69e0-4906-990d-93978e1cec15,669.5,phone,2024-07-14
2811ba24-6dc3-4c4b-bdb5-b2f7d6208178,fba51612-894b-4427-bd9a-df1157668729,968.64,water,2024-07-14
945cee64-8e02-4c70-8b33-f13fc83e051c,675d888d-4092-4516-9acd-f0ee5ce81f71,600.83,electricity,2024-07-14
44f4463a-06e5-4b3c-80b2-0585f78ea2d2,7a327451-9146-4269-bd14-e66f557ee908,154.6,water,2024-07-14
a165a351-2781-4718-a307-92b79ab1a7f9,e2df8283-015c-4c32-a703-0516b46d920f,456.88,phone,2024-07-14
45424bba-80d5-4db9-87e9-d768de2f3d2b,0d4435ef-1f62-4457-9ebd-565e4f713937,218.01,phone,2024-07-14
a83fa6cb-e292-4379-8fed-c8c03aaeebeb,399b6ef8-f78e-4772-8e1d-020522bb3279,59.77,phone,2024-07-14
a97a0bea-a1e2-4d93-bc3d-12637e821c88,1251d2ea-25f7-44f4-a1eb-77a1302abc48,821.66,internet,2024-07-14
ec31150a-3a90-4db1-9bd6-c4b9c2ab9336,feb5abea-8b2b-46b9-a08e-318d6ae37865,160.28,electricity,2024-07-14
af7abc8e-92ea-4c48-8b07-bfff3318b6e3,4d42d43c-18de-4865-b15d-f695dbfc7cfc,830.41,electricity,2024-07-14
daa9e766-5acd-499d-a9a9-64d5f429da84,f05ffce9-2ca5-485d-8e35-7bffe3e0a034,275.07,phone,2024-07-14
27f15e35-01f4-4401-ac8e-14c7c059fe7b,cefc4ec4-3708-4313-a0b6-c30fb4a0b76e,147.09,phone,2024-07-14
bb7dae47-4d51-4024-81c4-9b3762aaf1d2,b11cfeb3-1e63-4c1a-aaa2-2d797f82b809,373.88,phone,2024-07-14
712d358d-c658-4a0a-b6db-d6e553cc4516,e7a7f46e-bd6d-4429-b6d5-6d62b907f53d,858.38,electricity,2024-07-14
010966a2-11b8-4eee-bf1e-df954e404921,5734f61e-f720-49b0-8be6-53f81d4d8e29,548.05,phone,2024-07-14
7075aabe-fd1a-49e1-8df3-80c74dca0fcd,8babc6c8-21d5-4c66-b1c3-984c16f21e71,654.6,water,2024-07-14
e9cd30f8-53ad-48e7-94be-c25fda4d12a9,842002ee-c4ca-4885-82c1-5eaa2b282ed2,956.57,water,2024-07-14
1f4c788a-0d72-4e1f-927e-e3c4f8da39dc,ac3aa7c0-01a1-4e0b-9b98-06132e7efd19,496.82,internet,2024-07-14
e8f10c5e-cfee-42ed-bbf2-44864bbefeeb,087e82ec-037c-4454-801f-bd41038395ab,986.75,internet,2024-07-14
a39f86f7-05a4-416a-afce-9aee4082d663,f3c75380-b09c-42f9-ac7d-0b5073186020,828.88,phone,2024-07-14
353596b3-1910-4e32-a22f-b1441a359921,829608dd-b6ae-43b1-ba07-e40e0de15312,143.6,electricity,2024-07-14
4fcad1b0-8fcd-4f86-b33a-ff58fb3b96b6,4d885a8c-1cf9-4022-a976-b99c9554c1c0,331.7,electricity,2024-07-14
42f80c4e-64f9-4889-b7c9-953485c449e9,8fd49661-4f0c-4eb7-a023-d041d222012a,124.86,water,2024-07-14
71ee3b7a-5a5e-4f85-8794-c231c7c3ac7e,aa049aaa-60f2-46d6-8e9d-5be6e4bed2a5,693.03,water,2024-07-14
cdf928b6-55f6-4e6c-8fae-9552ed0e3bdf,92bf5e7f-ba10-48ec-ae13-32123c6d771e,955.49,internet,2024-07-14
2a77811e-d179-4d3e-9a22-e4627eae836d,c3953774-b003-4799-a719-a62fe27ab055,893.75,phone,2024-07-14
be8984f5-61a5-4083-b293-72899277e568,781533f1-8a93-4a83-b174-e4d88670867f,976.91,internet,2024-07-14
3d2205c8-4932-4824-a0e9-a07419ddb80f,27372737-d424-43e9-be87-40b999b6bec2,350.41,phone,2024-07-14
5f119a93-f19d-460c-ad8c-39d579307421,0b8e9039-1889-4a70-8dcb-1d8258c51230,687.99,water,2024-07-14
1393bdf4-6722-4866-9831-cb73f2400a86,48960895-fa4d-406d-8034-9b457c87ecb4,563.5,internet,2024-07-14
0e0f2a65-c763-4a75-95cc-fd0f0a5c93a2,c89eae63-a4f7-4b6b-b8a0-aab0930ddc58,115.11,phone,2024-07-14
8b04a3e6-c9cd-417a-8a96-7cb4b777b555,bc3db0e6-3cd8-44d1-98bb-1b96acd546bc,389.65,electricity,2024-07-14
6cfa4bfa-10ba-467a-94df-c30e47fb5e7c,db4470b1-5630-42db-b1a4-ad34eb0a189b,546.14,internet,2024-07-14
e972b3ff-46e2-4f02-9297-0b6d160b0090,1a08b4b0-8165-4ffd-9093-886e7805ac54,826.73,internet,2024-07-14
c2d05379-cd17-43ce-b488-7fa7b94100b7,f83f5fb2-d410-4fb7-b1c3-4a238279d6af,242.77,electricity,2024-07-14
6da14c30-2b3a-40af-bdef-c2040947407a,65a6b813-f09a-448b-9826-1a1cec067992,668.5,internet,2024-07-14
98f2a618-c626-4f77-9a74-8c5019110129,d28e489d-d276-4e12-9f45-fbc63cf0e77a,110.12,water,2024-07-14
3cd01abb-b613-4193-8342-34b2f607d0b4,4d42d43c-18de-4865-b15d-f695dbfc7cfc,287.35,phone,2024-07-14
1c94b784-eaf1-4b5e-bf3c-54bab00a8a91,91d95881-457c-4f29-831c-159842222d22,754.5,phone,2024-07-14
3957f620-7ad3-4b38-af4c-396146340412,15047c53-db4c-435f-81d4-9fb11f841636,450.37,phone,2024-07-14
29f1f13d-fc24-4ee8-967f-609965006d4c,bcb0ca25-d536-4fb1-9a23-a3c8244749e5,217.42,internet,2024-07-14
d5cb8330-41fa-4d36-8bd9-42eb10af0d98,a43c5894-390a-4e4b-844a-4b607f3661e4,861.34,electricity,2024-07-14
5f3de73e-0268-429e-bf35-149674183df3,b2c4d07a-39dc-42da-ae77-2e93456a9bc4,822.06,phone,2024-07-14
eb132074-ac19-4ea0-8a66-408fb8910445,b3e341e3-17ea-4c66-9543-14913002e3e5,888.51,phone,2024-07-14
cb74e9b6-e64f-4c8a-b57d-9373d51f1675,125ec12c-3f0a-4941-9ba2-0e4af4df8f3b,645.23,phone,2024-07-14
df9946cf-e125-4942-9be0-74a1c92ff36d,503f40ac-24af-41c6-af1b-991e16ca9962,695.4,electricity,2024-07-14
511d5d66-36e8-4036-b5e8-fe1ac5140ef3,1b78d9ab-9038-4269-bba9-273fdcc6d89a,709.54,internet,2024-07-14
1ccfdda8-71d9-4d12-bd43-608864d9ef01,4c0668d0-182f-4f3c-ad59-c563ac2513db,269.94,water,2024-07-14
ad42feb0-b23a-4f1e-a42d-715d4982b836,b782a911-c222-4227-975f-b1844c2a6bcd,955.9,internet,2024-07-14
0e40f0dd-d9d6-4ca7-bbac-353e542c8d44,7a327451-9146-4269-bd14-e66f557ee908,987.6,internet,2024-07-14
78e59dd7-5dd9-43cb-a629-610eefa55de6,38a746ff-66db-4a8c-bd86-dd0e7c26a976,621.33,internet,2024-07-14
fb8c9997-6d74-4a5b-a970-88e92e1b69eb,affc47a7-9fa0-44de-9e70-c02e7e1bca47,899.77,water,2024-07-14
6c13a543-041a-4692-9c39-99eb42875c0b,edc7d986-eb51-487b-a2e0-6187722e54de,244.88,phone,2024-07-14
392a7ba9-a416-4211-843b-079ae46f3425,8ec4abec-e6fd-4bf1-8b42-1aff947db74b,955.38,phone,2024-07-14
f42e7b4f-ccf3-42dd-bd11-f5afd76d3596,a3a10a62-c873-4b1a-b59c-2d05928113d6,895.73,electricity,2024-07-14
002f0041-4179-4035-9ce8-579ee4945193,894b8186-88f3-41ee-9d21-6a7dc8b0aba8,63.4,phone,2024-07-14
a9aaac51-7710-4523-8bb0-42f663fe486f,1ccf6c93-ec63-4550-a470-bad716cc883b,513.08,phone,2024-07-14
1ca616a4-e55b-4d0b-9ae0-a800e9c8b096,d737bf9a-96a4-47d5-afab-149823d14c06,836.62,phone,2024-07-14
25048d38-b62f-45cf-995d-bdb0e7821426,23d8e54e-9227-4242-a78d-ecf888b43d23,461.33,electricity,2024-07-14
8e02249c-c14e-4461-8f44-2f7ec75d8da7,f56d6b33-d264-457d-91f2-6ada29494aea,147.53,electricity,2024-07-14
c2615186-c476-4b05-b35e-a1e768d5a2d8,bad15c57-e0ca-48f6-98d3-767912b4474c,611.39,electricity,2024-07-14
6969800e-ab63-41c4-acc3-133ee31e02ea,193a39b6-8d01-4b5f-aacf-10dbfbbbd784,171.73,internet,2024-07-14
5a90eda8-9334-4810-9ade-d3ba678f6deb,9a1cb6cc-e159-4fab-a5c2-6f1f87969762,853.19,electricity,2024-07-14
befab90e-6c63-4d48-91e3-93cafa65ae17,e8d9157a-98d3-42f0-8a6e-de6ab25e4562,953.75,internet,2024-07-14
4c748029-3fc3-47f1-92b2-6148c0a4a7a4,6b099463-2558-4328-95d2-61aa207d17b7,220.8,electricity,2024-07-14
490c5d96-53df-4067-9c63-eab8ab4e4865,ee00aecc-94b9-4b64-92b4-59460288703e,358.17,internet,2024-07-14
69d14c94-0b49-4ed6-a6cb-68388cb7f0db,4e78ea95-fc81-4b95-85d5-73894660b9d0,305.86,internet,2024-07-14
9a20f07b-5b27-4b30-9a03-02eb253f7159,68ec35cc-150d-44b3-a6c8-d6627bf6a954,626.04,electricity,2024-07-14
aebe7399-d8f2-4a29-9b3b-36f1738c514d,e2496da6-1bfc-4304-844f-ee6244bb8287,401.52,internet,2024-07-14
022da4a8-f973-465d-b9cf-62ddf9dbad14,9fe93f6b-045b-41e7-a137-2ceaf93ce8e0,712.82,phone,2024-07-14
a0de4ca2-0eac-4c89-94d0-79708a9e985d,5af703bb-4ab7-4645-8a74-7e247e587bf9,91.56,water,2024-07-14
68d191a2-0d63-47ba-956f-718f55521d19,36350439-847e-46f9-8a61-fbe0d8c7587b,577.46,internet,2024-07-14
da4dc33c-6ac9-4714-b3d7-a0353c78edb1,a43c5894-390a-4e4b-844a-4b607f3661e4,272.13,internet,2024-07-14
50a0e847-585e-48f8-85e5-a56b28210c7b,c098eaf7-d544-4ee4-b79a-6721004a1097,516.59,water,2024-07-14
832b51f6-10aa-4ac9-b669-b4e200d3893b,edc7d986-eb51-487b-a2e0-6187722e54de,734.86,electricity,2024-07-14
39b36f73-4b99-46f3-b2ca-658809fbc6c7,3f983184-2535-46ce-9e93-bcd61352d4b7,820.91,phone,2024-07-14
44f0f194-303f-4ce5-a0fa-b0b29f0afd77,b03eb6ee-9bbb-4f05-af37-2266886e171a,377.53,internet,2024-07-14
4fca21c3-4789-473a-a1ad-d56716f20845,8b04f53d-15b6-4808-b32c-735102826f2d,598.1,water,2024-07-14
b582ed6e-85b8-4c2c-a59d-36311ecb4374,d9da0984-6b7d-4e3e-a3bf-23f23c0efe35,263.18,internet,2024-07-14
27c35113-8823-44df-af65-89eb87224a30,b0a41888-7cde-4b82-bdc5-6850d9dec2f6,73.93,water,2024-07-14
e7dbc7b5-528f-41ba-9397-258bbd7b2326,b8dedd32-89e2-4369-96bb-7ed22bf5b825,552.31,water,2024-07-14
6d660e1b-db7d-44a9-bac9-8f95980da996,a119d3a2-2b4f-49fe-9f50-987759762cf1,875.66,water,2024-07-14
b1411f1c-0644-4190-8356-247f4d70c821,4c51ecf6-a933-40a9-83ba-367e01ac49fa,891.98,water,2024-07-14
55daf825-b636-4654-b266-dfd1d88dce8f,06ad718f-39d7-4236-a014-3461ab10b07d,655.56,phone,2024-07-14
8be9749d-8080-41ef-93d6-9f401d897b95,10e0d7d4-d6e9-4fda-ab7a-eae20f859d77,355.85,internet,2024-07-14
f65b97ef-26b1-4d27-8bb6-78e154c9cf28,4f662789-ddb7-440e-94a9-6672d1ea1502,499.38,water,2024-07-14
4d6a402a-5156-4217-9a43-991938c7292c,35869df8-60b0-4b01-9fa7-c926572616cd,670.44,internet,2024-07-14
9264a1ae-9e02-4d40-8ced-29144691c01b,2d295093-3f9b-4845-9b67-4c964c452496,958.39,internet,2024-07-14
97689189-599d-4549-8357-50f119c32e1d,e22601f8-e911-44e9-a54f-9b8f7d9ca68a,763.91,water,2024-07-14
2000ce80-8123-4104-a4f3-6636a8554f76,744dcac8-93a0-4ab3-9b2f-7e0555b8391b,785.98,electricity,2024-07-14
a4114aac-c94e-4aef-b01a-fa158854fc0f,c884039c-efbc-459d-95f6-131a9f8155dc,729.37,water,2024-07-14
61d0be45-c7d3-4444-969f-4d0dee076ec2,cbdd53fa-2e51-4779-ab13-a0bcc9c4a8af,683.33,electricity,2024-07-14
50487f55-4465-4cf1-bae3-c077ecd266d8,a51fde39-9bbd-4a6e-a05b-fbd2ad9c5ff0,860.61,electricity,2024-07-14
59950355-6276-4769-bc9c-1659af8a008b,036abad1-8bb9-42a6-9737-8146706bbdb5,689.88,water,2024-07-14
88a45344-ff9c-40aa-8e08-e06a1653f40d,5452dfa3-5983-4378-99be-ab91ffd9e1f9,515.22,electricity,2024-07-14
5be58c26-dd2f-45f4-a875-05c292d79e8f,d991d9c2-b8c5-4eb6-baa3-09a49b0bab8e,805.2,water,2024-07-14
7b3b2f9c-a2a7-453a-ba28-6dda0428e8e1,1738eaf4-4a20-4da9-919a-67a20e6cbcce,982.1,water,2024-07-14
b3303571-67dc-4098-b2ec-8aac746a1449,8c1e724f-571c-4c4a-b6e9-e53753e28938,853.66,electricity,2024-07-14
bbc1bdff-caa6-430a-b8fa-6bd17d158ba8,0be4af6e-7ec8-4cb4-9d34-5e11ad1e1c84,201.9,water,2024-07-14
79e8f6e5-3cbb-4619-be70-882e4dfb2066,e31e9044-ada1-48b8-a4f9-c140c61ce27d,573.16,internet,2024-07-14
5e7ca1fc-842e-4b99-93d1-8526a05ea145,35869df8-60b0-4b01-9fa7-c926572616cd,154.02,electricity,2024-07-14
934fbead-f433-4523-b8b6-a7c794b6699c,a5e60f88-d54d-467e-b097-c38e38300cc8,386.85,phone,2024-07-14
432df7aa-d381-4eee-acd6-be639465556c,dffa7a26-04e6-402f-a2c4-793dc929b32b,252.77,internet,2024-07-14
3f936f29-e199-4ce2-b849-79915d63316b,e52ba583-c7b1-489d-a014-db3666b1c8aa,625.67,phone,2024-07-14
8529dbf9-30c9-4531-87e4-e573fa809ceb,a583e439-0c76-42b0-8508-a206119763b3,678.16,internet,2024-07-14
6d6ea840-c608-4761-9c3a-f5aa358f8345,0160c3fe-87c5-476f-add3-8fa597110bef,268.96,internet,2024-07-14
2528b595-3069-481c-ae45-9c7c7c769a1b,ccab8c5b-1b76-4ebc-ad6b-8371f813f446,431.79,electricity,2024-07-14
c835016e-471e-4fa7-b402-e903243e3735,76a7fc1c-f6ab-43a1-ae71-aa4402bf652b,93.72,water,2024-07-14
3d0479c6-8546-4040-8572-5502f92377fe,2cff083d-4953-4cc6-a4b3-89bad98dd1a5,352.95,phone,2024-07-14
bd8300dc-6805-412b-8ebd-35c22ed7b8a8,d3f7a2f1-7d4a-421f-aafa-75ecdd5b1bb1,427.74,phone,2024-07-14
b708be7b-14c1-47fd-8180-a0214fd0eb20,a14f3f1c-f178-4fcf-91d8-899803f1b126,736.5,water,2024-07-14
1e112e28-2ea8-4a1f-99f8-e7ed866f9776,29417c39-ed64-428f-b97c-9683fcc7da30,53.97,internet,2024-07-14
1b55543d-02ef-424d-9d40-283045ac0d7c,0b7a9713-8d40-4df9-b61e-1a3d402fdc1d,635.72,phone,2024-07-14
4615f0e9-6a3d-4171-abb5-0348623917e2,6c5d904b-d729-4187-903d-2a6c68ab7b74,551.49,water,2024-07-14
05128cdd-be32-438b-aa1a-5c7beac6e5eb,716b1e8b-2725-474c-8002-6402303a611b,974.66,water,2024-07-14
8e3dfb8b-dd9d-4bbb-bdf9-d3d181519baa,29d03ace-508f-42f5-af16-11d77ae909f5,470.18,water,2024-07-14
0685201c-2828-4e48-a78b-b451b11c0732,6682ff27-fdb0-466c-90a5-6738ded01c61,563.94,water,2024-07-14
3b66dd20-ad2e-46cb-a1b7-2b3d8b71f4ce,0b8e9039-1889-4a70-8dcb-1d8258c51230,250.79,phone,2024-07-14
16cca657-d9e8-4600-9551-050dbde45abe,a801a1b4-d7a6-4a23-b8ac-c941cf0a33ec,504.1,phone,2024-07-14
50252286-228b-4b38-a909-42a7af6bd2a9,bcb0ca25-d536-4fb1-9a23-a3c8244749e5,581.49,water,2024-07-14
683ecd1b-82cd-467a-8e36-81c3b6bd16bd,e051da9b-b03e-42d0-bf17-6dcd4981551b,58.12,water,2024-07-14
cb56a43c-87e5-420f-bbea-060b71bdf04a,e22601f8-e911-44e9-a54f-9b8f7d9ca68a,348.72,phone,2024-07-14
7ef843dd-9146-44ce-a825-fb84cef9a1b6,b46f843d-7230-4e05-86a5-48ee91e86754,286.01,phone,2024-07-14
fe08a021-91ad-4853-9984-9f62eaec7d79,3dcdd546-537d-4ec9-b414-5bcce76e14a7,742.86,water,2024-07-14
72824af7-a8a7-4926-aa26-40396608d665,a6ae2cee-ccfc-4bfe-ad13-81a73ddf3e5a,371.86,water,2024-07-14
b7250269-45ee-40a4-a35c-3424232af3e7,e5c040f7-9706-4c65-aafe-b2a354500120,341.94,water,2024-07-14
392fca2c-45b5-420f-af23-60b4097f52d1,7336d2b1-35fc-46c7-89d2-737b4d6186c9,267.2,electricity,2024-07-14
36a26ab8-636f-4d9b-98e2-d77d7eab9103,45dd5397-f0e8-401f-b98b-8f51c1ce4ec3,123.71,electricity,2024-07-14
d3c1051b-5040-4f15-a3b4-74d0eb418bdf,b94c4414-3a9c-45f2-bbf0-5fea2f711215,924.5,electricity,2024-07-14
c812a335-5429-463a-8855-6315eed1ffa2,f2af51c2-45b4-4acf-a61c-79f762e92f15,442.58,internet,2024-07-14
c3a51496-2e73-40b0-b7d5-7ce873215451,3c362142-3c9c-4573-aa01-790234aff8a3,752.94,internet,2024-07-14
241d0d63-96b6-45dd-a2e2-ef313a8bf27b,56c31409-825e-414d-ae55-6fedee9aaeb3,232.47,electricity,2024-07-14
1e241ef3-4853-4012-8e08-b13a59240c33,9e4099cb-437a-45d2-afd4-c1ca58c67607,962.05,internet,2024-07-14
b4a6ab92-8515-465b-b5e8-6bdb100280a0,889d796f-1807-4dcb-aa7f-c971b7060314,398.44,phone,2024-07-14
ac1b2ae6-8ccf-4f12-bb85-2fe49ff92d90,7c5daa1d-c07f-4edd-8ca0-63478bbae75a,752.61,internet,2024-07-14
46835adb-6b5c-4f70-b922-76e3af29b695,d87b727b-1774-454f-835d-5b974f4658a6,458.49,water,2024-07-14
0c1b39ba-d115-4e28-885e-cf9e7039b6bd,9a1cb6cc-e159-4fab-a5c2-6f1f87969762,662.45,water,2024-07-14
2011607f-ee9b-4f28-a183-6fc328814276,6a976ea3-d391-41c9-a517-427475be3912,950.45,water,2024-07-14
ab36c844-b4b2-4ea0-b66d-c78c89a49bb9,3d532d0b-ffd2-402f-952a-670aeae9e8cf,677.46,internet,2024-07-14
dd3ecab5-1c8b-42f0-b02c-0954d531ea90,0bebca3a-7a1a-4f14-ae21-5e6982116a8c,852.96,water,2024-07-14
e6532bdf-a36a-43e0-af45-c320a8efeb4b,04a6104b-e03b-4574-9d20-ab0f161a1a0d,435.89,internet,2024-07-14
b2a5a343-f805-4082-a557-5e1a1fb7a796,82f6fe76-26c6-4038-8bb2-4e3ce5b740fe,188.62,electricity,2024-07-14
06d0e9fd-966b-4f39-b1d9-85040a7dbeef,4cf54f49-87b6-4536-8cb1-ff9441650eb5,973.46,phone,2024-07-14
ea91af35-8df5-4455-8ae0-b79d8ee8e4c7,51f0d247-a648-4a72-aa4f-015f5038cf14,686.43,phone,2024-07-14
51da521c-ec6d-4f6d-a743-ed66f83c8fa8,651e5ae7-526f-4170-9725-9a6209f4063d,474.53,electricity,2024-07-14
536b73b3-48a7-4fa2-9549-fd96dae36ff5,24e14ce7-67b2-4757-8c7d-6720bbad30bf,520.46,internet,2024-07-14
fa1ed63c-d786-475e-b2fc-10e5ddbe925c,5aaa74cf-b6a1-44db-ad9f-b6dca05ce842,719.34,water,2024-07-14
cd6e53b2-9fbc-490b-a0f7-6d0dbaccd91c,fc4a7636-0150-43cc-af40-835021a2f123,736.91,internet,2024-07-14
b9a903db-8147-43d4-8542-ad51661577d2,00097323-f49b-4792-ae6f-56a16dd1bc1e,303.68,phone,2024-07-14
eab0b486-7042-4021-9eed-ab02330cd83c,f2af51c2-45b4-4acf-a61c-79f762e92f15,258.0,internet,2024-07-14
d2eaffcd-03d1-4ecc-891f-c23e7d1becdf,a3d01164-bb40-4bef-954a-f1af40742ba8,222.63,electricity,2024-07-14
b43a85b3-dba4-4e08-8277-cf9871253349,76a7fc1c-f6ab-43a1-ae71-aa4402bf652b,668.9,water,2024-07-14
8ee4cce3-6f33-44a5-ab0c-1e45bac43cae,1e01a6c3-48af-441a-8b93-4263b32f6844,426.72,water,2024-07-14
dfa8947a-aa34-4a6f-912f-ac370e976ae9,50d4fb62-a4c0-4de0-ae09-d11228c7d2fc,844.52,electricity,2024-07-14
069825d2-94a6-4ce3-a366-66cc3bbc261e,9b35087b-90c4-48e2-8532-191bf7a59ac4,778.41,electricity,2024-07-14
328f182f-a18d-4520-8652-305e0795bbe6,ffbad344-f0ae-4094-9110-3f01d67beb23,158.48,internet,2024-07-14
23ac0333-a736-44ca-81ff-5386b2d13f96,36350439-847e-46f9-8a61-fbe0d8c7587b,208.52,internet,2024-07-14
bb42356b-6a48-4e2c-bea0-d1f105363aab,56c1cc1a-a0fa-4fcb-9068-268f2be60143,532.37,internet,2024-07-14
ffa21a19-8db0-465a-b2ab-df9aa27b8a2c,6088b719-ff04-494a-bb6b-313022ec2019,114.42,electricity,2024-07-14
9a3a1c54-0181-462c-b221-a78b89b733ce,e7b6bff7-35ed-4ceb-ab57-02b0f50db91a,258.38,electricity,2024-07-14
fe588b4c-934e-4224-9302-aca554a1e828,fc4a7636-0150-43cc-af40-835021a2f123,504.49,internet,2024-07-14
a0384a0c-86f2-4799-b895-1d7340750f0b,bd960a71-bb4c-44ba-b749-f1f22e7f8456,828.55,internet,2024-07-14
d280a28b-16ab-48c8-8784-c28580c3feb3,fc9abc25-924a-4941-adf5-d16d503e7b24,518.98,phone,2024-07-14
2715df37-d7a9-4cc4-8832-98034d9d1803,53ff26c0-4075-44a1-bd0f-6804602f9646,490.16,water,2024-07-14
ecc4b3e8-cdd5-4754-a210-42ea882253ec,101b00b1-643a-450c-b73f-a8b3b686cc41,122.54,internet,2024-07-14
c0873749-d931-4976-8679-1c50904048d2,1da00b48-ae49-4bdb-846b-7c7d2fbd6c03,717.73,electricity,2024-07-14
bf858454-7e2d-47af-ae7a-befce47276e7,f0fa017a-4b04-4a8d-b4b0-19d2a7705e6e,310.38,water,2024-07-14
36cd9ac4-13fb-4297-8a0b-43d3c078ce47,c2bd62de-0305-4465-9910-95b16f74e833,733.81,electricity,2024-07-14
0adbf700-e825-4fa5-98bf-d40ae2bac708,6c40fb86-2be3-4742-93f3-61c4fbd41e9c,382.4,internet,2024-07-14
cc4f698c-963b-4609-bac5-c889e9c69661,f4d448b6-5f24-4da6-a39d-bf503887b403,593.51,electricity,2024-07-14
9745fd5e-b6ec-47b1-9adc-23b3c08d6ade,cc962d7a-8dfe-4101-b56c-22d1ee54b041,404.3,phone,2024-07-14
ad4666b2-f3ea-4df8-bba7-c602c5ae1876,548d90cf-b151-4d1a-9c74-0b6d6a86d651,619.16,electricity,2024-07-14
be7dccaf-9104-4173-9186-6e4327524047,c6ede869-49ff-4385-a91f-294b6e4a8be3,909.08,electricity,2024-07-14
a2114d87-f072-48ff-bae0-821642b12299,cfa54e9f-ba29-4cf9-912b-28f6a4ee652c,743.21,phone,2024-07-14
ece22dfc-3b5e-4628-82b6-4898cd2de1e0,889d796f-1807-4dcb-aa7f-c971b7060314,64.95,phone,2024-07-14
ebbbb6e1-49b9-4f17-a0d2-7e4b9e91c76d,65bd5265-17d3-4186-a4e1-a8cb596dbc36,392.28,electricity,2024-07-14
2e44f4bb-82d6-4462-8e2a-2a1c1583fc5e,863acba3-9482-4779-9b07-cf484d4b0caf,155.27,water,2024-07-14
607c9dbf-a105-424c-bb4f-5db6d7250356,89d76a3a-e9e5-42e4-8f5a-ddba6d8c1921,447.4,phone,2024-07-14
2b09e7ce-1e53-4041-947a-c4dc625f68da,f4df17ab-7b5a-4e3e-8be1-5f9553f6abf2,778.6,water,2024-07-14
3e9825e3-6f2e-4427-ad6b-efda9eec28e9,2ca0ff49-f8bc-418d-b76d-7fbe815c5c0a,527.5,internet,2024-07-14
34f9e03c-3ba0-4ef5-a63b-b69171a00515,e38b1d12-ee3b-4d8e-a7ca-bfa37941feea,660.78,water,2024-07-14
9f015f5d-91e8-44b3-8992-d7691592fa8e,8dfbcf3b-6830-41a4-bb06-68535e1ac077,460.9,internet,2024-07-14
a6c3471d-5aea-4157-b14c-134dcf5dc003,4f09054c-a806-4b61-8019-6f7c6f6b505e,926.71,water,2024-07-14
31b76a0b-5d78-4486-9e7b-dcbe6d00eb54,a119d3a2-2b4f-49fe-9f50-987759762cf1,141.01,water,2024-07-14
fd6bb998-f286-4eb2-b6da-a48cb3fef192,8117a443-12f5-4540-b1a2-50d04a5d7793,153.14,electricity,2024-07-14
2ffaf948-7a82-4121-89c8-ed64a7e2cd9b,2e9603ab-74c4-4f9c-b4b3-3c4fb176e6f6,178.23,phone,2024-07-14
c1e54598-a89f-4a79-9f55-34104219b652,690f1f1a-162d-40ef-838a-c5d8bd24849c,657.67,internet,2024-07-14
8af3a717-5b2c-4fc1-b450-edc01bf176a8,4999933d-08df-4d0d-bd50-80059050b04e,773.68,water,2024-07-14
f2cab381-1d57-4ed1-ace8-dc25ae7beb7d,b11cfeb3-1e63-4c1a-aaa2-2d797f82b809,366.04,water,2024-07-14
b115d251-6336-4c45-9d94-ad0140a03e62,3e6ec528-737f-49c0-9be6-164c35b14a61,581.88,water,2024-07-14
0c801a14-ba52-413f-b2ff-0d3ec0a7ab2b,4b440644-9fbc-48b0-82a4-44496f6d0df4,576.46,internet,2024-07-14
025aac22-27e7-4532-bc87-daa3d29dcd45,4ea4533d-5e09-418b-b71b-05b302c897a7,207.38,phone,2024-07-14
5cc573c3-1f50-4d49-9821-57d595cb0f3c,c6821027-f04b-4105-9917-edff83944800,954.08,electricity,2024-07-14
ccc689b8-1c18-4583-96ad-414e96f9cb71,6b3afaa0-9fb1-4fd8-905f-efe8e65d1da1,638.94,phone,2024-07-14
c5a839f5-a413-4e41-a089-d1325f89e69b,23d8e54e-9227-4242-a78d-ecf888b43d23,140.41,internet,2024-07-14
b89f52d4-1796-4106-b72d-efadf4055f8d,6db7d267-de4e-4551-b5de-1e5bfa160680,745.72,electricity,2024-07-14
c95b1eb4-ce52-474f-a217-960eb3012957,4999933d-08df-4d0d-bd50-80059050b04e,943.01,phone,2024-07-14
398d3da0-15fc-493d-a692-905bb7b72298,dea5cb60-19c4-4243-b8a1-d3c2b34bd3cf,239.61,internet,2024-07-14
8fa597f2-b094-4c40-8993-9a75299166bc,b4d27089-de2e-47dd-b1e6-ab7b5a2c3de0,701.74,electricity,2024-07-14
86a3d303-c48d-4b8e-baa8-341043c0d189,8ae2f679-8879-4add-9c49-0dd3a4042160,873.3,phone,2024-07-14
eb005b81-cdd1-4976-89a9-b0480c848ded,623cce65-cc4d-4c57-b1f0-584e98ef271d,311.2,water,2024-07-14
cc277435-f235-4ea8-a7a3-88f84439cdca,04cff68f-2fe7-45f0-92d4-6f68c0e125a6,192.53,electricity,2024-07-14
e0123765-865d-4109-954e-c163f10bf852,983fb3b6-4c47-4f71-b778-2b22bbb93d8a,184.6,internet,2024-07-14
a5755428-2024-4eee-b683-13c1971d2f50,8db81e1c-e898-4dc1-ab6a-c966c6db9f13,276.36,phone,2024-07-14
db6fa442-c7c3-49b4-a8c4-c3dcafc632fa,1a44cdfc-0733-41ba-b969-f32239e27681,346.58,internet,2024-07-14
c1bc052f-e28d-4f6b-a539-5af04b8257c4,02a3af50-e1b4-44cb-90d2-e98692c416de,146.4,electricity,2024-07-14
990582d8-e0f2-4333-bf11-eba689a61a2e,93677502-a3d5-4a5a-9895-47d90de68f39,390.31,internet,2024-07-14
9e835d60-123f-4f36-9069-a996420ee0f3,752b54b0-6dcb-4545-9b04-5ceacd39f474,723.36,electricity,2024-07-14
0d62b342-6210-44db-b955-9d57a76e761a,605607db-af6f-4466-9efc-0c989340fe74,379.33,internet,2024-07-14
e78d55a2-2505-49ef-8886-c89267a46c19,c1a98195-1f86-499b-a225-09e6f8e4a810,293.49,water,2024-07-14
9c312dee-4031-4dda-a3ce-f30bf23a2953,070d48c9-ab93-4c5b-9a4b-412dc064a8f5,817.81,phone,2024-07-14
506f105f-5dc4-464a-bdd8-f1ec8e962883,e4db5d1f-9212-4d24-81c8-2494d13309fe,83.09,electricity,2024-07-14
99f4af42-b919-4201-9251-f8a3154daf80,ccdc0ae9-5f1b-46b2-b75c-248ca79fe5ed,729.65,internet,2024-07-14
4771bfcc-09c5-44a0-b47e-183a970a1482,56c31409-825e-414d-ae55-6fedee9aaeb3,884.11,water,2024-07-14
6d36c3c0-c0c4-4a87-bf00-fe78164da12c,036abad1-8bb9-42a6-9737-8146706bbdb5,194.85,phone,2024-07-14
e8fa750a-5547-4d27-845c-96801f788dfb,b37ab593-f627-4c5c-873c-130b4e776e34,388.53,electricity,2024-07-14
3b1b3ad8-fe8b-43da-9ed1-649aa1d0b606,f8ac64de-5d30-49f7-9dd3-0c1cd5a6f24d,380.55,electricity,2024-07-14
c74b9d55-2fa3-481b-a967-2dca3c05d35a,675d888d-4092-4516-9acd-f0ee5ce81f71,243.79,internet,2024-07-14
4b71e9db-be69-455d-a94a-cd8cf2838581,ad3023b6-c338-42fa-be43-9673f853a1a9,863.17,electricity,2024-07-14
ba097bc5-32b3-4c7a-a411-22a34d3d21d5,67aa28d8-d3d5-4df9-b442-c64cfb911b20,736.92,water,2024-07-14
fd2c03a6-d9ac-4558-88be-0763a5d85138,ca834db1-57f7-40cb-a800-ae244db701a2,754.29,electricity,2024-07-14
4a94a92d-ac07-4d92-b77d-f0c70f2c2543,c458f64d-a168-450e-bb6a-1001f7f3453e,373.4,electricity,2024-07-14
36c9fcbf-d314-4af5-b789-6605a36e158d,cd89ba69-730c-4d74-8aae-d99e9cb57ddd,208.63,internet,2024-07-14
60f53fdb-1d81-4f51-a6a4-fe2c6ae08dd5,ddfbdb56-7512-4896-88d6-13162a98133c,253.27,phone,2024-07-14
46cfb5d6-064f-4af8-9766-3bea90af5749,45660a39-3a51-48b6-9f75-1bf845567d47,374.88,water,2024-07-14
a9e5a8cf-9947-4587-abbb-979fa20be06e,19a3fd64-58dc-4036-b9b7-080053146df7,540.83,water,2024-07-14
1534901f-3c63-4393-ad8e-a22178eb58a3,74f74158-424e-4d37-bdfe-1402731e73ae,879.08,water,2024-07-14
9c5d0a4b-03cc-4cbf-9e51-8c49bb2c98ee,537ce6a8-020b-4bb9-bfc4-312c8f2ccc07,948.28,electricity,2024-07-14
8d5b823d-9393-4672-ac77-01b8c14a008b,4dd47e51-cf9e-4b4f-b35d-03e7cae6d398,150.66,electricity,2024-07-14
e2090a18-23fa-4b9a-9f62-2b75e14fcf68,163a8a03-ae94-4705-8927-3eb0a74fd96b,513.43,internet,2024-07-14
c567be35-272c-4383-80da-bb9a01b06c46,575ee5db-9f5e-4bfd-afe2-894822673909,460.28,phone,2024-07-14
f4a65b8e-2903-4741-a290-c5c8b875531a,942f6ee5-c5c8-4b92-bd28-72d9d6322beb,426.71,phone,2024-07-14
988aef60-f3bf-410c-97af-b325e25cf2d9,291c731f-0250-4738-821d-0910f8ae6a08,760.47,electricity,2024-07-14
ee8f9cb8-c4b5-4c4f-938e-ad984a88ed0d,6715cdd4-bd09-4774-80f2-a690c7432b7c,218.9,internet,2024-07-14
955a4bb9-d243-42c4-bbd0-06b9f7f856bb,5fd77d74-7071-4800-a2ab-734156e7260e,928.78,electricity,2024-07-14
273852c7-6682-4151-992b-fe30b0ec6309,d775b95c-aa90-4efc-a0fc-d122f8734fce,60.41,electricity,2024-07-14
6c177009-d166-4536-aadb-1f19071431c1,3dbe206c-c738-41ed-9784-ccadc642c35b,326.97,water,2024-07-14
38180da7-c834-4f3b-b672-293ea8fbc6dd,3299fef5-467b-4e45-9f19-a8087b7b87f2,386.6,phone,2024-07-14
0e64bd2d-bf2a-4332-b383-45fb83e5a650,15a52c9f-b32c-46ce-a9d3-13295712c5b5,399.88,internet,2024-07-14
f257e3e7-97a8-4bab-8455-8d6a495f729b,4bfe6b37-f145-4263-99a4-abae7d4553ed,180.99,phone,2024-07-14
622ef8d0-fea8-4095-a5ec-c593eafbf80a,0b8e9039-1889-4a70-8dcb-1d8258c51230,527.04,electricity,2024-07-14
da3d72b7-e53b-4cc6-a237-58e4c8baf75e,9ea90c4e-a552-4a38-a526-ae0155332d7c,601.04,internet,2024-07-14
2216c72e-c66c-4206-96b4-6866490afe2d,99cd7b13-ad72-48b2-ae47-5ca248938afb,276.18,water,2024-07-14
296581b2-cee5-4484-b2b3-4844c5edc8e3,f1318c8e-ee2f-4289-a605-8e05f9ca2c7a,824.7,water,2024-07-14
c34d7563-f1fc-4103-9991-fc769ead23f1,7ef58352-c396-435a-aca1-3f85ab2892d3,912.11,internet,2024-07-14
680ed337-b883-4b95-9ef8-d6cf86034e6b,146d3d68-d38a-482b-b9bf-07cab2610654,267.04,phone,2024-07-14
d7047e70-70b7-4d1a-a0e7-39f774d71e0e,bd960a71-bb4c-44ba-b749-f1f22e7f8456,830.03,internet,2024-07-14
c7d6a8f2-a2c1-4a79-a340-36a35fcfd692,13fdf3aa-0a0c-4b78-95d7-ccc93fcf7167,688.35,water,2024-07-14
6fc4e510-079b-45f8-8be5-75dd2ca23f0b,07c51f3f-4453-4a7f-9c86-3995bc76f48d,486.42,internet,2024-07-14
e8150b3e-9c52-48a4-bae2-7ccfbee8e10b,df3f24f7-ae37-4f94-a2bd-7f07279d388f,480.22,water,2024-07-14
67803b83-11ba-4085-8017-68ddb661f302,52552f4e-b82d-4aaa-bd5d-b3d7173c4cb1,663.07,water,2024-07-14
68dc53bd-0fe1-4095-9e00-3f231d0611b5,d9da0984-6b7d-4e3e-a3bf-23f23c0efe35,264.3,electricity,2024-07-14
0fd278a2-7453-4a48-8949-c52f52846610,40377afa-8e8a-4a7c-986b-000704951da7,740.79,internet,2024-07-14
66eba80b-615f-4dbf-8a67-b5fecc2c4e80,c7e6d971-b7a4-469a-bbb4-aa5c10d6521c,727.35,water,2024-07-14
9baf7cfc-0716-48e9-a945-85359c656502,e20d9dc3-138e-4b8c-bd43-40d955c6b8e7,190.55,internet,2024-07-14
7355819d-3946-4e81-a2c4-523bf2604880,ffbad344-f0ae-4094-9110-3f01d67beb23,763.68,electricity,2024-07-14
057a7402-6f7d-43f5-a542-946317223c9c,10e0d7d4-d6e9-4fda-ab7a-eae20f859d77,814.36,internet,2024-07-14
65ef74cf-9356-4113-947e-c0713fb6103d,4c0668d0-182f-4f3c-ad59-c563ac2513db,174.96,internet,2024-07-14
9c36f2cb-7c65-4cce-ac25-845f251dfb08,8d2333b5-c595-4e5d-a5a9-ee40d44f728b,201.13,electricity,2024-07-14
30bf1408-bdf5-4afa-80ab-08d839ac9316,7cfed409-cdaf-45d5-88be-b4655d09eff4,891.78,internet,2024-07-14
