customer_id,credit_score,score_date
f151fd94-4892-4ddc-b8b6-7b97e97a05db,471,2024-07-14
6682ff27-fdb0-466c-90a5-6738ded01c61,791,2024-07-14
548f7bf7-10c5-4254-b22f-2d18339e45fc,837,2024-07-14
b99e6039-10a9-4326-8f79-3f76caa84821,617,2024-07-14
0160c3fe-87c5-476f-add3-8fa597110bef,730,2024-07-14
a62d3e13-c4ae-4fae-b8a5-fe3334feb5f2,643,2024-07-14
dc0414c2-3ba8-4e68-bb31-70161859a112,433,2024-07-14
2014bc9a-89f7-4dc5-a343-d1fe7a64d7fd,797,2024-07-14
41f01226-4466-4cc0-8f92-47d04c6031b2,831,2024-07-14
e88a0298-b63d-4cef-a08f-f233f129e907,550,2024-07-14
c9ed0d72-a58d-432a-868e-ca457a067595,826,2024-07-14
7f340e7a-2de3-4105-a6b9-3bf369019338,367,2024-07-14
1266f1ca-3500-440e-b191-ac0386c2acbb,421,2024-07-14
9fe93f6b-045b-41e7-a137-2ceaf93ce8e0,346,2024-07-14
a14f3f1c-f178-4fcf-91d8-899803f1b126,597,2024-07-14
cb2d1f0d-6334-484a-b971-e6eabadf03fe,759,2024-07-14
a119d3a2-2b4f-49fe-9f50-987759762cf1,602,2024-07-14
37fb0b5b-835b-43b9-a1a3-45d939be637f,356,2024-07-14
0bebca3a-7a1a-4f14-ae21-5e6982116a8c,609,2024-07-14
4c0668d0-182f-4f3c-ad59-c563ac2513db,564,2024-07-14
443024d2-a8fd-438e-a560-c328086435c4,826,2024-07-14
7c0bed31-ce56-4e37-87e7-1540bcd2b942,833,2024-07-14
20ec1b5a-c72a-4428-bd1e-48d41a414423,489,2024-07-14
72a90610-0aeb-44c1-8618-604283bc7c99,781,2024-07-14
788fa84a-bc90-44aa-8453-70ea6c98366c,826,2024-07-14
da206c07-92a0-42dc-8905-1d53895bc0c0,736,2024-07-14
6131a27e-5d73-43bb-bd40-4de3a5a55b39,641,2024-07-14
8f2ccaa2-a2e1-49c6-83fe-d3caf3c367e4,742,2024-07-14
02a3af50-e1b4-44cb-90d2-e98692c416de,526,2024-07-14
781533f1-8a93-4a83-b174-e4d88670867f,724,2024-07-14
8ae2f679-8879-4add-9c49-0dd3a4042160,761,2024-07-14
9a083376-569b-4c47-9b1b-13aab8edeb12,813,2024-07-14
aa049aaa-60f2-46d6-8e9d-5be6e4bed2a5,603,2024-07-14
b39fa5cc-7c47-47aa-982e-6b5a6a6944bd,728,2024-07-14
88fd4e8d-9a74-448a-a3f7-1840f7438f40,311,2024-07-14
4b9494c2-2c14-418d-aaf4-ed71c39fae79,619,2024-07-14
3e98dc53-d66e-47b4-8533-40d30cfde2ed,626,2024-07-14
c730586d-1f12-4c76-bfbb-56168464cad8,318,2024-07-14
b0a9a2cf-edfd-46d7-acb2-b35554d057a9,463,2024-07-14
1db752d1-e0c0-4a3b-abf9-cdfb913a65c6,320,2024-07-14
4d885a8c-1cf9-4022-a976-b99c9554c1c0,420,2024-07-14
2d76446a-945e-4ebe-bb20-ac16506cb175,710,2024-07-14
d18d609e-b281-4660-ab15-01fddd8881da,523,2024-07-14
27372737-d424-43e9-be87-40b999b6bec2,671,2024-07-14
9a794fe5-4692-4463-9caa-fa200d6fb0f0,380,2024-07-14
fa2d7c82-43aa-479e-b68f-9e2e1f7a2216,496,2024-07-14
500afd52-a9c1-4de0-ae63-38097f5f7f07,400,2024-07-14
4b736cf6-0efa-499e-b094-b85ed9e2680e,831,2024-07-14
ab39dff9-d6c0-40ff-8333-4d4f45e1278f,690,2024-07-14
0f4da183-c008-42cb-ab2b-6b93e540fd90,359,2024-07-14
c782f2c6-9246-4098-9ea5-1175abfa0ae3,551,2024-07-14
221f3a45-bed8-421a-9c8b-b3fe66580d9e,631,2024-07-14
88029709-45f3-461d-a33b-a47695ab830e,594,2024-07-14
55f794bd-977f-4b65-b71d-8f082d59f8fa,699,2024-07-14
d9699592-930e-4918-b75c-5300fda777f0,309,2024-07-14
0d441f69-3424-4ab7-b6d7-336818c4cb58,582,2024-07-14
2844c00e-b652-4449-9f79-81b6432c2fa2,837,2024-07-14
bc3db0e6-3cd8-44d1-98bb-1b96acd546bc,419,2024-07-14
f3c75380-b09c-42f9-ac7d-0b5073186020,516,2024-07-14
46e79e57-9695-4cd5-ae25-5778656fcd75,473,2024-07-14
4e78ea95-fc81-4b95-85d5-73894660b9d0,436,2024-07-14
f940dbab-780c-45ac-a004-b5b1ff6ce7fe,848,2024-07-14
2d76446a-945e-4ebe-bb20-ac16506cb175,736,2024-07-14
163a8a03-ae94-4705-8927-3eb0a74fd96b,757,2024-07-14
3d532d0b-ffd2-402f-952a-670aeae9e8cf,359,2024-07-14
41f62546-28df-41ff-99d9-e50e6061bab0,597,2024-07-14
a51fde39-9bbd-4a6e-a05b-fbd2ad9c5ff0,754,2024-07-14
cc96bc8c-6e2b-4956-8a5e-479ec2ffca51,656,2024-07-14
063a8742-ff9d-474c-a9d9-6acdf71ea9c3,630,2024-07-14
a799bc38-39fb-4a40-947e-e19ba9726bf7,835,2024-07-14
89d76a3a-e9e5-42e4-8f5a-ddba6d8c1921,570,2024-07-14
27f84479-73dc-4a4f-bad5-1d266da8def8,681,2024-07-14
3ada9da2-abc8-42bd-8119-238a48ecbc26,786,2024-07-14
f8ac64de-5d30-49f7-9dd3-0c1cd5a6f24d,580,2024-07-14
e27cc40b-9eea-45df-b636-f3e4ec93fc9d,809,2024-07-14
30e9432f-8d6f-4040-a325-69a9c6f0b9b1,488,2024-07-14
ca834db1-57f7-40cb-a800-ae244db701a2,702,2024-07-14
1b0f2c90-2ec8-4432-8e10-541ab7bc32b0,337,2024-07-14
6a85b691-3442-4c2c-b818-2f2e2118c4ee,564,2024-07-14
7cc67297-703a-4a85-aaf1-90abec379107,645,2024-07-14
e429c39b-4486-42ba-b5c1-668cda4291a6,814,2024-07-14
c387f3b3-5803-4f0c-80cc-b1767b89add4,308,2024-07-14
1c876314-b7f8-4f2e-a6d4-1cc96e289a19,466,2024-07-14
8babc6c8-21d5-4c66-b1c3-984c16f21e71,514,2024-07-14
d12984b4-8be4-486d-b67f-4ad61396f0c6,453,2024-07-14
a5a4ccee-2840-4a47-8f07-be351922026e,524,2024-07-14
a984f17b-3d05-4a56-8ad7-44070e4cd636,379,2024-07-14
e55e65bd-7e8b-4d60-9dec-f1918bd4192d,682,2024-07-14
624b7654-0224-434c-9fe1-595a6b4fb884,789,2024-07-14
0be4af6e-7ec8-4cb4-9d34-5e11ad1e1c84,307,2024-07-14
2f83cefe-200f-4735-ad94-a70bfec99d29,323,2024-07-14
cd32bc35-d1b0-45a4-931e-d9ce856d9f7c,588,2024-07-14
0279d145-aa48-4083-bc46-4202ff586d0e,324,2024-07-14
ddfbdb56-7512-4896-88d6-13162a98133c,321,2024-07-14
347a0184-3c76-476b-80e7-b647dd600250,845,2024-07-14
a62d3e13-c4ae-4fae-b8a5-fe3334feb5f2,691,2024-07-14
9a4a6d33-4006-4474-b338-a480dfb35019,510,2024-07-14
65176401-57e5-40fc-b682-19504889ec4b,788,2024-07-14
fc6bf3a5-ca53-4e39-b701-21e81a60a23c,479,2024-07-14
1738eaf4-4a20-4da9-919a-67a20e6cbcce,355,2024-07-14
095b38e9-14a7-40ff-8961-742c788d0be1,636,2024-07-14
30d50579-2c36-4985-b747-dba53b9cd508,495,2024-07-14
e31e9044-ada1-48b8-a4f9-c140c61ce27d,383,2024-07-14
30e9432f-8d6f-4040-a325-69a9c6f0b9b1,451,2024-07-14
0b7a9713-8d40-4df9-b61e-1a3d402fdc1d,410,2024-07-14
2cea58f2-030c-4667-ad79-1c6dd59ed7c9,337,2024-07-14
1e956cbc-1ba4-4d1d-9007-33155b86ba0b,719,2024-07-14
73be12d3-6020-46b7-ae2b-a09f8791d001,385,2024-07-14
8deef953-fe76-4348-b76e-4d4ecc4864c3,812,2024-07-14
04198c08-fee0-4317-a041-459df8951e8b,801,2024-07-14
e2f18419-bfe2-4758-bc92-ea834c659d69,433,2024-07-14
9a8a7c4d-b691-4335-9ded-6fa8766a69ca,684,2024-07-14
c9d26807-319d-448c-9680-a76c2b98f3fa,304,2024-07-14
039454b4-25ac-40d6-be28-ab93338efa04,605,2024-07-14
6bb799f2-3240-4065-94a2-d43df28feafd,653,2024-07-14
3dcdd546-537d-4ec9-b414-5bcce76e14a7,705,2024-07-14
6c5d904b-d729-4187-903d-2a6c68ab7b74,326,2024-07-14
36350439-847e-46f9-8a61-fbe0d8c7587b,480,2024-07-14
4e126ca0-d3d6-4b72-ae1b-7f3cb5e5b948,774,2024-07-14
40c3bc5e-ab71-470a-97ed-fcd5a9bce67d,453,2024-07-14
c3877d38-f191-4b87-93a9-982f09fd791e,656,2024-07-14
39c105b0-223c-4ce4-b5eb-470b0f560288,606,2024-07-14
93677502-a3d5-4a5a-9895-47d90de68f39,705,2024-07-14
f2cdcd00-d235-4662-a0b6-a385fff1181b,814,2024-07-14
fff1d23f-628c-4f52-8e84-f35de82089f9,839,2024-07-14
ed08aa00-5c16-487a-b1d2-9f532bceef50,324,2024-07-14
d87b727b-1774-454f-835d-5b974f4658a6,417,2024-07-14
e982f40d-2001-417e-b454-bef13aaa19a1,349,2024-07-14
60987ea6-b004-48d7-beff-7a0d9aedabd3,615,2024-07-14
7a832179-da80-4eac-8a76-71f976cf7df1,409,2024-07-14
a48a8f2d-900f-42f1-8fe0-9206c55b070c,733,2024-07-14
ca4a7438-187c-4b39-a2dd-3ccba8bedf8e,674,2024-07-14
9c1540c8-5f86-4e77-9b28-8b028153e882,737,2024-07-14
c26a1930-cb12-486b-9bb4-b71159b8a757,366,2024-07-14
e9bf1267-8e9b-4209-9697-fc3bd6a99d19,626,2024-07-14
84430ea5-2549-45d9-a4e4-c75a81680695,562,2024-07-14
9071cb14-f05e-4434-957b-2af59beebb8a,831,2024-07-14
da206c07-92a0-42dc-8905-1d53895bc0c0,316,2024-07-14
8b2cd53e-7593-42b0-81db-15024fc4c84e,534,2024-07-14
ad2ea36d-d664-4ec6-9d80-9fab9c15b040,649,2024-07-14
cd64fb7f-729e-4489-9c82-c5864530a977,641,2024-07-14
a9db0976-d7c5-4dc7-ba6b-be5e66c7ce97,355,2024-07-14
e43860cc-809a-43f5-ae2c-dda52f247103,466,2024-07-14
a00d5e35-7805-4116-b8ff-b06af45ac4aa,678,2024-07-14
0991f62d-92eb-4b2c-84c2-080ce65c89bc,366,2024-07-14
e8d9157a-98d3-42f0-8a6e-de6ab25e4562,517,2024-07-14
f1318c8e-ee2f-4289-a605-8e05f9ca2c7a,385,2024-07-14
8e296b58-bcf5-43e6-9e0c-df783ee92dc2,386,2024-07-14
ca0b3ccf-bb59-4b50-8c07-7c05a794bfdd,579,2024-07-14
605607db-af6f-4466-9efc-0c989340fe74,575,2024-07-14
7bd6efb3-2871-4a4e-9fd6-895d70e98da2,776,2024-07-14
6b099463-2558-4328-95d2-61aa207d17b7,586,2024-07-14
56384443-f2bb-4df6-aba0-1a7c8905796d,717,2024-07-14
4b6b25bf-f0f4-4604-a0f0-e3a3ac705ed7,475,2024-07-14
4e78ea95-fc81-4b95-85d5-73894660b9d0,677,2024-07-14
c0e5bce0-3956-446d-aa6a-a2e592f3808a,773,2024-07-14
46511fef-c770-48d3-b500-3405d6ea6036,460,2024-07-14
bad15c57-e0ca-48f6-98d3-767912b4474c,329,2024-07-14
ccab8c5b-1b76-4ebc-ad6b-8371f813f446,821,2024-07-14
4ea4533d-5e09-418b-b71b-05b302c897a7,655,2024-07-14
20759cfa-6d46-4b80-b780-7a3ba0735b22,819,2024-07-14
1c7ae074-4370-4aa0-9adc-368b71cdca67,635,2024-07-14
675f7ae6-b268-44cd-a5fa-f47afd006267,388,2024-07-14
7284c661-14bf-4805-80c9-d1c91268844d,769,2024-07-14
101b00b1-643a-450c-b73f-a8b3b686cc41,580,2024-07-14
500afd52-a9c1-4de0-ae63-38097f5f7f07,742,2024-07-14
063a8742-ff9d-474c-a9d9-6acdf71ea9c3,835,2024-07-14
009c3103-443c-458e-8add-0dd3b21df9bb,724,2024-07-14
ffb37cca-a3d3-48f1-9bca-2334213d7694,400,2024-07-14
8117a443-12f5-4540-b1a2-50d04a5d7793,755,2024-07-14
0520aa59-ef3f-46da-8c00-db2680b07b06,341,2024-07-14
c24a7b90-f493-4581-bfc7-2e84d419163f,638,2024-07-14
b4d27089-de2e-47dd-b1e6-ab7b5a2c3de0,321,2024-07-14
8deef953-fe76-4348-b76e-4d4ecc4864c3,510,2024-07-14
b5bc7370-bbdc-4985-b66b-81f6a86a6021,634,2024-07-14
412b0295-9480-4e99-9017-3bc55decd04d,821,2024-07-14
e1cb25de-7b99-4766-8b76-749636480f21,394,2024-07-14
59af5891-84e4-417c-8323-47e0e3473223,679,2024-07-14
4553a24b-84e5-442b-b32c-82f565d772b2,730,2024-07-14
7bd6efb3-2871-4a4e-9fd6-895d70e98da2,557,2024-07-14
a8eb15a6-aade-4b5e-b3d3-deb8e6ec4b72,351,2024-07-14
0931e67f-712d-4319-b788-e78f62c7bd69,528,2024-07-14
9ea90c4e-a552-4a38-a526-ae0155332d7c,471,2024-07-14
79eb4339-093e-42a8-81d2-dc781e23df01,448,2024-07-14
a787cc3a-c107-450b-8e8b-64cfab5f9f69,520,2024-07-14
7a327451-9146-4269-bd14-e66f557ee908,567,2024-07-14
ffb37cca-a3d3-48f1-9bca-2334213d7694,647,2024-07-14
a90cb7a7-bb78-4694-86ba-9bbf389081d8,830,2024-07-14
e43860cc-809a-43f5-ae2c-dda52f247103,674,2024-07-14
c9d1783a-7b08-4d0c-a448-b137e894190c,699,2024-07-14
5d3189eb-7392-4ac3-a124-16cda260859f,415,2024-07-14
c0f86d8a-aa49-4431-854b-8c75db0c1812,362,2024-07-14
d0ade0c2-d058-4034-9665-a7f7174f48c0,502,2024-07-14
788fa84a-bc90-44aa-8453-70ea6c98366c,760,2024-07-14
24b5d23f-d21f-43a1-9d06-20f818b01a60,643,2024-07-14
443024d2-a8fd-438e-a560-c328086435c4,450,2024-07-14
d4b518c5-3208-4fa6-ae68-d347535a2e3a,490,2024-07-14
4ea6bd08-3e58-46ea-837c-9ec640183e5d,482,2024-07-14
a50f0d5f-b78f-42a8-86ef-887b9802dae8,589,2024-07-14
a48a8f2d-900f-42f1-8fe0-9206c55b070c,349,2024-07-14
39c9ed3f-ff5b-4aa9-9e1a-f530b1c30353,832,2024-07-14
039454b4-25ac-40d6-be28-ab93338efa04,563,2024-07-14
c6ede869-49ff-4385-a91f-294b6e4a8be3,770,2024-07-14
feb5abea-8b2b-46b9-a08e-318d6ae37865,598,2024-07-14
93ad33e8-994f-45c1-bff5-e419ab5c9138,551,2024-07-14
1a44cdfc-0733-41ba-b969-f32239e27681,517,2024-07-14
bd1bc882-f6ee-4969-9754-2badedf4a69d,812,2024-07-14
842002ee-c4ca-4885-82c1-5eaa2b282ed2,400,2024-07-14
c7b26703-9266-47d8-9a80-7c973ad61b65,472,2024-07-14
40b43d96-0193-4b55-9987-057853b57c3c,548,2024-07-14
c884039c-efbc-459d-95f6-131a9f8155dc,372,2024-07-14
fba51612-894b-4427-bd9a-df1157668729,420,2024-07-14
99df49c5-8d27-4b9d-8ba3-559a77545b33,408,2024-07-14
61bcdd0a-bc1c-48a1-b645-f08a88a0fb1b,404,2024-07-14
45910009-cbbc-4767-b8b6-f03a32a7040b,822,2024-07-14
0929f035-e44a-406c-9fd4-f00424f04c68,712,2024-07-14
96a588e0-31ee-4bf5-b5df-2db3feb60c80,586,2024-07-14
89b7778e-a1fe-4052-bd2f-207dd8c55f10,339,2024-07-14
c24a7b90-f493-4581-bfc7-2e84d419163f,321,2024-07-14
9c1540c8-5f86-4e77-9b28-8b028153e882,823,2024-07-14
98b25827-49c2-4b82-9b4b-7bc4db1c3f11,389,2024-07-14
6b757091-c038-4ad4-b2b1-9c6efea088a3,814,2024-07-14
3a022970-36a8-4896-a457-875853caed3a,441,2024-07-14
d2fccdf8-7cde-4cac-a0ca-9ead16e1080b,535,2024-07-14
163a8a03-ae94-4705-8927-3eb0a74fd96b,410,2024-07-14
3a59e137-7197-426b-949e-f7c3e654d797,482,2024-07-14
2e9603ab-74c4-4f9c-b4b3-3c4fb176e6f6,618,2024-07-14
b782a911-c222-4227-975f-b1844c2a6bcd,481,2024-07-14
a8eb15a6-aade-4b5e-b3d3-deb8e6ec4b72,473,2024-07-14
da0cd655-97d2-4e3c-af6e-ecd3c3367697,772,2024-07-14
1738eaf4-4a20-4da9-919a-67a20e6cbcce,778,2024-07-14
fdb52495-8373-41ae-a3a6-d3943461e229,844,2024-07-14
20759cfa-6d46-4b80-b780-7a3ba0735b22,547,2024-07-14
60987ea6-b004-48d7-beff-7a0d9aedabd3,381,2024-07-14
a799bc38-39fb-4a40-947e-e19ba9726bf7,709,2024-07-14
548d90cf-b151-4d1a-9c74-0b6d6a86d651,477,2024-07-14
227ad5b4-cde7-4892-a43f-ec2bb1e495b7,658,2024-07-14
0f503010-61e3-4cd6-bb5a-7470c48157e3,662,2024-07-14
5a6ac23a-877f-44e5-bcf4-0259e54acbea,634,2024-07-14
4152f0ad-2509-4a9c-97fb-a4889ff310d1,591,2024-07-14
b5bc7370-bbdc-4985-b66b-81f6a86a6021,502,2024-07-14
dbd8fbec-7151-4398-9dc8-a82b7a4deb71,384,2024-07-14
5faef8f1-4b6d-4974-a5dc-fbb7d5ba5c56,590,2024-07-14
25f362df-7001-40b0-84f3-79e45235b707,460,2024-07-14
0f503010-61e3-4cd6-bb5a-7470c48157e3,585,2024-07-14
5f535d1b-96e3-4b17-956b-e36cdb5b3a50,836,2024-07-14
fa4c36b5-78b1-4264-b2d8-092fc95fbc5f,611,2024-07-14
752b54b0-6dcb-4545-9b04-5ceacd39f474,794,2024-07-14
ca0b3ccf-bb59-4b50-8c07-7c05a794bfdd,758,2024-07-14
20ec1b5a-c72a-4428-bd1e-48d41a414423,522,2024-07-14
e2df8283-015c-4c32-a703-0516b46d920f,718,2024-07-14
fd1bd501-a15f-499e-8c72-0cc2b5f44036,768,2024-07-14
4bfe6b37-f145-4263-99a4-abae7d4553ed,404,2024-07-14
b8bace2a-8b44-4fee-8321-32f28d3a0e13,733,2024-07-14
5fa1c58f-bfb2-437c-98f9-f3ea0bf825a7,653,2024-07-14
347c25f1-e848-4be4-aa5a-2a674fcaec36,806,2024-07-14
99cd7b13-ad72-48b2-ae47-5ca248938afb,314,2024-07-14
e0da47a2-d8d4-4c8d-b1a8-7b7a9052ae77,734,2024-07-14
10e0d7d4-d6e9-4fda-ab7a-eae20f859d77,393,2024-07-14
0d139602-10c6-4e84-b1e0-da1402f3e4e8,517,2024-07-14
f14a521b-b8d7-4f51-a89f-fd7b9c662832,373,2024-07-14
0749bb1a-b56c-49dc-a3bf-adfde5db1cff,406,2024-07-14
28d22af3-ebe1-4666-a67a-0657565c453f,432,2024-07-14
ee7f046a-c4fd-4ef2-899e-bc8b8b6d30e4,819,2024-07-14
c3792109-c072-4aaf-a2d0-bf82d2327904,526,2024-07-14
5e38f299-2e14-47c9-9c50-817b707292f0,674,2024-07-14
8effa9ea-e43d-4826-a694-30d72bdcb7a1,713,2024-07-14
9b7c0062-8533-4fc6-8f45-8a5a79157e63,606,2024-07-14
4b9494c2-2c14-418d-aaf4-ed71c39fae79,796,2024-07-14
f8ac64de-5d30-49f7-9dd3-0c1cd5a6f24d,520,2024-07-14
e7de63b4-3801-468d-9373-9f7fc3abed49,305,2024-07-14
c730586d-1f12-4c76-bfbb-56168464cad8,564,2024-07-14
50d3101a-db24-4afe-8887-09dc6fd5f111,465,2024-07-14
101b00b1-643a-450c-b73f-a8b3b686cc41,626,2024-07-14
06ad718f-39d7-4236-a014-3461ab10b07d,663,2024-07-14
53ff26c0-4075-44a1-bd0f-6804602f9646,670,2024-07-14
9fe93f6b-045b-41e7-a137-2ceaf93ce8e0,389,2024-07-14
0929f035-e44a-406c-9fd4-f00424f04c68,305,2024-07-14
c5b4df03-370a-4917-818f-bba455986614,305,2024-07-14
0f9edf0a-3993-44f9-b32d-58e609dc5667,721,2024-07-14
aa049aaa-60f2-46d6-8e9d-5be6e4bed2a5,419,2024-07-14
88bd38e1-3ada-4d48-b96e-f3efa8f5a6a3,717,2024-07-14
edf18d16-dd97-4ac7-9e6a-f9845088a911,494,2024-07-14
b5ea4538-8b12-40c3-b4df-c22e1b982952,804,2024-07-14
1a3dc1ad-6a3c-448f-a99f-f6c1cbd3d3bc,411,2024-07-14
2eaa382b-5fe2-42dc-b5fc-0c8d283aa21b,342,2024-07-14
99df49c5-8d27-4b9d-8ba3-559a77545b33,644,2024-07-14
3a022970-36a8-4896-a457-875853caed3a,622,2024-07-14
51f0d247-a648-4a72-aa4f-015f5038cf14,454,2024-07-14
e5c040f7-9706-4c65-aafe-b2a354500120,539,2024-07-14
a7ec07d4-f5e7-4ca5-8a82-6cc136184926,328,2024-07-14
edc7d986-eb51-487b-a2e0-6187722e54de,594,2024-07-14
e2f18419-bfe2-4758-bc92-ea834c659d69,749,2024-07-14
53ff26c0-4075-44a1-bd0f-6804602f9646,821,2024-07-14
9893ceb1-4bf5-46d1-9ecb-95c404966aed,680,2024-07-14
edcbfbc6-c4e4-4c61-b872-9230a15f43fa,518,2024-07-14
8f32dd0b-45cb-497b-89fe-8381736db113,847,2024-07-14
96a588e0-31ee-4bf5-b5df-2db3feb60c80,568,2024-07-14
fff1d23f-628c-4f52-8e84-f35de82089f9,727,2024-07-14
a48a8f2d-900f-42f1-8fe0-9206c55b070c,542,2024-07-14
9a1cb6cc-e159-4fab-a5c2-6f1f87969762,656,2024-07-14
73bd8931-7020-4b7d-8d15-9c5e97b2dedc,522,2024-07-14
99df49c5-8d27-4b9d-8ba3-559a77545b33,543,2024-07-14
84430ea5-2549-45d9-a4e4-c75a81680695,516,2024-07-14
5255d771-51f2-4e70-a81c-8abe835117c7,388,2024-07-14
00967190-1efc-4722-b760-d2d41156c733,644,2024-07-14
501fbce8-40d0-4c1a-ac41-13d08abc43dc,794,2024-07-14
4cf54f49-87b6-4536-8cb1-ff9441650eb5,789,2024-07-14
f43e9fd0-7e23-4416-8ff7-15932524f737,614,2024-07-14
221f3a45-bed8-421a-9c8b-b3fe66580d9e,337,2024-07-14
209712fd-356b-4a60-a2d0-e5a5738cb3c8,624,2024-07-14
b39fa5cc-7c47-47aa-982e-6b5a6a6944bd,789,2024-07-14
0cc2b6c9-914c-4dc2-a759-4bc05ac50ff8,585,2024-07-14
a62d3e13-c4ae-4fae-b8a5-fe3334feb5f2,665,2024-07-14
d2356288-0853-49e1-8aaa-321a2253f853,497,2024-07-14
c24a7b90-f493-4581-bfc7-2e84d419163f,776,2024-07-14
3cd23acb-e3be-47fe-b293-d0c73909abb9,540,2024-07-14
a583e439-0c76-42b0-8508-a206119763b3,774,2024-07-14
a00d5e35-7805-4116-b8ff-b06af45ac4aa,688,2024-07-14
6def626e-cfb1-453e-93c0-93476be8d0c5,814,2024-07-14
36b477dc-8542-4475-837c-baa3eb16c5b8,415,2024-07-14
7c0bed31-ce56-4e37-87e7-1540bcd2b942,333,2024-07-14
7836c75a-398e-4607-890c-19664eeaa204,371,2024-07-14
479a36fb-3bee-4539-85ca-07c2d6fad6ae,552,2024-07-14
f3b72ac9-269e-49ce-85e8-81268261369b,723,2024-07-14
1d726359-5b19-4d9a-a203-1d516bdca806,606,2024-07-14
6682ff27-fdb0-466c-90a5-6738ded01c61,541,2024-07-14
9f065232-cae5-4544-8adb-cbeea74383a0,838,2024-07-14
cc9d82d0-c8fc-4cc9-a407-7a08f153b789,355,2024-07-14
ace257be-3a6a-4a00-95be-fbf4005af40a,319,2024-07-14
a1ad88f0-2be3-4182-8b95-dd09befcc574,409,2024-07-14
cf8eb6f8-24ea-4362-8034-cc02814dd23f,400,2024-07-14
02a3af50-e1b4-44cb-90d2-e98692c416de,357,2024-07-14
e3e4a1fd-1b1f-4086-adf3-08f737378a9c,796,2024-07-14
d87b727b-1774-454f-835d-5b974f4658a6,304,2024-07-14
e639314c-8831-46ac-9ac7-556efc8d88c3,380,2024-07-14
4e7009ba-d0a4-4c7b-bbd8-51b8239d4c16,363,2024-07-14
2a81ff61-92c5-4ff2-80e6-cca18f00b2d1,310,2024-07-14
868dd066-2f61-408e-b51e-2b32a553c3a6,439,2024-07-14
9dd1bdba-e2ea-42fc-b386-edd308640d27,843,2024-07-14
c0f86d8a-aa49-4431-854b-8c75db0c1812,600,2024-07-14
0f9edf0a-3993-44f9-b32d-58e609dc5667,512,2024-07-14
a6955261-68db-4c06-a56c-7b1477306f6c,691,2024-07-14
a6593993-839c-47c1-93d7-61ac9ef3311e,536,2024-07-14
37458891-9343-48f8-a413-fef25ce91c6e,347,2024-07-14
c6ede869-49ff-4385-a91f-294b6e4a8be3,409,2024-07-14
48960895-fa4d-406d-8034-9b457c87ecb4,333,2024-07-14
9dd1bdba-e2ea-42fc-b386-edd308640d27,355,2024-07-14
61bcdd0a-bc1c-48a1-b645-f08a88a0fb1b,733,2024-07-14
315b0c15-0d8d-40ef-831a-c2230d6cb8c6,399,2024-07-14
8c1e724f-571c-4c4a-b6e9-e53753e28938,530,2024-07-14
a3a10a62-c873-4b1a-b59c-2d05928113d6,373,2024-07-14
cba1f77d-4db7-4776-b7cb-f1e16452166d,601,2024-07-14
2a81ff61-92c5-4ff2-80e6-cca18f00b2d1,587,2024-07-14
855ee2c7-ffa5-441f-a7d2-c23b767aab3e,373,2024-07-14
e4db5d1f-9212-4d24-81c8-2494d13309fe,609,2024-07-14
39a00b6e-8a89-461c-86db-8689790adbb8,819,2024-07-14
9e5f95b5-46ba-43bd-8bd2-2266b2eb817a,574,2024-07-14
1a44cdfc-0733-41ba-b969-f32239e27681,508,2024-07-14
ab39dff9-d6c0-40ff-8333-4d4f45e1278f,384,2024-07-14
1d57aa27-4b56-476f-9777-173f01ef7f43,657,2024-07-14
767b3c36-b409-41fc-b040-d728df46cb34,762,2024-07-14
06ad718f-39d7-4236-a014-3461ab10b07d,435,2024-07-14
675d888d-4092-4516-9acd-f0ee5ce81f71,541,2024-07-14
1db752d1-e0c0-4a3b-abf9-cdfb913a65c6,385,2024-07-14
d8b7c931-fe83-48ad-86af-e2c4a026fb5e,756,2024-07-14
889d796f-1807-4dcb-aa7f-c971b7060314,400,2024-07-14
1a44cdfc-0733-41ba-b969-f32239e27681,647,2024-07-14
70e94d3b-8ee3-48a1-b598-ec6d46cbf2cb,441,2024-07-14
0ba598fb-61cf-45c8-8191-cef41216a754,593,2024-07-14
39a00b6e-8a89-461c-86db-8689790adbb8,373,2024-07-14
b99e6039-10a9-4326-8f79-3f76caa84821,846,2024-07-14
9b35087b-90c4-48e2-8532-191bf7a59ac4,815,2024-07-14
88fd4e8d-9a74-448a-a3f7-1840f7438f40,834,2024-07-14
87fb8c0e-140b-4c4d-be13-8fc1e471b2d6,432,2024-07-14
1ee74d2d-7ec4-46fc-bb70-fba50ff5572c,570,2024-07-14
c9ed0d72-a58d-432a-868e-ca457a067595,474,2024-07-14
e8d9157a-98d3-42f0-8a6e-de6ab25e4562,381,2024-07-14
0d139602-10c6-4e84-b1e0-da1402f3e4e8,545,2024-07-14
8a93e3c4-29a3-4d3a-bffe-55396abfda25,823,2024-07-14
e08c5e42-856e-47fa-89f4-fa484a68bfcb,449,2024-07-14
60546fc4-dd71-4e1c-880f-5a20ef0350d4,792,2024-07-14
2a81ff61-92c5-4ff2-80e6-cca18f00b2d1,679,2024-07-14
f525ba26-0f1a-4e34-a667-f595591fc2f9,746,2024-07-14
788fa84a-bc90-44aa-8453-70ea6c98366c,794,2024-07-14
1057cb4e-40fa-4df5-a5f7-e044eaefab4b,362,2024-07-14
20759cfa-6d46-4b80-b780-7a3ba0735b22,577,2024-07-14
b0a41888-7cde-4b82-bdc5-6850d9dec2f6,401,2024-07-14
bcb0ca25-d536-4fb1-9a23-a3c8244749e5,685,2024-07-14
3ada9da2-abc8-42bd-8119-238a48ecbc26,728,2024-07-14
6db7d267-de4e-4551-b5de-1e5bfa160680,765,2024-07-14
99df49c5-8d27-4b9d-8ba3-559a77545b33,764,2024-07-14
f032e166-1b2d-4905-ae90-fe875d4504c0,533,2024-07-14
70e94d3b-8ee3-48a1-b598-ec6d46cbf2cb,380,2024-07-14
dd3a185a-920b-4038-9e7a-f169948a9a79,417,2024-07-14
df3f24f7-ae37-4f94-a2bd-7f07279d388f,551,2024-07-14
d4b518c5-3208-4fa6-ae68-d347535a2e3a,379,2024-07-14
79f5c636-19b3-456d-b37f-4e84c85dfcd2,424,2024-07-14
9f939ebc-a030-4605-85fb-c274cf2f1b77,312,2024-07-14
8d90bf39-3d1e-43f8-9c5c-277f99745924,317,2024-07-14
1a01b359-f688-46d4-9ecd-e6a4b26dcae8,328,2024-07-14
90888659-9d53-48d3-8b57-2c6b11b6ddaf,641,2024-07-14
a90cb7a7-bb78-4694-86ba-9bbf389081d8,770,2024-07-14
225b4f71-53d9-4799-8943-9df5b0a0d183,324,2024-07-14
e4606d2a-a666-4db5-b4f1-397d648868d7,647,2024-07-14
227ad5b4-cde7-4892-a43f-ec2bb1e495b7,395,2024-07-14
b1f8f29d-ab44-476c-b244-e38a962f4171,406,2024-07-14
0bf2eb60-a269-4ff1-ad95-780799ec53d0,681,2024-07-14
64d26832-0016-4263-a427-f99b2468dd8c,794,2024-07-14
e051da9b-b03e-42d0-bf17-6dcd4981551b,355,2024-07-14
4d885a8c-1cf9-4022-a976-b99c9554c1c0,806,2024-07-14
13bf026c-059e-44fa-b5d3-a531da87131d,464,2024-07-14
16c7c74e-ec4e-45cc-bbf5-8a92f7690632,431,2024-07-14
e0da47a2-d8d4-4c8d-b1a8-7b7a9052ae77,592,2024-07-14
61bd2e51-5a3d-490e-8c9f-056cf062b228,474,2024-07-14
e0f7d496-b634-46ba-a77d-014c9ab25932,585,2024-07-14
9a1cb6cc-e159-4fab-a5c2-6f1f87969762,405,2024-07-14
e982f40d-2001-417e-b454-bef13aaa19a1,817,2024-07-14
35335116-fb7c-4a92-b022-af8425e5177c,764,2024-07-14
bdb63615-e7c3-4f04-979b-4972af2119e7,395,2024-07-14
1a08b4b0-8165-4ffd-9093-886e7805ac54,680,2024-07-14
d12984b4-8be4-486d-b67f-4ad61396f0c6,394,2024-07-14
61bd2e51-5a3d-490e-8c9f-056cf062b228,481,2024-07-14
0574888d-39ab-4f88-8172-677955fa230f,752,2024-07-14
a8eb15a6-aade-4b5e-b3d3-deb8e6ec4b72,835,2024-07-14
7320c55c-6a84-4475-91d9-5b052bf2a6c6,838,2024-07-14
897cfbdc-03da-4a12-b610-4fef7b003da4,518,2024-07-14
f054e314-d165-455d-b3cd-e51310f11457,734,2024-07-14
4e0ff061-5cea-4fe8-87b6-2b5ca6b8a29b,336,2024-07-14
25f362df-7001-40b0-84f3-79e45235b707,350,2024-07-14
5cceed80-c106-4fb3-a643-cf43c5d7ed30,722,2024-07-14
9d4bcfaa-ca50-4c30-94af-fe0b1e851058,342,2024-07-14
bc3db0e6-3cd8-44d1-98bb-1b96acd546bc,717,2024-07-14
9a083376-569b-4c47-9b1b-13aab8edeb12,437,2024-07-14
863acba3-9482-4779-9b07-cf484d4b0caf,684,2024-07-14
d4c66c2d-28ce-4311-98a3-81e3c6ff7ec1,345,2024-07-14
97e5deba-def6-4bfc-8370-e9861418e718,826,2024-07-14
b39fa5cc-7c47-47aa-982e-6b5a6a6944bd,520,2024-07-14
b9b380cb-69e0-4906-990d-93978e1cec15,373,2024-07-14
9ceb7144-c8e1-4990-bafb-3d3f22a08fc2,814,2024-07-14
af7f90b3-4746-4578-8442-d3875f674c52,575,2024-07-14
0574888d-39ab-4f88-8172-677955fa230f,715,2024-07-14
7ef58352-c396-435a-aca1-3f85ab2892d3,751,2024-07-14
79eb4339-093e-42a8-81d2-dc781e23df01,737,2024-07-14
c0b5c80b-185d-4f7f-b0b4-f6ef9642fc69,725,2024-07-14
548f7bf7-10c5-4254-b22f-2d18339e45fc,539,2024-07-14
c1a98195-1f86-499b-a225-09e6f8e4a810,710,2024-07-14
9b35087b-90c4-48e2-8532-191bf7a59ac4,303,2024-07-14
adf50c45-c277-4dbf-a59c-980d60858c82,395,2024-07-14
479a36fb-3bee-4539-85ca-07c2d6fad6ae,849,2024-07-14
9d4bcfaa-ca50-4c30-94af-fe0b1e851058,511,2024-07-14
56c31409-825e-414d-ae55-6fedee9aaeb3,545,2024-07-14
5a6ac23a-877f-44e5-bcf4-0259e54acbea,682,2024-07-14
863acba3-9482-4779-9b07-cf484d4b0caf,680,2024-07-14
56e8f85c-aa8a-4744-9e6c-855b12e6bc7f,633,2024-07-14
fc4a7636-0150-43cc-af40-835021a2f123,325,2024-07-14
6429ded3-42f0-4862-be83-4c5d67a24c4d,544,2024-07-14
3dbe206c-c738-41ed-9784-ccadc642c35b,619,2024-07-14
f3c75380-b09c-42f9-ac7d-0b5073186020,566,2024-07-14
902c5049-6f87-4628-a1ef-d91cec7ecb2f,493,2024-07-14
56384443-f2bb-4df6-aba0-1a7c8905796d,530,2024-07-14
f505b952-4eef-4e5f-ac00-556bd5ba5b57,638,2024-07-14
d737bf9a-96a4-47d5-afab-149823d14c06,655,2024-07-14
cb2d1f0d-6334-484a-b971-e6eabadf03fe,420,2024-07-14
7cb31286-7317-4331-8db7-3d4a4fb332dc,600,2024-07-14
a75c4daf-4609-4e53-b3a8-8ef2d1e84e30,324,2024-07-14
e4db5d1f-9212-4d24-81c8-2494d13309fe,550,2024-07-14
f71da23e-998e-450b-aa20-a871f0fa67de,402,2024-07-14
2ed4d610-c9bb-4f77-b3a9-15f8159ae21b,344,2024-07-14
bcb0ca25-d536-4fb1-9a23-a3c8244749e5,752,2024-07-14
6f541f8a-ee84-48d9-ae34-f7f5a04b0d3e,377,2024-07-14
8e64689c-4a2f-49ff-83d9-2665637b7c15,578,2024-07-14
00967190-1efc-4722-b760-d2d41156c733,768,2024-07-14
eb7eaed8-b854-4cac-adda-4f51c39f7911,482,2024-07-14
b99e6039-10a9-4326-8f79-3f76caa84821,501,2024-07-14
e699f2fa-c988-492c-823a-bcdd06ce771c,612,2024-07-14
757a5a00-3a6b-4d71-8369-86fe2bf678b9,848,2024-07-14
6c230e5a-fede-4648-867d-528a5d7b906d,699,2024-07-14
f2948f34-883a-4015-9d38-dffccbdbf31e,338,2024-07-14
443024d2-a8fd-438e-a560-c328086435c4,412,2024-07-14
829608dd-b6ae-43b1-ba07-e40e0de15312,648,2024-07-14
0b0779c5-c084-40b4-b332-42a9724cb0d0,486,2024-07-14
5d826370-adfc-49ed-9cfc-4e99a38cc200,650,2024-07-14
2ed4d610-c9bb-4f77-b3a9-15f8159ae21b,735,2024-07-14
5b09e5a3-7c5e-428f-8cd8-2e1fc83791c8,840,2024-07-14
e7a7f46e-bd6d-4429-b6d5-6d62b907f53d,351,2024-07-14
c1a26284-0e11-4476-8e07-c2e261413b72,816,2024-07-14
2a81ff61-92c5-4ff2-80e6-cca18f00b2d1,820,2024-07-14
4d885a8c-1cf9-4022-a976-b99c9554c1c0,836,2024-07-14
1ddd15d8-025e-418e-ac1b-01461b3ea74e,840,2024-07-14
e64230ad-b136-4821-a27b-d9a6d9e5b2ee,426,2024-07-14
6c5d904b-d729-4187-903d-2a6c68ab7b74,680,2024-07-14
b1948c36-7af9-42ce-9e0b-bd36a93a62e7,831,2024-07-14
3b79b600-6a04-4c83-99a7-3cd76d1a7e2c,748,2024-07-14
1e01a6c3-48af-441a-8b93-4263b32f6844,667,2024-07-14
1ee74d2d-7ec4-46fc-bb70-fba50ff5572c,530,2024-07-14
27297e8a-0511-46a9-bdcd-964b59ead25b,672,2024-07-14
5d3189eb-7392-4ac3-a124-16cda260859f,731,2024-07-14
45660a39-3a51-48b6-9f75-1bf845567d47,384,2024-07-14
761ba473-034e-42be-a15c-53fb40e560cf,476,2024-07-14
5cceed80-c106-4fb3-a643-cf43c5d7ed30,670,2024-07-14
6a85b691-3442-4c2c-b818-2f2e2118c4ee,387,2024-07-14
2eaa382b-5fe2-42dc-b5fc-0c8d283aa21b,414,2024-07-14
f95c4c68-b006-489d-bdf6-34944c44809e,791,2024-07-14
37458891-9343-48f8-a413-fef25ce91c6e,537,2024-07-14
745f8455-cfa0-4f81-a0d5-d8de65d4e35b,387,2024-07-14
e7a7f46e-bd6d-4429-b6d5-6d62b907f53d,768,2024-07-14
4ee82f1f-5c8d-4b98-ae4e-26377ad445e4,537,2024-07-14
c884039c-efbc-459d-95f6-131a9f8155dc,305,2024-07-14
cd64fb7f-729e-4489-9c82-c5864530a977,348,2024-07-14
7faeaa70-2118-4f9c-a6b9-a841ad1f03b0,814,2024-07-14
2a3b6a06-5f4b-48a0-8a64-cd9ce078d7ac,754,2024-07-14
2ed4d610-c9bb-4f77-b3a9-15f8159ae21b,677,2024-07-14
1ec37781-eaf0-4ba8-80a1-d41a3d00fd7d,756,2024-07-14
b8bace2a-8b44-4fee-8321-32f28d3a0e13,648,2024-07-14
e31e9044-ada1-48b8-a4f9-c140c61ce27d,776,2024-07-14
5af703bb-4ab7-4645-8a74-7e247e587bf9,492,2024-07-14
f3f12ebd-dc9c-4233-b6e1-6d1107ebc320,718,2024-07-14
b0a9a2cf-edfd-46d7-acb2-b35554d057a9,351,2024-07-14
c1a26284-0e11-4476-8e07-c2e261413b72,769,2024-07-14
6c230e5a-fede-4648-867d-528a5d7b906d,799,2024-07-14
5509b9a3-c13b-4ef9-9f78-1d5e231609c6,631,2024-07-14
f6cc867f-0567-4ad1-89a5-5e02d03f2d3a,573,2024-07-14
d3f7a2f1-7d4a-421f-aafa-75ecdd5b1bb1,721,2024-07-14
56384443-f2bb-4df6-aba0-1a7c8905796d,536,2024-07-14
1db752d1-e0c0-4a3b-abf9-cdfb913a65c6,475,2024-07-14
46511fef-c770-48d3-b500-3405d6ea6036,493,2024-07-14
0e3ffabf-906d-4f65-bf02-b8013d6d7d1d,332,2024-07-14
99a3d635-81c5-490e-92a3-c92df738f4d3,514,2024-07-14
a3144cb6-0ef4-4f8a-b66f-68c4d7ec2141,659,2024-07-14
c3792109-c072-4aaf-a2d0-bf82d2327904,519,2024-07-14
f054e314-d165-455d-b3cd-e51310f11457,703,2024-07-14
84430ea5-2549-45d9-a4e4-c75a81680695,770,2024-07-14
2166d6bd-1710-4214-adbf-4d920ee1ebf8,809,2024-07-14
8da076ff-1684-4e26-bd02-be618040153d,339,2024-07-14
ec5db5e3-6ce4-4f9e-93aa-aac4ea87f1b8,831,2024-07-14
73bd8931-7020-4b7d-8d15-9c5e97b2dedc,630,2024-07-14
04cff68f-2fe7-45f0-92d4-6f68c0e125a6,835,2024-07-14
4f662789-ddb7-440e-94a9-6672d1ea1502,423,2024-07-14
dea5cb60-19c4-4243-b8a1-d3c2b34bd3cf,304,2024-07-14
b3e341e3-17ea-4c66-9543-14913002e3e5,619,2024-07-14
5fb64360-3eb5-4753-8e5f-83d4498eca6e,829,2024-07-14
a8eb15a6-aade-4b5e-b3d3-deb8e6ec4b72,791,2024-07-14
225b4f71-53d9-4799-8943-9df5b0a0d183,375,2024-07-14
8e33e90d-9a88-4a6d-ac22-68d838d86301,717,2024-07-14
e5c040f7-9706-4c65-aafe-b2a354500120,523,2024-07-14
752b54b0-6dcb-4545-9b04-5ceacd39f474,456,2024-07-14
93677502-a3d5-4a5a-9895-47d90de68f39,781,2024-07-14
ef0abf40-a6d9-4ced-a216-0ac223ea4f27,761,2024-07-14
d9008960-94d8-4ff4-8ee0-3eada6492452,322,2024-07-14
84e7b110-2ca2-4ed9-8728-6cd3cb638e9a,349,2024-07-14
278619e6-24f3-4920-9b1d-e06c9eeb48af,402,2024-07-14
c89eae63-a4f7-4b6b-b8a0-aab0930ddc58,733,2024-07-14
a6955261-68db-4c06-a56c-7b1477306f6c,413,2024-07-14
79e68e5a-c776-42f4-90fd-deeb67ef5639,301,2024-07-14
443174da-eb4c-4dc9-b540-881c482294f3,549,2024-07-14
e420baf3-f487-4c1c-be26-9d3987790af7,720,2024-07-14
b782a911-c222-4227-975f-b1844c2a6bcd,842,2024-07-14
eb57ef3a-8d06-4150-8de3-71510495b5ff,670,2024-07-14
890f8a29-0deb-4adb-90ce-6444dd506fce,654,2024-07-14
2166d6bd-1710-4214-adbf-4d920ee1ebf8,648,2024-07-14
18651a27-489d-410f-a166-bc564f8e8110,799,2024-07-14
b7551968-a857-498d-a94f-b95182f8a2e5,413,2024-07-14
5fd77d74-7071-4800-a2ab-734156e7260e,455,2024-07-14
ace257be-3a6a-4a00-95be-fbf4005af40a,674,2024-07-14
7d48a27b-5335-4a96-9e0a-69d6ee4882ec,734,2024-07-14
7320c55c-6a84-4475-91d9-5b052bf2a6c6,603,2024-07-14
04cff68f-2fe7-45f0-92d4-6f68c0e125a6,322,2024-07-14
4a19bb97-a3bc-489d-bdfb-4953ae0abff1,320,2024-07-14
9c1540c8-5f86-4e77-9b28-8b028153e882,572,2024-07-14
b7c66656-f05e-4799-8937-87420786309b,782,2024-07-14
65bd5265-17d3-4186-a4e1-a8cb596dbc36,791,2024-07-14
ebfb1ceb-7533-4e9e-b0c5-e0ed83eae578,397,2024-07-14
070d48c9-ab93-4c5b-9a4b-412dc064a8f5,610,2024-07-14
443024d2-a8fd-438e-a560-c328086435c4,748,2024-07-14
d10823d3-3fa5-42ba-9bfd-cf105b23d003,704,2024-07-14
9822920e-5423-4dc6-a9a3-2836600fc002,760,2024-07-14
87fb8c0e-140b-4c4d-be13-8fc1e471b2d6,441,2024-07-14
4b440644-9fbc-48b0-82a4-44496f6d0df4,438,2024-07-14
01b74b7a-bc7f-4080-b1b1-b1e1c68dcf39,332,2024-07-14
b655a065-4cab-4132-b27a-995a7bbd2c87,813,2024-07-14
25f362df-7001-40b0-84f3-79e45235b707,385,2024-07-14
4c3abe9b-7faa-468f-bbdf-3a9164e2b091,748,2024-07-14
e55e65bd-7e8b-4d60-9dec-f1918bd4192d,353,2024-07-14
347a0184-3c76-476b-80e7-b647dd600250,639,2024-07-14
8b13bf63-0009-49e5-a168-4dfaa7e7e0cc,349,2024-07-14
73be12d3-6020-46b7-ae2b-a09f8791d001,319,2024-07-14
12d673a2-7c9d-4bdf-a4fb-ac0e9bbf6935,751,2024-07-14
2ed4d610-c9bb-4f77-b3a9-15f8159ae21b,539,2024-07-14
82f6fe76-26c6-4038-8bb2-4e3ce5b740fe,546,2024-07-14
b37ab593-f627-4c5c-873c-130b4e776e34,780,2024-07-14
39a00b6e-8a89-461c-86db-8689790adbb8,348,2024-07-14
8f2ccaa2-a2e1-49c6-83fe-d3caf3c367e4,728,2024-07-14
087e82ec-037c-4454-801f-bd41038395ab,826,2024-07-14
f940dbab-780c-45ac-a004-b5b1ff6ce7fe,748,2024-07-14
c85a4ac8-07c7-4a14-943b-b523025623a8,778,2024-07-14
3a022970-36a8-4896-a457-875853caed3a,526,2024-07-14
250252d6-06ca-4edc-a4ad-e3c87b2b5ce7,531,2024-07-14
a6e09839-9f6a-4f4d-9854-b493d427719b,848,2024-07-14
07b3fa85-2c4e-424e-928d-ebdaef8d8656,427,2024-07-14
e08c5e42-856e-47fa-89f4-fa484a68bfcb,709,2024-07-14
8e296b58-bcf5-43e6-9e0c-df783ee92dc2,356,2024-07-14
45c778da-deb1-4f68-b010-312508ce46bd,693,2024-07-14
41f62546-28df-41ff-99d9-e50e6061bab0,445,2024-07-14
92bf5e7f-ba10-48ec-ae13-32123c6d771e,751,2024-07-14
4edc40ec-7acd-46ac-a4d8-542961945381,527,2024-07-14
46d9ccfc-7174-4ba1-a787-c71fdbfbd931,825,2024-07-14
cefc4ec4-3708-4313-a0b6-c30fb4a0b76e,797,2024-07-14
0ba598fb-61cf-45c8-8191-cef41216a754,577,2024-07-14
85eae58a-e72f-4fb2-9be8-5ff32583e520,321,2024-07-14
956fda63-d3a9-4ad6-86db-deb52fba426f,752,2024-07-14
0160c3fe-87c5-476f-add3-8fa597110bef,733,2024-07-14
5452dfa3-5983-4378-99be-ab91ffd9e1f9,656,2024-07-14
937db7cc-f114-4d48-9aee-0f0e0db295c2,500,2024-07-14
39922b61-4d87-45f8-8751-055ad9d8a8c1,323,2024-07-14
3299fef5-467b-4e45-9f19-a8087b7b87f2,704,2024-07-14
b8bace2a-8b44-4fee-8321-32f28d3a0e13,832,2024-07-14
c24a7b90-f493-4581-bfc7-2e84d419163f,543,2024-07-14
abf42cd5-53be-4af4-9601-0545aea43f74,837,2024-07-14
0be4af6e-7ec8-4cb4-9d34-5e11ad1e1c84,645,2024-07-14
3ada9da2-abc8-42bd-8119-238a48ecbc26,688,2024-07-14
e2f18419-bfe2-4758-bc92-ea834c659d69,524,2024-07-14
903d080b-92ca-4f93-91f1-fef0ab3ffb02,619,2024-07-14
90888659-9d53-48d3-8b57-2c6b11b6ddaf,554,2024-07-14
cd32bc35-d1b0-45a4-931e-d9ce856d9f7c,308,2024-07-14
9b35087b-90c4-48e2-8532-191bf7a59ac4,758,2024-07-14
c1a98195-1f86-499b-a225-09e6f8e4a810,699,2024-07-14
45c778da-deb1-4f68-b010-312508ce46bd,776,2024-07-14
6eabd930-6cb7-4b9b-a846-dd0c36dd3c03,345,2024-07-14
55e0ee9e-edf6-460d-8017-9860a512cb68,672,2024-07-14
37fb0b5b-835b-43b9-a1a3-45d939be637f,530,2024-07-14
757a5a00-3a6b-4d71-8369-86fe2bf678b9,537,2024-07-14
e2f18419-bfe2-4758-bc92-ea834c659d69,468,2024-07-14
7284c661-14bf-4805-80c9-d1c91268844d,627,2024-07-14
757a5a00-3a6b-4d71-8369-86fe2bf678b9,537,2024-07-14
c74e1926-634d-4861-80d2-b3d133923139,611,2024-07-14
d991d9c2-b8c5-4eb6-baa3-09a49b0bab8e,566,2024-07-14
535de8f6-99c9-4564-a315-1f4017d89c40,830,2024-07-14
6b757091-c038-4ad4-b2b1-9c6efea088a3,694,2024-07-14
85eae58a-e72f-4fb2-9be8-5ff32583e520,801,2024-07-14
84e7b110-2ca2-4ed9-8728-6cd3cb638e9a,585,2024-07-14
4d42d43c-18de-4865-b15d-f695dbfc7cfc,305,2024-07-14
9b7cd76d-cb04-4646-b8ff-ff44a89615f7,318,2024-07-14
0574888d-39ab-4f88-8172-677955fa230f,334,2024-07-14
4b9494c2-2c14-418d-aaf4-ed71c39fae79,799,2024-07-14
d589e29f-ffe1-4cd2-9be0-ff437388b361,576,2024-07-14
e4086890-144f-4a1b-9e14-30bab107261d,576,2024-07-14
f3c75380-b09c-42f9-ac7d-0b5073186020,602,2024-07-14
6131a27e-5d73-43bb-bd40-4de3a5a55b39,775,2024-07-14
46511fef-c770-48d3-b500-3405d6ea6036,768,2024-07-14
c24a7b90-f493-4581-bfc7-2e84d419163f,602,2024-07-14
13a1f3b4-a778-4e64-bfc1-8cbce14bfd51,651,2024-07-14
dffa7a26-04e6-402f-a2c4-793dc929b32b,577,2024-07-14
063b7226-64f9-4ade-8f72-5127a3d5102d,320,2024-07-14
90f50a6c-25c5-4615-84b1-b70227b6c4b1,346,2024-07-14
d87b727b-1774-454f-835d-5b974f4658a6,319,2024-07-14
eceaa5d2-3e16-4ca3-a183-96029983d807,594,2024-07-14
b8893c79-a278-4f62-9058-8696aacd101c,567,2024-07-14
c730586d-1f12-4c76-bfbb-56168464cad8,344,2024-07-14
02084a52-aee6-4e63-8e98-739091f593b3,441,2024-07-14
0bf2eb60-a269-4ff1-ad95-780799ec53d0,469,2024-07-14
59af5891-84e4-417c-8323-47e0e3473223,795,2024-07-14
b3bd16dc-811d-43b6-b8a5-0e6d7c268416,395,2024-07-14
b4501268-38cf-45e4-af4a-0d6d0ad15368,338,2024-07-14
7284c661-14bf-4805-80c9-d1c91268844d,434,2024-07-14
c9d1783a-7b08-4d0c-a448-b137e894190c,752,2024-07-14
51f0d247-a648-4a72-aa4f-015f5038cf14,834,2024-07-14
3d532d0b-ffd2-402f-952a-670aeae9e8cf,370,2024-07-14
582c88fc-e2f4-4b89-bd2c-99bb02764f4d,317,2024-07-14
bd960a71-bb4c-44ba-b749-f1f22e7f8456,423,2024-07-14
8b04f53d-15b6-4808-b32c-735102826f2d,554,2024-07-14
75efde82-8274-472f-8ecd-d72932aca4fe,416,2024-07-14
612f3c5a-9469-4d3c-8a29-3d98b6de2064,640,2024-07-14
a9db0976-d7c5-4dc7-ba6b-be5e66c7ce97,308,2024-07-14
009c3103-443c-458e-8add-0dd3b21df9bb,583,2024-07-14
500afd52-a9c1-4de0-ae63-38097f5f7f07,711,2024-07-14
91f67689-9f37-404a-83f8-ea16a11e2ccb,534,2024-07-14
956fda63-d3a9-4ad6-86db-deb52fba426f,606,2024-07-14
2844c00e-b652-4449-9f79-81b6432c2fa2,743,2024-07-14
03cd9d6e-8305-4c25-95b2-4ba6f8ef0363,449,2024-07-14
60b8fb79-f1b8-4454-9151-147176473f4a,686,2024-07-14
f505b952-4eef-4e5f-ac00-556bd5ba5b57,396,2024-07-14
da0cd655-97d2-4e3c-af6e-ecd3c3367697,672,2024-07-14
8ffbb7d6-93fb-4be3-9ec7-23985d6757ba,392,2024-07-14
bd960a71-bb4c-44ba-b749-f1f22e7f8456,475,2024-07-14
88029709-45f3-461d-a33b-a47695ab830e,525,2024-07-14
b8dd4e7c-e242-45ae-9e7f-1ba673e7d076,618,2024-07-14
b3e341e3-17ea-4c66-9543-14913002e3e5,772,2024-07-14
f83f5fb2-d410-4fb7-b1c3-4a238279d6af,800,2024-07-14
5d3f3c04-151b-4ded-a2fe-4379e75bf383,756,2024-07-14
b9f1702a-1085-4554-bb47-62ec876e0774,697,2024-07-14
190112fe-f531-49af-bb2f-b6dcaec63c81,742,2024-07-14
ff92a990-c1d5-40a0-bc59-0b4a5170a916,706,2024-07-14
29417c39-ed64-428f-b97c-9683fcc7da30,570,2024-07-14
c6939295-691f-4a17-8d89-79e546a42b3a,755,2024-07-14
bdb63615-e7c3-4f04-979b-4972af2119e7,499,2024-07-14
7faf8255-c766-4ac2-ad75-376b96410e5b,543,2024-07-14
a77794db-35b5-4580-938e-11a0869db303,424,2024-07-14
c9d26807-319d-448c-9680-a76c2b98f3fa,533,2024-07-14
a9db0976-d7c5-4dc7-ba6b-be5e66c7ce97,784,2024-07-14
1738eaf4-4a20-4da9-919a-67a20e6cbcce,591,2024-07-14
6df0f6f0-1f14-449e-b67f-e0cda2f3acad,536,2024-07-14
0d4435ef-1f62-4457-9ebd-565e4f713937,519,2024-07-14
6db7d267-de4e-4551-b5de-1e5bfa160680,395,2024-07-14
07b3fa85-2c4e-424e-928d-ebdaef8d8656,482,2024-07-14
4edc40ec-7acd-46ac-a4d8-542961945381,707,2024-07-14
c6c41456-1d22-479a-9534-5a4b2ce02e25,467,2024-07-14
675e0745-6874-4177-89b3-fcb2969ec065,555,2024-07-14
a974c221-00d0-4172-8be8-d79645ce419c,633,2024-07-14
c0e5bce0-3956-446d-aa6a-a2e592f3808a,649,2024-07-14
98948ac9-543c-4e7b-b493-99193b743d79,512,2024-07-14
8f2ccaa2-a2e1-49c6-83fe-d3caf3c367e4,760,2024-07-14
7a832179-da80-4eac-8a76-71f976cf7df1,611,2024-07-14
8a00310b-26a7-47bd-9ed1-14025f906b16,450,2024-07-14
c6ede869-49ff-4385-a91f-294b6e4a8be3,590,2024-07-14
01e6eb31-db5e-4758-b4ce-24df50b9282b,412,2024-07-14
51f0d247-a648-4a72-aa4f-015f5038cf14,648,2024-07-14
2f83cefe-200f-4735-ad94-a70bfec99d29,627,2024-07-14
fd1bd501-a15f-499e-8c72-0cc2b5f44036,839,2024-07-14
52552f4e-b82d-4aaa-bd5d-b3d7173c4cb1,761,2024-07-14
3ada9da2-abc8-42bd-8119-238a48ecbc26,746,2024-07-14
ec049dec-1912-4231-a32a-dd4c7b70bbe1,509,2024-07-14
b1ab2c2b-f872-40c4-b012-f133a96cb00a,428,2024-07-14
eb8ac500-7704-4cb8-92d6-2cd6055bff79,410,2024-07-14
0b0779c5-c084-40b4-b332-42a9724cb0d0,724,2024-07-14
b655a065-4cab-4132-b27a-995a7bbd2c87,468,2024-07-14
90888659-9d53-48d3-8b57-2c6b11b6ddaf,495,2024-07-14
9822920e-5423-4dc6-a9a3-2836600fc002,551,2024-07-14
1e956cbc-1ba4-4d1d-9007-33155b86ba0b,696,2024-07-14
0f5fb885-b101-4f2c-ac03-a5eeafa00fd9,844,2024-07-14
4813a8f8-226a-42ba-bce0-42d1b39ed07e,640,2024-07-14
6a85b691-3442-4c2c-b818-2f2e2118c4ee,635,2024-07-14
8b2cd53e-7593-42b0-81db-15024fc4c84e,446,2024-07-14
45c778da-deb1-4f68-b010-312508ce46bd,581,2024-07-14
51f0d247-a648-4a72-aa4f-015f5038cf14,698,2024-07-14
31de9d12-13a9-446c-beb7-cd0205542927,396,2024-07-14
c6821027-f04b-4105-9917-edff83944800,580,2024-07-14
99a3d635-81c5-490e-92a3-c92df738f4d3,592,2024-07-14
8993b2db-da08-45db-8475-2f8fe3b3e8b8,484,2024-07-14
b8bace2a-8b44-4fee-8321-32f28d3a0e13,507,2024-07-14
829608dd-b6ae-43b1-ba07-e40e0de15312,833,2024-07-14
a787cc3a-c107-450b-8e8b-64cfab5f9f69,630,2024-07-14
dc7c3382-0b05-4e4b-964a-1cab713003a0,374,2024-07-14
9f3c13f3-3199-4055-9c0d-00b6260dfecc,405,2024-07-14
b2c4d07a-39dc-42da-ae77-2e93456a9bc4,703,2024-07-14
9f065232-cae5-4544-8adb-cbeea74383a0,686,2024-07-14
2eaa382b-5fe2-42dc-b5fc-0c8d283aa21b,438,2024-07-14
5af8d21d-373f-4542-ba97-c58fce75c466,779,2024-07-14
b4501268-38cf-45e4-af4a-0d6d0ad15368,830,2024-07-14
f3c75380-b09c-42f9-ac7d-0b5073186020,340,2024-07-14
9f939ebc-a030-4605-85fb-c274cf2f1b77,832,2024-07-14
10e0d7d4-d6e9-4fda-ab7a-eae20f859d77,674,2024-07-14
e0f7d496-b634-46ba-a77d-014c9ab25932,629,2024-07-14
500afd52-a9c1-4de0-ae63-38097f5f7f07,679,2024-07-14
4152f0ad-2509-4a9c-97fb-a4889ff310d1,542,2024-07-14
4813a8f8-226a-42ba-bce0-42d1b39ed07e,542,2024-07-14
f2948f34-883a-4015-9d38-dffccbdbf31e,813,2024-07-14
e31e9044-ada1-48b8-a4f9-c140c61ce27d,634,2024-07-14
e089d35d-845c-445e-990e-ac0ed1f6a0cd,547,2024-07-14
c873d258-96cf-4ac4-bd45-04db7ddc91ef,463,2024-07-14
cefc4ec4-3708-4313-a0b6-c30fb4a0b76e,737,2024-07-14
b791c40b-b020-4228-8ff0-42662f82e3af,772,2024-07-14
e4606d2a-a666-4db5-b4f1-397d648868d7,612,2024-07-14
3e6ec528-737f-49c0-9be6-164c35b14a61,722,2024-07-14
ff8eb36c-5f47-4f83-8c63-db980d005d7b,589,2024-07-14
3ada9da2-abc8-42bd-8119-238a48ecbc26,528,2024-07-14
7d14671c-2638-40d8-9759-dc05014eeb47,575,2024-07-14
965698c1-0156-4f6a-ac38-ab53667a720f,503,2024-07-14
a23acbb9-eb86-403f-8411-3cc057be3662,572,2024-07-14
b7551968-a857-498d-a94f-b95182f8a2e5,662,2024-07-14
5fd7791a-f28e-4dfe-b520-95be74f962d7,647,2024-07-14
91d95881-457c-4f29-831c-159842222d22,421,2024-07-14
4a19bb97-a3bc-489d-bdfb-4953ae0abff1,317,2024-07-14
fe19d178-7d6b-4525-8ee8-5395c33b4d8c,359,2024-07-14
ffbad344-f0ae-4094-9110-3f01d67beb23,578,2024-07-14
9ea90c4e-a552-4a38-a526-ae0155332d7c,556,2024-07-14
902c5049-6f87-4628-a1ef-d91cec7ecb2f,813,2024-07-14
5734f61e-f720-49b0-8be6-53f81d4d8e29,464,2024-07-14
b7c66656-f05e-4799-8937-87420786309b,725,2024-07-14
61eccf0d-6b5e-477f-9e16-51a99d2dae05,831,2024-07-14
46511fef-c770-48d3-b500-3405d6ea6036,612,2024-07-14
88bd38e1-3ada-4d48-b96e-f3efa8f5a6a3,636,2024-07-14
2d76446a-945e-4ebe-bb20-ac16506cb175,575,2024-07-14
6c10da0b-463d-4d57-b98a-b94cdc7769fc,307,2024-07-14
278619e6-24f3-4920-9b1d-e06c9eeb48af,458,2024-07-14
c6c41456-1d22-479a-9534-5a4b2ce02e25,571,2024-07-14
ffb37cca-a3d3-48f1-9bca-2334213d7694,312,2024-07-14
d9008960-94d8-4ff4-8ee0-3eada6492452,421,2024-07-14
6c230e5a-fede-4648-867d-528a5d7b906d,649,2024-07-14
f4d448b6-5f24-4da6-a39d-bf503887b403,697,2024-07-14
9f939ebc-a030-4605-85fb-c274cf2f1b77,521,2024-07-14
4b6b25bf-f0f4-4604-a0f0-e3a3ac705ed7,696,2024-07-14
7a327451-9146-4269-bd14-e66f557ee908,369,2024-07-14
039454b4-25ac-40d6-be28-ab93338efa04,375,2024-07-14
b8dd4e7c-e242-45ae-9e7f-1ba673e7d076,718,2024-07-14
ee7a7685-7bb7-4404-9c0e-843d22e11e65,368,2024-07-14
45c778da-deb1-4f68-b010-312508ce46bd,571,2024-07-14
e420baf3-f487-4c1c-be26-9d3987790af7,330,2024-07-14
4569bf74-d521-427c-b3c8-4f993ea53545,584,2024-07-14
6131a27e-5d73-43bb-bd40-4de3a5a55b39,469,2024-07-14
623cce65-cc4d-4c57-b1f0-584e98ef271d,499,2024-07-14
195b7dcd-3d9f-4f88-b83f-a5702e39f5a3,503,2024-07-14
3e98dc53-d66e-47b4-8533-40d30cfde2ed,538,2024-07-14
3a022970-36a8-4896-a457-875853caed3a,453,2024-07-14
172a2f7e-c461-4743-9ca2-d35d925fb569,671,2024-07-14
d5869468-b127-4608-864c-871a9798e50c,783,2024-07-14
e420baf3-f487-4c1c-be26-9d3987790af7,821,2024-07-14
03aa5dd7-5502-4c46-96b6-ceefb949e090,305,2024-07-14
dc616d50-e34d-4223-9363-e4909d8c179a,327,2024-07-14
0e2637b8-94a3-46ce-9986-1c9c3c108f38,396,2024-07-14
6515b44c-ea22-4dbe-971d-8d735dceb41c,761,2024-07-14
79f5c636-19b3-456d-b37f-4e84c85dfcd2,474,2024-07-14
752b54b0-6dcb-4545-9b04-5ceacd39f474,457,2024-07-14
dc461bf9-33c3-41a4-9daf-fff228ba2009,734,2024-07-14
d4b518c5-3208-4fa6-ae68-d347535a2e3a,809,2024-07-14
b46f843d-7230-4e05-86a5-48ee91e86754,672,2024-07-14
4edc40ec-7acd-46ac-a4d8-542961945381,608,2024-07-14
1ccf6c93-ec63-4550-a470-bad716cc883b,392,2024-07-14
50d4fb62-a4c0-4de0-ae09-d11228c7d2fc,462,2024-07-14
d18d609e-b281-4660-ab15-01fddd8881da,484,2024-07-14
759a99d5-19f1-488e-b43f-47a46dea198c,583,2024-07-14
a3144cb6-0ef4-4f8a-b66f-68c4d7ec2141,436,2024-07-14
06e850b0-52f5-4697-9293-013e50ae480d,497,2024-07-14
5a6ac23a-877f-44e5-bcf4-0259e54acbea,566,2024-07-14
c9859f28-d4d1-4057-a660-9dde4038f80f,745,2024-07-14
36350439-847e-46f9-8a61-fbe0d8c7587b,842,2024-07-14
40e4337f-540d-4e81-98ee-5645619a557f,720,2024-07-14
0f5fb885-b101-4f2c-ac03-a5eeafa00fd9,850,2024-07-14
472e748f-be6e-4103-89ed-cf36ea98ef6e,656,2024-07-14
61bcdd0a-bc1c-48a1-b645-f08a88a0fb1b,371,2024-07-14
9b35087b-90c4-48e2-8532-191bf7a59ac4,320,2024-07-14
b02fe948-38c0-4036-93e7-2b53f9f66e15,604,2024-07-14
46d9ccfc-7174-4ba1-a787-c71fdbfbd931,751,2024-07-14
cd64fb7f-729e-4489-9c82-c5864530a977,821,2024-07-14
92e98dbc-597e-4201-85f2-06378864c91a,831,2024-07-14
3c362142-3c9c-4573-aa01-790234aff8a3,339,2024-07-14
df3f24f7-ae37-4f94-a2bd-7f07279d388f,797,2024-07-14
1a621072-00ff-4916-a8a2-4ab65fd2ab2c,327,2024-07-14
cc3d818f-6e55-4ee6-aeef-5ab33317c575,702,2024-07-14
7550e177-a088-40d1-8bd3-c9a5ce181f29,437,2024-07-14
72a90610-0aeb-44c1-8618-604283bc7c99,318,2024-07-14
9a4a6d33-4006-4474-b338-a480dfb35019,685,2024-07-14
f2dfe03b-5fc7-4ed2-94f2-c0820597f21c,337,2024-07-14
70e94d3b-8ee3-48a1-b598-ec6d46cbf2cb,564,2024-07-14
99df49c5-8d27-4b9d-8ba3-559a77545b33,819,2024-07-14
36350439-847e-46f9-8a61-fbe0d8c7587b,811,2024-07-14
443c4ca0-114b-439d-8aa2-ff8379a8f0ba,634,2024-07-14
e429c39b-4486-42ba-b5c1-668cda4291a6,363,2024-07-14
6a85b691-3442-4c2c-b818-2f2e2118c4ee,468,2024-07-14
b2af7888-ec15-42a0-aabe-fb37d27047db,505,2024-07-14
da206c07-92a0-42dc-8905-1d53895bc0c0,373,2024-07-14
77414772-729c-46ef-89fb-a6b272721094,556,2024-07-14
4e78ea95-fc81-4b95-85d5-73894660b9d0,768,2024-07-14
4b9494c2-2c14-418d-aaf4-ed71c39fae79,600,2024-07-14
89b7778e-a1fe-4052-bd2f-207dd8c55f10,515,2024-07-14
516a20c1-5794-43fa-aee4-3ab33fba27d1,687,2024-07-14
c059714f-c73e-40db-a29c-ce0991366b63,838,2024-07-14
dffa7a26-04e6-402f-a2c4-793dc929b32b,565,2024-07-14
0160c3fe-87c5-476f-add3-8fa597110bef,520,2024-07-14
56e8f85c-aa8a-4744-9e6c-855b12e6bc7f,475,2024-07-14
4b9494c2-2c14-418d-aaf4-ed71c39fae79,516,2024-07-14
e025bd12-6047-4e94-98d4-169d40badb13,822,2024-07-14
7cc67297-703a-4a85-aaf1-90abec379107,823,2024-07-14
16c7c74e-ec4e-45cc-bbf5-8a92f7690632,402,2024-07-14
8d09ff1e-b66b-484e-94ec-67a0a6664c2a,598,2024-07-14
e88a0298-b63d-4cef-a08f-f233f129e907,351,2024-07-14
c6821027-f04b-4105-9917-edff83944800,328,2024-07-14
06e850b0-52f5-4697-9293-013e50ae480d,454,2024-07-14
9e5f95b5-46ba-43bd-8bd2-2266b2eb817a,362,2024-07-14
a5e60f88-d54d-467e-b097-c38e38300cc8,747,2024-07-14
4b440644-9fbc-48b0-82a4-44496f6d0df4,341,2024-07-14
b8dd4e7c-e242-45ae-9e7f-1ba673e7d076,847,2024-07-14
68472fd2-e795-4cf5-9b07-e8ad21e01979,442,2024-07-14
d51e2169-406d-4e65-a7fc-0b898bee13ea,559,2024-07-14
0bebca3a-7a1a-4f14-ae21-5e6982116a8c,430,2024-07-14
c6821027-f04b-4105-9917-edff83944800,796,2024-07-14
20e5f6ed-70eb-4e7c-8fc5-a89704d34cce,712,2024-07-14
72402917-63c0-40bf-8b31-73cece793419,727,2024-07-14
b5ea4538-8b12-40c3-b4df-c22e1b982952,577,2024-07-14
bcb0ca25-d536-4fb1-9a23-a3c8244749e5,383,2024-07-14
b3e341e3-17ea-4c66-9543-14913002e3e5,639,2024-07-14
abf42cd5-53be-4af4-9601-0545aea43f74,677,2024-07-14
516a20c1-5794-43fa-aee4-3ab33fba27d1,693,2024-07-14
1635324a-f2b2-4678-9c6c-0eb6d9f76860,624,2024-07-14
edc7d986-eb51-487b-a2e0-6187722e54de,549,2024-07-14
278619e6-24f3-4920-9b1d-e06c9eeb48af,518,2024-07-14
4b6b25bf-f0f4-4604-a0f0-e3a3ac705ed7,787,2024-07-14
88fd4e8d-9a74-448a-a3f7-1840f7438f40,394,2024-07-14
063a8742-ff9d-474c-a9d9-6acdf71ea9c3,508,2024-07-14
24e14ce7-67b2-4757-8c7d-6720bbad30bf,564,2024-07-14
548d90cf-b151-4d1a-9c74-0b6d6a86d651,538,2024-07-14
e1a30f9f-478c-4637-a17b-65e8807c805c,582,2024-07-14
456cbd64-7e46-4a88-99ec-c9dde7e29d28,686,2024-07-14
c5e649f9-be70-42dc-87bb-dfa86805a659,365,2024-07-14
b5bc7370-bbdc-4985-b66b-81f6a86a6021,674,2024-07-14
2166d6bd-1710-4214-adbf-4d920ee1ebf8,766,2024-07-14
f4d448b6-5f24-4da6-a39d-bf503887b403,593,2024-07-14
e9bf1267-8e9b-4209-9697-fc3bd6a99d19,380,2024-07-14
992177b6-7fb4-4143-9bec-bf2b52383bc9,788,2024-07-14
5bbd7a04-5953-4585-9907-f0ae8673455b,699,2024-07-14
5fb64360-3eb5-4753-8e5f-83d4498eca6e,350,2024-07-14
8690dd3b-12b8-49fb-8711-2c4ecdfad2d0,431,2024-07-14
b69eed69-00cf-4a5d-ac6d-9fd85b09fc4b,766,2024-07-14
8da076ff-1684-4e26-bd02-be618040153d,470,2024-07-14
190112fe-f531-49af-bb2f-b6dcaec63c81,339,2024-07-14
3e98dc53-d66e-47b4-8533-40d30cfde2ed,476,2024-07-14
8e64689c-4a2f-49ff-83d9-2665637b7c15,447,2024-07-14
93223865-0fed-494a-a603-ac5bd44e688e,494,2024-07-14
edf18d16-dd97-4ac7-9e6a-f9845088a911,569,2024-07-14
e828aa6f-59a9-4c7d-92f3-79e9ce367bf5,658,2024-07-14
a583e439-0c76-42b0-8508-a206119763b3,782,2024-07-14
006e2b82-c4f5-4a22-9d45-8980c65e37d4,682,2024-07-14
f99f5707-81f2-46c8-98ab-ee23040eecad,537,2024-07-14
536fd0e5-0543-4b8e-bd8b-8c5ddf2fdd28,315,2024-07-14
9a083376-569b-4c47-9b1b-13aab8edeb12,699,2024-07-14
036abad1-8bb9-42a6-9737-8146706bbdb5,542,2024-07-14
1a3dc1ad-6a3c-448f-a99f-f6c1cbd3d3bc,483,2024-07-14
b3e341e3-17ea-4c66-9543-14913002e3e5,418,2024-07-14
e4db5d1f-9212-4d24-81c8-2494d13309fe,325,2024-07-14
503f40ac-24af-41c6-af1b-991e16ca9962,401,2024-07-14
e69bbf3f-b986-4886-9345-7248c7da816e,803,2024-07-14
7faf8255-c766-4ac2-ad75-376b96410e5b,559,2024-07-14
03cd9d6e-8305-4c25-95b2-4ba6f8ef0363,391,2024-07-14
7bd6efb3-2871-4a4e-9fd6-895d70e98da2,676,2024-07-14
536fd0e5-0543-4b8e-bd8b-8c5ddf2fdd28,473,2024-07-14
0be83624-14de-43eb-8571-5df58cf66d1c,504,2024-07-14
0ba598fb-61cf-45c8-8191-cef41216a754,469,2024-07-14
6322aac0-7f69-4765-91b6-858182000383,474,2024-07-14
f07b28ab-2f66-4dbd-b818-4208d870f71f,543,2024-07-14
cd64fb7f-729e-4489-9c82-c5864530a977,763,2024-07-14
5b09e5a3-7c5e-428f-8cd8-2e1fc83791c8,539,2024-07-14
c6939295-691f-4a17-8d89-79e546a42b3a,538,2024-07-14
903d080b-92ca-4f93-91f1-fef0ab3ffb02,385,2024-07-14
5e667136-a3d0-4dc4-ab66-fbc6566f83b1,408,2024-07-14
edf18d16-dd97-4ac7-9e6a-f9845088a911,736,2024-07-14
4569bf74-d521-427c-b3c8-4f993ea53545,776,2024-07-14
f43e9fd0-7e23-4416-8ff7-15932524f737,369,2024-07-14
0f9edf0a-3993-44f9-b32d-58e609dc5667,489,2024-07-14
087e82ec-037c-4454-801f-bd41038395ab,558,2024-07-14
0d441f69-3424-4ab7-b6d7-336818c4cb58,686,2024-07-14
1e808abe-6fe6-45ab-8a49-11a9a099aad6,848,2024-07-14
744dcac8-93a0-4ab3-9b2f-7e0555b8391b,543,2024-07-14
edf18d16-dd97-4ac7-9e6a-f9845088a911,647,2024-07-14
9c93b1d6-da07-4237-b190-2568bae8b978,360,2024-07-14
b0a9a2cf-edfd-46d7-acb2-b35554d057a9,780,2024-07-14
b99e6039-10a9-4326-8f79-3f76caa84821,342,2024-07-14
d6770d36-8dd1-4cb1-8fb7-ccc94baf6b3f,490,2024-07-14
affc47a7-9fa0-44de-9e70-c02e7e1bca47,685,2024-07-14
24e14ce7-67b2-4757-8c7d-6720bbad30bf,318,2024-07-14
a98650e0-5d9c-4a60-9ce3-c3f40a432a3f,524,2024-07-14
8deef953-fe76-4348-b76e-4d4ecc4864c3,439,2024-07-14
7284c661-14bf-4805-80c9-d1c91268844d,481,2024-07-14
575ee5db-9f5e-4bfd-afe2-894822673909,533,2024-07-14
19a3fd64-58dc-4036-b9b7-080053146df7,431,2024-07-14
f99f5707-81f2-46c8-98ab-ee23040eecad,455,2024-07-14
c420f638-fab4-4796-86b9-ccd05a404511,478,2024-07-14
456cbd64-7e46-4a88-99ec-c9dde7e29d28,718,2024-07-14
d918f27d-f037-444f-bba4-4082a74fbc45,681,2024-07-14
443174da-eb4c-4dc9-b540-881c482294f3,656,2024-07-14
17624731-3e06-4495-8455-ae49eacc81c7,655,2024-07-14
7414401d-e14f-4a1d-995d-d2f0583ae273,648,2024-07-14
e31e9044-ada1-48b8-a4f9-c140c61ce27d,823,2024-07-14
1b8e515c-c421-4fe2-a292-42c3008a0c89,669,2024-07-14
5e38f299-2e14-47c9-9c50-817b707292f0,475,2024-07-14
903d080b-92ca-4f93-91f1-fef0ab3ffb02,314,2024-07-14
9d4bcfaa-ca50-4c30-94af-fe0b1e851058,630,2024-07-14
fdb52495-8373-41ae-a3a6-d3943461e229,443,2024-07-14
f71da23e-998e-450b-aa20-a871f0fa67de,319,2024-07-14
0a9215a1-eaf5-448e-8eda-4d80ac3203a3,737,2024-07-14
f4df17ab-7b5a-4e3e-8be1-5f9553f6abf2,353,2024-07-14
2823df21-5e47-4e7e-be53-1ef7da0f4387,559,2024-07-14
0931e67f-712d-4319-b788-e78f62c7bd69,515,2024-07-14
ff8eb36c-5f47-4f83-8c63-db980d005d7b,825,2024-07-14
c0bf3d0c-a328-4a38-8096-2875132e8091,665,2024-07-14
bb6ecaa2-597d-4dc3-8780-5d906b8110c3,355,2024-07-14
e4606d2a-a666-4db5-b4f1-397d648868d7,786,2024-07-14
04433708-4b6a-4c25-9ffc-f5fbae9c143b,538,2024-07-14
c40c7ba0-d1d6-4701-a0f2-3514b40888e9,321,2024-07-14
12819a4e-c43e-4ae8-8ace-7fe668d06f72,563,2024-07-14
2802defc-d5db-4226-b130-10d75c970cd6,391,2024-07-14
ab39dff9-d6c0-40ff-8333-4d4f45e1278f,335,2024-07-14
c40c7ba0-d1d6-4701-a0f2-3514b40888e9,604,2024-07-14
e64230ad-b136-4821-a27b-d9a6d9e5b2ee,708,2024-07-14
f032e166-1b2d-4905-ae90-fe875d4504c0,695,2024-07-14
f3b1bc17-81f1-44dc-9663-e82e63a3a736,740,2024-07-14
6509e1a6-f1ae-49c4-98a2-3ddcd8cc7f7d,652,2024-07-14
da206c07-92a0-42dc-8905-1d53895bc0c0,312,2024-07-14
14790bab-f463-4e1e-8f8d-c9a173de807e,689,2024-07-14
d10823d3-3fa5-42ba-9bfd-cf105b23d003,339,2024-07-14
8690dd3b-12b8-49fb-8711-2c4ecdfad2d0,774,2024-07-14
347a0184-3c76-476b-80e7-b647dd600250,467,2024-07-14
ea6d9b15-6192-426f-980b-d90cbba95d02,599,2024-07-14
65bd5265-17d3-4186-a4e1-a8cb596dbc36,395,2024-07-14
1298544a-d3ed-4fa5-a281-ebfe04c29c05,330,2024-07-14
4b426c85-2522-45c9-b271-e77c80a2d890,606,2024-07-14
e88a0298-b63d-4cef-a08f-f233f129e907,602,2024-07-14
40e4337f-540d-4e81-98ee-5645619a557f,584,2024-07-14
a90cb7a7-bb78-4694-86ba-9bbf389081d8,622,2024-07-14
829608dd-b6ae-43b1-ba07-e40e0de15312,820,2024-07-14
cc962d7a-8dfe-4101-b56c-22d1ee54b041,758,2024-07-14
