interaction_id,customer_id,employee_id,date,issue_type,resolution_status
2734d3d8-3edf-48ee-a8cc-98f3fcfc7f24,28c2df03-16dc-4065-b331-24206c9fd65d,ad4394e0-369e-411d-a63b-52c60fc8418e,2024-07-14,account issue,resolved
a8939745-a417-49f1-bd14-e442814a3bc8,90f50a6c-25c5-4615-84b1-b70227b6c4b1,b3997ad3-a68e-4de0-9b8e-ebc11cf9ec8f,2024-07-14,other,escalated
2a5e4506-3a94-4eae-a34d-d60e20bcd57c,5bbd557b-8c8a-4f56-8f8b-dfac981ab572,64bd33b3-f137-4a19-a00a-3bd77c9aeb2b,2024-07-14,card issue,resolved
aeab0c54-ead9-47c0-b011-18afda417f46,d0030030-3abd-4755-8754-1f5f1a44b16d,f18f07ee-f140-4708-825e-b4768420d3ac,2024-07-14,account issue,escalated
77d757ac-1459-4c0c-be5d-56a23da9a5b9,d9699592-930e-4918-b75c-5300fda777f0,573704b4-abe5-46de-aa60-182e8fddaa42,2024-07-14,loan inquiry,pending
6e7ef4c9-9ad9-4c3c-af8b-3a5a9ef443b1,61fc03e6-184e-4818-acdc-e42b85e51652,2a2b4d01-9f54-42b3-8b9c-14e8a9e56286,2024-07-14,transaction dispute,escalated
cd48507a-c082-4df3-a895-8e6fbf885787,8ae2f679-8879-4add-9c49-0dd3a4042160,b52ec1e6-187c-4027-bc38-e44eff1db179,2024-07-14,loan inquiry,resolved
533d138d-174a-4a11-b556-bef3c70008d2,edcbfbc6-c4e4-4c61-b872-9230a15f43fa,d02d9fd1-0284-4913-9fa2-58b90ca295ba,2024-07-14,transaction dispute,pending
c9b7fa97-e09a-49c5-ab06-8983e9422483,75efde82-8274-472f-8ecd-d72932aca4fe,7839c1f8-cfd2-407d-888c-c0bcf7e9f886,2024-07-14,other,escalated
c13f3f97-a284-4a4b-91df-43bb477bf044,ff92a990-c1d5-40a0-bc59-0b4a5170a916,a8f35944-944a-4fa6-b4d3-fc347c44cadf,2024-07-14,card issue,escalated
9eb69382-3055-4868-9712-f64be1504e05,717a8ffb-6b40-438e-af92-55369a21455b,e9e5f14e-2901-4911-9212-e46f3425bb76,2024-07-14,account issue,resolved
3105912e-cd28-45a9-95c1-ba45ba222d9c,7c0bed31-ce56-4e37-87e7-1540bcd2b942,ff0af0b7-f94a-44ac-b44f-4e65ecae65e8,2024-07-14,account issue,resolved
f7ca8888-e739-414d-8ca5-f74424b17705,c3621040-cebe-4ca5-b20c-501832421dd2,b3997ad3-a68e-4de0-9b8e-ebc11cf9ec8f,2024-07-14,transaction dispute,escalated
a68ea642-3602-4586-be41-bbb29f451063,006e2b82-c4f5-4a22-9d45-8980c65e37d4,72008216-e406-422d-aa2d-d19cd046e01d,2024-07-14,card issue,pending
754d7492-4145-4f90-9632-5ac357d69dde,04a6104b-e03b-4574-9d20-ab0f161a1a0d,fc04cfcf-d960-4855-b91a-0fd69d4fbf82,2024-07-14,transaction dispute,escalated
4c5a6d0f-aabb-4542-8f9c-da45265163ed,b28fccfd-d8a3-4a7c-af5c-3975bed43f09,b066ed9d-2e51-450a-8550-c299e34b7a08,2024-07-14,card issue,pending
e6d9f8e6-483b-49b4-9913-912f2d825f26,7c31d3f5-ca0e-43ae-ac20-57ae8dd1ca50,1c6cae51-926c-4bc8-bb15-2e125839f9e4,2024-07-14,other,resolved
429cf2c7-6be3-4a88-a952-b169b14e6dd7,e7de63b4-3801-468d-9373-9f7fc3abed49,8219961e-2259-4db8-8245-134686d6b4ac,2024-07-14,transaction dispute,escalated
1b6cf988-b0e4-4c9b-8f6b-336000d73d0c,b4d27089-de2e-47dd-b1e6-ab7b5a2c3de0,94309ea3-34ec-4d4c-9ffe-079d54f21a7c,2024-07-14,transaction dispute,resolved
776e165b-192e-4ea2-bb38-db25e81e3b69,18c37a9f-a078-4d91-b485-fd28ac1b36b4,c3bd4b07-c038-455e-917a-44bfdd336949,2024-07-14,loan inquiry,pending
da6db7f8-04ff-4726-b722-e224cc7b8884,90888659-9d53-48d3-8b57-2c6b11b6ddaf,02207669-5c0f-435c-aad8-85553c63935a,2024-07-14,other,pending
017a5233-91c2-487b-a263-9d8f17d1fb9f,b3bd16dc-811d-43b6-b8a5-0e6d7c268416,749dd0a0-56d6-4bc0-8573-5b402f60f0b8,2024-07-14,transaction dispute,escalated
3a97b799-0d05-45e2-b5db-f425966510ef,63ea1d3d-59e4-46e3-adf8-f2f453583b4c,8d49e6c9-1f6f-4201-ad6b-ca1638a2181c,2024-07-14,account issue,pending
77c36c90-ca15-44ab-871f-224f1003fdf8,6088b719-ff04-494a-bb6b-313022ec2019,a1b7546d-32c7-40dc-85e4-626be96dda67,2024-07-14,card issue,resolved
2b4533ea-7308-44b2-a38a-cbdf474d9b5b,57f97df4-9dea-4ee4-bbf8-10b956b1f0d9,31995f33-5256-4939-ab6a-5356457c9945,2024-07-14,transaction dispute,escalated
e091c80b-8980-42fd-9257-989e721438ce,e639314c-8831-46ac-9ac7-556efc8d88c3,9d76d70b-09ea-4b49-864a-34194c87506c,2024-07-14,loan inquiry,escalated
b472fa98-caf3-424e-94c5-fdfb8bf75036,c9859f28-d4d1-4057-a660-9dde4038f80f,194eb5cb-9b9a-4395-b3bb-79c6e21bb900,2024-07-14,other,escalated
156a22a3-58be-4052-a565-f9a2a07ebad8,6a85b691-3442-4c2c-b818-2f2e2118c4ee,0355d532-12c5-412f-a422-8f83af7b082c,2024-07-14,transaction dispute,resolved
a7649ca7-08d0-4f3a-b513-8b7542f9ce8e,6c10da0b-463d-4d57-b98a-b94cdc7769fc,0ad733ec-b496-496c-9385-84d0aff9053c,2024-07-14,transaction dispute,pending
4139ecfe-2390-426e-94f5-230411d41d72,57f97df4-9dea-4ee4-bbf8-10b956b1f0d9,8273b8fe-14e2-4a38-80e5-578e03b3acc1,2024-07-14,transaction dispute,pending
2ee98f2a-96e8-490c-bd95-bfc03687f15d,4b28f801-e36c-4591-9495-1b9b326b2525,bf50ea9c-5ffc-4cff-a607-a7dd358f8423,2024-07-14,account issue,pending
450c3b83-669a-45d1-9b76-abf881c54f7f,29f07c65-9250-4f35-be2b-912a0e9d1331,1e9e4c41-44d6-4c25-bd99-d22d80fa1890,2024-07-14,loan inquiry,resolved
a19a0e1f-6835-416d-b1bb-9bcbd277c73f,1d726359-5b19-4d9a-a203-1d516bdca806,abc315ec-f6dd-4f93-9351-6a501a0db59f,2024-07-14,card issue,resolved
5c378b35-d700-4da3-83c8-581353a7755c,c67e1c01-0924-49a4-bb6e-f28cb38d2390,1b67c5d2-5f1a-4594-b42a-ea1c854fcd33,2024-07-14,account issue,resolved
ba79dd78-daa1-4b7b-beb9-2b014731490e,4c0668d0-182f-4f3c-ad59-c563ac2513db,c65ca5bb-136e-436e-bfa3-d0b0bfd731c6,2024-07-14,transaction dispute,escalated
2591d058-d5f1-41eb-b3d1-e45ddae93247,49c8eb51-6c76-46e3-bd50-1437e3028c8a,57c6dbf9-35d8-4a51-a587-d6513bca786a,2024-07-14,card issue,resolved
9dd98060-df49-4862-b529-1d7e39fcd211,3ada9da2-abc8-42bd-8119-238a48ecbc26,1de1cee8-ae29-49b5-b9cc-b6edeea304e4,2024-07-14,account issue,escalated
2f611c19-4b61-4b3e-8d81-0f749beb1618,a3d01164-bb40-4bef-954a-f1af40742ba8,e60a2751-efe9-4432-b6dd-73d151ccb728,2024-07-14,other,resolved
3846cf28-4f78-451c-a194-4a9c0d8bbe8b,8babc6c8-21d5-4c66-b1c3-984c16f21e71,6c1048e7-934f-469a-87b9-cd2dd91c70de,2024-07-14,other,escalated
2ea37ec7-457b-4d46-96fd-1e1e6f9b8ffa,e69bbf3f-b986-4886-9345-7248c7da816e,f6f54b0f-e0c8-445d-acb7-37334b1a9115,2024-07-14,account issue,pending
58d0ecbb-e706-428d-b80a-f93c608a95bf,3cd23acb-e3be-47fe-b293-d0c73909abb9,65b83a87-ae14-4030-9500-b68f2080b0c5,2024-07-14,card issue,pending
cf9361be-7eaa-4300-9e78-855d22d1ea60,a8b8b300-b335-4795-8e03-93c21d29f406,f409e1fc-b0d8-497b-b96e-c0f5b3683b96,2024-07-14,other,pending
e9d20b47-fd40-4abd-8c79-bb47c90a9278,3d89cc45-1aac-4f06-a4ae-2be7c0484063,73279374-506c-4170-8c24-77229586cf02,2024-07-14,card issue,escalated
d3181244-2453-451a-840c-dcaadf4c54a5,a80e065f-48d1-4dfe-b2c3-708136661045,b066ed9d-2e51-450a-8550-c299e34b7a08,2024-07-14,loan inquiry,pending
987adba5-6192-4a33-b5f2-412416749e88,52552f4e-b82d-4aaa-bd5d-b3d7173c4cb1,219419a7-4a06-471d-9847-b9bdec89123a,2024-07-14,card issue,escalated
097b4605-4b5e-4a58-8922-681ad0e28566,e55e65bd-7e8b-4d60-9dec-f1918bd4192d,24708da6-2783-4545-939a-2f7ff230b70d,2024-07-14,account issue,pending
65b469a0-e952-4118-be2c-fc2b5a50ca17,52552f4e-b82d-4aaa-bd5d-b3d7173c4cb1,8a7744e9-26c6-4609-a34b-0b33efa8232b,2024-07-14,other,escalated
c1295667-9205-4771-9a52-ea5796fed87f,60b8fb79-f1b8-4454-9151-147176473f4a,e6564559-832f-468d-afd0-bdd4b8e4c5eb,2024-07-14,card issue,escalated
2970ccf1-2bd4-4e53-b418-e3dd5ea8d057,dea5cb60-19c4-4243-b8a1-d3c2b34bd3cf,daad6747-933d-4861-81a7-2655b80816ad,2024-07-14,card issue,resolved
b963b41c-416f-4d05-b798-3c767af568aa,c6c41456-1d22-479a-9534-5a4b2ce02e25,111b44f5-7346-4084-83a4-19fbd8b4a71c,2024-07-14,loan inquiry,escalated
8b4de945-067c-47f1-84a6-8592ed400dcc,4d1a6aed-53bd-495e-aea9-aebea93dc893,b7ea3fc6-bf02-43c9-bd6c-f049793dae39,2024-07-14,transaction dispute,resolved
df972f0e-33ca-4b76-8aa2-a36f27765cfd,036abad1-8bb9-42a6-9737-8146706bbdb5,6d5ddc7e-265e-4302-83a4-ea2e3721bc1b,2024-07-14,transaction dispute,resolved
ce198d2d-a197-45f3-8165-90bf6484ffef,15047c53-db4c-435f-81d4-9fb11f841636,50d1cca7-39a2-4d04-a294-e094956fe4d5,2024-07-14,other,pending
5fab8230-bfc1-49ae-bbb9-08b4b5ed5a5a,c3792109-c072-4aaf-a2d0-bf82d2327904,cfbbb8d8-7b19-4212-b3b5-d39aa8445ebf,2024-07-14,loan inquiry,escalated
2749b26d-e495-4de7-99d7-2efb7262743e,9e423931-7d41-4f2e-82a4-1d92f423b57e,94309ea3-34ec-4d4c-9ffe-079d54f21a7c,2024-07-14,loan inquiry,pending
d80a2acd-b09a-4746-a8b5-e98dee8d62b5,e025bd12-6047-4e94-98d4-169d40badb13,9d76d70b-09ea-4b49-864a-34194c87506c,2024-07-14,transaction dispute,escalated
2c674545-ede9-4df4-881c-b07d23315e5e,a1ad88f0-2be3-4182-8b95-dd09befcc574,ab94c7ad-9f5c-4465-a2c6-fa2ff9810c8d,2024-07-14,card issue,escalated
1e362b34-17e3-4f0c-b544-6644bb644cac,8deef953-fe76-4348-b76e-4d4ecc4864c3,6a638d80-fa3f-41d7-a201-b4a532375419,2024-07-14,card issue,escalated
1fc1c927-b1e8-4c94-bcc8-62735f15a1ab,00d5af82-865c-4913-ab39-3be94e188fe9,7839c1f8-cfd2-407d-888c-c0bcf7e9f886,2024-07-14,card issue,escalated
f96f7f3a-933b-40c7-8b9f-c15bc1adffc6,8c1e724f-571c-4c4a-b6e9-e53753e28938,1ed78337-a633-425c-ac71-4b2a4792b9e9,2024-07-14,other,pending
58be4be7-0683-4933-8b82-65cc0dd09679,e5c040f7-9706-4c65-aafe-b2a354500120,6bb555ea-7deb-4203-82e0-80ab3beba1c1,2024-07-14,card issue,escalated
a0e2bd6c-d13a-4eaa-b985-90d43a8d26fe,be004641-105e-4bfc-b8e4-9f0537fe7ee2,c65ca5bb-136e-436e-bfa3-d0b0bfd731c6,2024-07-14,card issue,escalated
afda5315-3ce0-4f65-9168-df211a416a08,4cf80b0f-72ed-4809-9017-ec06ec54c7c2,194eb5cb-9b9a-4395-b3bb-79c6e21bb900,2024-07-14,account issue,resolved
95a35f4f-b1bb-4c55-bde1-6d6f755456bd,885498dc-af5a-48f5-9a41-7b87e722079c,8273b8fe-14e2-4a38-80e5-578e03b3acc1,2024-07-14,account issue,pending
eeb21184-3683-47c0-b6c3-481e44f484ec,a77794db-35b5-4580-938e-11a0869db303,2a0e8c49-4da2-4f6f-b359-7d6153e3c3ef,2024-07-14,loan inquiry,pending
2dc3ae52-c01a-4054-9153-f5bb33293813,4b440644-9fbc-48b0-82a4-44496f6d0df4,783a0c99-3a52-45b3-b5a3-3b39ef261a98,2024-07-14,account issue,pending
1723f903-317f-414c-b039-5a5acac414c2,01b74b7a-bc7f-4080-b1b1-b1e1c68dcf39,8386ff33-dc9f-4de4-91c8-2d1a98d5d3c1,2024-07-14,account issue,pending
d1e13c8f-ba20-4f9b-b80d-0b6c85c95da7,d6770d36-8dd1-4cb1-8fb7-ccc94baf6b3f,b6c275e1-e5f1-4095-9e91-7906c35fd480,2024-07-14,other,resolved
7a2214ce-d707-441c-bca3-4c7f8036ace8,8e33e90d-9a88-4a6d-ac22-68d838d86301,0412ff05-0736-457f-a5b4-0e073027f74e,2024-07-14,loan inquiry,pending
c2e1b266-dcaa-4a7b-96a1-de192384dbfa,8a00310b-26a7-47bd-9ed1-14025f906b16,dd2e5dc9-b39c-4371-b794-3fcb51965456,2024-07-14,other,escalated
7dbb8abb-d10c-4e26-b266-23a491b66614,af7f90b3-4746-4578-8442-d3875f674c52,70c398c4-1746-40c1-bbfe-2553c4073b5c,2024-07-14,other,escalated
aabd8f7a-3aa9-4508-b5ec-71070d3faa10,f23cab30-05d7-4b00-b2db-7c630721b0eb,7a39dd5b-ae39-4c3b-aba2-268f3fc1d8de,2024-07-14,transaction dispute,escalated
91cd23a7-4e4a-447a-b726-7109212b29f3,c7e6d971-b7a4-469a-bbb4-aa5c10d6521c,b52ec1e6-187c-4027-bc38-e44eff1db179,2024-07-14,card issue,escalated
126834d5-bdc0-4b8e-9662-fcadbdc33a7b,8117a443-12f5-4540-b1a2-50d04a5d7793,b528b759-07f9-46c5-957f-551d56396f01,2024-07-14,card issue,pending
710f166a-503f-45c4-82e3-54f30de149bb,84430ea5-2549-45d9-a4e4-c75a81680695,c12b88b7-38f3-4f6a-bc3f-0673ca5b88ba,2024-07-14,card issue,resolved
507764f0-52e6-4154-9534-977256623783,e0f7d496-b634-46ba-a77d-014c9ab25932,39759e80-f273-4ed0-ae8d-cfea6f07c373,2024-07-14,loan inquiry,escalated
bedd3391-fbbd-44dc-9591-a01a595ccc54,c24a7b90-f493-4581-bfc7-2e84d419163f,29a2c2c0-1052-4a52-bf53-33b319fd5231,2024-07-14,loan inquiry,escalated
ff58ef63-6e7b-4c4a-9713-02a90e5c9d76,45230999-b051-4dde-a038-ada6d07a18c1,0be2c724-e927-44a9-9bf4-c59490ea6b81,2024-07-14,transaction dispute,pending
79d3209c-53e0-4d60-9d01-776ed8d927bd,f8ac64de-5d30-49f7-9dd3-0c1cd5a6f24d,f409e1fc-b0d8-497b-b96e-c0f5b3683b96,2024-07-14,card issue,escalated
f12cdc89-f974-485d-87f7-f6581b48ee76,b2af7888-ec15-42a0-aabe-fb37d27047db,573704b4-abe5-46de-aa60-182e8fddaa42,2024-07-14,other,pending
167ae93c-992a-419f-bb29-4c6042d0c6fc,77414772-729c-46ef-89fb-a6b272721094,699d3102-5aa4-4a3b-935a-60e65ad93aa3,2024-07-14,transaction dispute,pending
6a0bae55-9207-4054-a839-32e82c72c3c6,6c10da0b-463d-4d57-b98a-b94cdc7769fc,75f60f27-5d58-433f-9d33-b28097554237,2024-07-14,card issue,escalated
c786262d-dd78-4892-a89f-db3ab8ab2878,928f7d3c-4a27-4313-a74b-a7aa02e45bdb,62c513c6-ae99-425b-937a-75991736f839,2024-07-14,loan inquiry,resolved
2c2997df-f4ac-488e-9b67-28e264e22c1b,ea6d9b15-6192-426f-980b-d90cbba95d02,2a0e8c49-4da2-4f6f-b359-7d6153e3c3ef,2024-07-14,card issue,resolved
d2e8fe65-a7c8-4e41-ba99-a28474ba6ffd,f2aa178b-26ee-4b04-b47b-7c1b8a9323f3,7c0bf0e6-ecb9-4fc2-be36-08caf8dcbdb2,2024-07-14,loan inquiry,escalated
0c8d82f3-1630-4b50-b3de-318ced5a22be,0d139602-10c6-4e84-b1e0-da1402f3e4e8,c3272bbf-90cf-42df-81f1-f9b65df6486b,2024-07-14,account issue,resolved
972f01d2-b557-4137-83b0-42018be2c0b8,1a44cdfc-0733-41ba-b969-f32239e27681,307a2ecc-ee00-421c-9eda-14b6a14bd87a,2024-07-14,card issue,escalated
b92ae91a-902e-444d-90cb-d30bec4dd457,842002ee-c4ca-4885-82c1-5eaa2b282ed2,dc13cad3-6c55-41d8-aa3e-8b95d3022de1,2024-07-14,other,escalated
3f16cf41-e950-4548-89d1-058501cd41c9,50d4fb62-a4c0-4de0-ae09-d11228c7d2fc,2cc5b7b6-951e-4de3-96b5-e1768c21acfe,2024-07-14,account issue,resolved
dcb25246-996e-4c44-8995-7b0b044c941b,25f362df-7001-40b0-84f3-79e45235b707,50d1cca7-39a2-4d04-a294-e094956fe4d5,2024-07-14,card issue,pending
bbe10443-4dc7-438b-94d4-05cbcb93fc94,087e82ec-037c-4454-801f-bd41038395ab,b9ca1f56-f206-40fe-9c07-4ca7159bf1d4,2024-07-14,card issue,resolved
2f11a025-dac6-4862-8321-087b3c32fb23,d7810161-a579-4291-a30c-cbc5170b395d,ec02227b-7d31-4a01-802c-7f7e3be156f5,2024-07-14,other,resolved
680909f4-2bcf-480c-8386-c66e5225db98,2823df21-5e47-4e7e-be53-1ef7da0f4387,b08f46a1-c234-4583-9904-10a2550952a8,2024-07-14,transaction dispute,escalated
971937d0-39f3-4bfc-9a9e-e873fe03ffe2,8e8ccd1e-0f34-458a-b2c5-d624e499219d,76e0b870-5c44-4fcf-8a94-992dbb19d2f0,2024-07-14,loan inquiry,resolved
ec70a827-5000-47ec-a932-d47c0d7da369,937db7cc-f114-4d48-9aee-0f0e0db295c2,800ccaab-f756-495d-a072-f4064cc1e3f6,2024-07-14,account issue,resolved
6d1b682c-80c1-4b3e-999b-95a61e22ea68,e9bf1267-8e9b-4209-9697-fc3bd6a99d19,6795aeea-a765-4a2f-b9d6-972fc52bc6d4,2024-07-14,other,pending
a92938be-c9ff-4114-a929-6cfceb237066,c420f638-fab4-4796-86b9-ccd05a404511,2e082490-2bc0-435e-9bae-adebae997d1e,2024-07-14,other,pending
84f3b33d-d022-4b08-b0bb-7fc4c39b21c8,8ffbb7d6-93fb-4be3-9ec7-23985d6757ba,49d814bb-23c3-4626-a5b2-4eb3a2270c5d,2024-07-14,card issue,resolved
d07d79f1-7d7e-4f3e-b3f9-58cbed275e58,5bbd7a04-5953-4585-9907-f0ae8673455b,9f7585cc-ee3b-42c3-8ff0-c3445a9e606a,2024-07-14,account issue,resolved
a64cb4c6-b344-43ca-8c6b-17d7f6213a0d,7faf8255-c766-4ac2-ad75-376b96410e5b,d2c540bf-e990-42a8-b952-34f211881cc5,2024-07-14,account issue,pending
54c235ab-44fc-4632-aa29-dc128e46c5e7,bbc9549b-d017-40c6-8851-36e07913df76,daad6747-933d-4861-81a7-2655b80816ad,2024-07-14,card issue,pending
18087ed1-afbd-42db-bae8-936225de8bec,a119d344-8cc6-45d9-bb2a-8f81828f8b51,377e0699-99f9-4233-8b3b-ced24b0b4994,2024-07-14,card issue,resolved
4cee3cc4-3e52-4842-96b8-7e7836156725,c119aa1f-0a9c-4df0-8bff-7c042151583f,cbd66d28-ee19-474d-9936-19148773a44d,2024-07-14,account issue,resolved
c8424bb0-4289-4e15-898f-2c1bdf7d25ba,be0742da-9d21-4c57-b39c-d25b742f6b36,4203f25b-d2f4-43e6-8da3-96da3b69342c,2024-07-14,other,escalated
0c0e4911-549e-41a6-82bc-6a50214f2767,ee7a7685-7bb7-4404-9c0e-843d22e11e65,601dff2a-21ff-4663-b5fb-72579e52949e,2024-07-14,transaction dispute,pending
cce3bc2a-a41a-4701-8529-f06a38e43715,a48a8f2d-900f-42f1-8fe0-9206c55b070c,3c02abcb-bb49-43c8-8781-734f6fe98ddb,2024-07-14,transaction dispute,resolved
44be20ad-dfbb-4e20-b68a-61f3361284fd,be004641-105e-4bfc-b8e4-9f0537fe7ee2,111b44f5-7346-4084-83a4-19fbd8b4a71c,2024-07-14,card issue,resolved
0038c437-1cde-4edf-9681-43caf9c97f56,84fac005-335e-487f-8456-0cef82f4de18,c1b7c2e4-2811-4c70-bfca-69ad07dad96c,2024-07-14,card issue,escalated
eb09988e-b749-4c22-bf7e-35b7d1d007da,ed08aa00-5c16-487a-b1d2-9f532bceef50,b7888ef5-1879-4d55-a33e-369a380999eb,2024-07-14,account issue,resolved
bf6cded6-fd7d-48a1-9710-aeea290a67ab,dc7c3382-0b05-4e4b-964a-1cab713003a0,dd2e5dc9-b39c-4371-b794-3fcb51965456,2024-07-14,transaction dispute,escalated
b1d2de88-60ee-4332-ad72-93d4490c8426,c89eae63-a4f7-4b6b-b8a0-aab0930ddc58,20b51c8e-0fd3-498c-a662-32c4687be290,2024-07-14,other,escalated
a9b289ca-10b6-4743-859f-32b8ed10d222,ad3023b6-c338-42fa-be43-9673f853a1a9,e9f684bd-40e5-4f32-9166-a609016b0690,2024-07-14,card issue,pending
8ce96eae-9812-44d0-989a-cfdcba884bc8,f14a521b-b8d7-4f51-a89f-fd7b9c662832,495c75c0-8390-4f59-91da-965e7dfc72e3,2024-07-14,other,resolved
321d92ef-0d56-4054-bd73-4e0d457a6987,744dcac8-93a0-4ab3-9b2f-7e0555b8391b,8219961e-2259-4db8-8245-134686d6b4ac,2024-07-14,transaction dispute,resolved
07443466-47e0-4b40-b3a2-c9a5bdc9b20b,383c98ff-dc7a-4609-80f0-c7da92e878cb,eb59d9b7-b0f4-49ad-bed9-3bdec953bb96,2024-07-14,transaction dispute,pending
d704d915-caa9-4568-8eb7-c7c8b25b5468,0160c3fe-87c5-476f-add3-8fa597110bef,73279374-506c-4170-8c24-77229586cf02,2024-07-14,card issue,escalated
57ddd4f6-494d-4fcf-9399-14b653ed4aea,675e0745-6874-4177-89b3-fcb2969ec065,520c4cd5-6fa5-40ac-b1be-da676811397c,2024-07-14,account issue,resolved
11271b69-a476-4326-9729-ab001020cc75,827d07c4-c756-443b-99c8-00cf544e8767,b7ea3fc6-bf02-43c9-bd6c-f049793dae39,2024-07-14,loan inquiry,escalated
c296d4ce-1aee-4eb9-95a2-251de0fb0cf3,095b38e9-14a7-40ff-8961-742c788d0be1,d139d77c-a2a8-448e-880c-ec2e5d1c851b,2024-07-14,loan inquiry,resolved
2f50aee3-fc37-45df-bfc1-f5d341bd0cd8,0a9215a1-eaf5-448e-8eda-4d80ac3203a3,c4a0ce01-df6a-4117-93f5-4ac9a342ed37,2024-07-14,card issue,escalated
b5891592-a641-4fbd-879b-f7773f7998ff,bb6ecaa2-597d-4dc3-8780-5d906b8110c3,24d86d57-b894-4b5b-aefc-8abd95643c62,2024-07-14,other,pending
0147871d-d85f-43f2-b35e-a00343e6eb55,a799bc38-39fb-4a40-947e-e19ba9726bf7,9bc08e49-0cd8-440f-827e-8f5e264546b9,2024-07-14,account issue,escalated
912aa59f-47af-4514-a4da-265438d816c9,299d990a-5a99-4d4b-9bfe-551ae2cb436a,acae0908-e17c-4a78-8689-404249e90ac8,2024-07-14,account issue,resolved
52fea207-ef17-4a9c-b7b2-a24d01121f0a,fca731c9-267c-4106-868c-1d4dbd7ec5b9,75f60f27-5d58-433f-9d33-b28097554237,2024-07-14,loan inquiry,escalated
0932ee09-0361-4cb0-afb4-b0c3f2aa50b1,e4086890-144f-4a1b-9e14-30bab107261d,4203f25b-d2f4-43e6-8da3-96da3b69342c,2024-07-14,card issue,resolved
00173544-f21e-4ba1-b4aa-e6e0130f74b1,8db81e1c-e898-4dc1-ab6a-c966c6db9f13,6d5ddc7e-265e-4302-83a4-ea2e3721bc1b,2024-07-14,card issue,pending
12490bf1-7365-488a-bab2-92216c4549c0,1ecaaa0e-6caa-4b67-88dd-592840d416d7,474df0d7-9f9d-4cc3-bd4a-dae64ab5f531,2024-07-14,account issue,resolved
b8833b4a-7954-4ec6-be0d-2f0be0356dee,1ee74d2d-7ec4-46fc-bb70-fba50ff5572c,9cb6b4e3-387d-4a49-b4ef-00b623015862,2024-07-14,account issue,pending
6e5c4bb3-eb82-454f-81fa-2df52a2bdbe3,3d89cc45-1aac-4f06-a4ae-2be7c0484063,4e87ca48-7af7-46de-bc3d-ba38107c3a0b,2024-07-14,loan inquiry,escalated
ea094b51-7ca7-4056-872b-92176b6f29e4,7c0fc2ad-926f-45b0-9b35-302d3c3ca0c3,e094a5f1-c9a5-4313-9071-f82d65498578,2024-07-14,transaction dispute,pending
90c6155f-84b9-481a-864a-9f946839f52d,983fb3b6-4c47-4f71-b778-2b22bbb93d8a,cfbbb8d8-7b19-4212-b3b5-d39aa8445ebf,2024-07-14,other,pending
c4ffe1d4-0497-49c6-b396-ea5242e7f799,e6f0fedf-d6c2-450f-940a-917dd78c7a64,6bb555ea-7deb-4203-82e0-80ab3beba1c1,2024-07-14,account issue,pending
8620359d-f738-4c83-bc33-1be7e798d5c7,936482dd-d3bd-407d-a67a-55f3be55421b,3e91876c-699c-4e05-ba8b-d17755ad5e19,2024-07-14,card issue,resolved
39406731-8089-4110-9f6b-311161fd0ce3,52552f4e-b82d-4aaa-bd5d-b3d7173c4cb1,aa92e4ff-419c-4eee-9a0a-e98260ae79bc,2024-07-14,card issue,escalated
44af7861-fa41-4a2c-af53-362deaea9d1e,f2948f34-883a-4015-9d38-dffccbdbf31e,e4e0229d-455c-451e-acfd-465fc801aad9,2024-07-14,transaction dispute,escalated
89603431-b44f-4a72-a890-2edfdf2cb6ba,c0e5bce0-3956-446d-aa6a-a2e592f3808a,e1ae43e4-d291-44df-ae93-471a5009ad67,2024-07-14,transaction dispute,pending
6ccb376b-39bb-49b5-9df9-0fe699ade0cc,e20d9dc3-138e-4b8c-bd43-40d955c6b8e7,53b69c70-f592-4ee1-b8ef-185b7a746ebd,2024-07-14,account issue,pending
f9ef4887-3166-4659-9dbe-7c851ab51650,ec5db5e3-6ce4-4f9e-93aa-aac4ea87f1b8,a90cbf36-c67b-409b-91a6-03252463184a,2024-07-14,card issue,resolved
55228896-3fb7-4f05-a07d-3872641c6408,6f4eb730-955b-4913-b7b6-08277932b7c7,56829167-9b4a-4d60-9b6b-428a20c8f6ec,2024-07-14,card issue,pending
3d651dd8-0668-4d9e-b597-9693f5125c88,3dbe206c-c738-41ed-9784-ccadc642c35b,befce4ef-ad73-4615-a48f-9e7926809d21,2024-07-14,transaction dispute,resolved
4c01f52c-c0f0-4c81-904f-7d540021dec4,193a39b6-8d01-4b5f-aacf-10dbfbbbd784,b2e4c134-d408-4893-aa64-6aeb2f3d526e,2024-07-14,card issue,resolved
05983504-0b45-4598-b6fd-4b32b6d7558e,2ed4d610-c9bb-4f77-b3a9-15f8159ae21b,13b747d3-0adf-496a-8367-3c952bfea32a,2024-07-14,loan inquiry,resolved
edb4826b-b081-4aee-ad6a-ec3ab44a52d1,46e79e57-9695-4cd5-ae25-5778656fcd75,2a64a537-1dd1-4a65-8cf6-f64f597a948f,2024-07-14,transaction dispute,escalated
fb3ed396-10ec-4d17-8a31-2e87a8750ead,264ed628-9a75-4753-9126-3e4c28fe6e40,fabe4df3-ab43-48f1-b457-e5c95c783f30,2024-07-14,other,pending
04bb4b45-b685-40a4-a114-a864317a7e10,6c40fb86-2be3-4742-93f3-61c4fbd41e9c,aed5b22f-cb5a-434b-bfa3-414d839e7870,2024-07-14,transaction dispute,resolved
63a33ea5-3e25-461d-b579-a2634f6ac958,8e33e90d-9a88-4a6d-ac22-68d838d86301,acae0908-e17c-4a78-8689-404249e90ac8,2024-07-14,other,resolved
84545f8b-213c-4e5a-8a6f-359477eb32b7,771bc120-c299-49c8-9b14-aa7f46229a39,b7b52642-4b83-4c61-b99a-eb66db60eaf1,2024-07-14,loan inquiry,pending
89360d46-320f-4b06-a187-30184c934bd7,716b1e8b-2725-474c-8002-6402303a611b,ee883b58-3e59-458e-8814-e104e7c880ab,2024-07-14,other,pending
86c40c85-8131-40ad-a645-2b3adf1da563,502bfab8-3cb2-445e-9e88-08bed5c436ff,1b8d6983-4225-4166-bd02-1400c143159f,2024-07-14,loan inquiry,pending
0e12f698-a4cb-4c79-a0c2-a6d96047df2e,716b1e8b-2725-474c-8002-6402303a611b,1bc84af2-91f3-492e-bba4-7ce939e61cc2,2024-07-14,card issue,pending
6d2343da-7802-4ab2-9438-b37cd21b19e5,8c1e724f-571c-4c4a-b6e9-e53753e28938,b929e5f5-4b71-465c-ab2f-32550e627701,2024-07-14,transaction dispute,pending
7ec6bb0e-f117-4d32-97e7-9e49c7880e12,e5c040f7-9706-4c65-aafe-b2a354500120,4e8af9a8-c12a-44ce-b365-85213bd54722,2024-07-14,card issue,escalated
86495f49-fe72-4574-977b-acb59f6f7472,39c105b0-223c-4ce4-b5eb-470b0f560288,349b703d-b4e0-42fe-8e12-b0df098d0162,2024-07-14,account issue,escalated
669021a4-9016-44f3-89c1-8e9dbfd07a10,2ed4d610-c9bb-4f77-b3a9-15f8159ae21b,76e0b870-5c44-4fcf-8a94-992dbb19d2f0,2024-07-14,loan inquiry,pending
4ce4382b-d8a3-422b-a485-6b4341065e8c,8a7ee70e-29be-43b8-a4fc-00d22d032663,cbfe8e8f-9ee3-4bc4-b44d-2ef06e269ea7,2024-07-14,other,resolved
393d5256-9d99-49ba-9302-2c390cb194c5,f96d4831-ef78-4f5f-9d18-4f92a381f4a4,a7ec5867-d26d-46cd-8227-646aec2c5fbb,2024-07-14,card issue,pending
a704ffb1-0547-47e6-b0da-d77fbe49e614,9bb0b43b-dce3-4c00-9e18-2df06000e846,bfca6ea0-d4bf-4f48-b6ef-3a70e493b341,2024-07-14,other,escalated
880b87c7-45c6-4f62-9435-74398d5176da,5b4b408b-f6b4-4373-9f23-17f481722af1,36b21c62-2b06-46ac-a268-c743f49d3956,2024-07-14,loan inquiry,escalated
6c10a0b1-ca62-4a77-a5f4-00f8d21caa98,2823df21-5e47-4e7e-be53-1ef7da0f4387,befce4ef-ad73-4615-a48f-9e7926809d21,2024-07-14,account issue,escalated
d48d4e74-0b36-4f6f-8d17-6659d093dc69,e570d249-176b-45c8-89ce-53062c3a3e31,6a638d80-fa3f-41d7-a201-b4a532375419,2024-07-14,card issue,pending
ad24cdd3-0886-41da-b802-f038e4b873f1,c455becb-9fbc-4163-8b1a-bd7f35d418ca,f32ebc52-6e7e-4547-86cc-4f3dc9220b8d,2024-07-14,other,resolved
6b12920e-7edc-465a-91ee-201171802642,6aea6211-cad1-479e-873e-db9477f88fee,13b747d3-0adf-496a-8367-3c952bfea32a,2024-07-14,loan inquiry,pending
4e1f08cf-998d-488d-86f4-b422e04d2094,c85a4ac8-07c7-4a14-943b-b523025623a8,601dff2a-21ff-4663-b5fb-72579e52949e,2024-07-14,other,pending
d798ad9b-d120-49f9-9cbc-ef044777bb80,e1a30f9f-478c-4637-a17b-65e8807c805c,cd81c7b3-fb3a-43cc-8530-11bf1dfc146d,2024-07-14,account issue,escalated
29f82d9f-13bc-4568-975d-fc4462eae6a1,9b35087b-90c4-48e2-8532-191bf7a59ac4,7121791e-f549-4c4d-bb5d-5aa77f45f78a,2024-07-14,transaction dispute,resolved
34030ca9-aec0-4439-8a52-3675a85f15cc,1c876314-b7f8-4f2e-a6d4-1cc96e289a19,fb02c5fb-1230-47d5-b880-fa219b370dc6,2024-07-14,transaction dispute,resolved
49801af3-2e4b-4f07-b8df-4cf6bdb7ced2,8153a48f-6831-4621-bc41-598f2b74214e,2a64a537-1dd1-4a65-8cf6-f64f597a948f,2024-07-14,loan inquiry,resolved
2c465d30-bd13-4a44-9119-82adfd962073,aa049aaa-60f2-46d6-8e9d-5be6e4bed2a5,61860d2a-87cc-4019-9960-7fe4bd09f5b9,2024-07-14,loan inquiry,pending
79c72863-1782-4cd3-bad5-3ff822c25de1,3d89cc45-1aac-4f06-a4ae-2be7c0484063,ecec9221-796f-42e2-bfa2-6e91de7856a7,2024-07-14,card issue,pending
08ad3a4b-5669-4a29-a656-addff071bed5,684ef3fa-031f-4832-ae23-5dd54ca6f43d,1b67c5d2-5f1a-4594-b42a-ea1c854fcd33,2024-07-14,card issue,resolved
bf3740c2-f1fc-4386-b1f6-1a305832b4cd,39575a3a-a714-4a31-b466-b644379ef2e7,6bff9553-a8d4-494d-b321-7f73171d690f,2024-07-14,loan inquiry,pending
8abd9242-98df-46ed-936a-5ce8ddab2f9f,0d4435ef-1f62-4457-9ebd-565e4f713937,0ad733ec-b496-496c-9385-84d0aff9053c,2024-07-14,other,escalated
914143e7-4eea-4b1a-a14f-61411f58130d,dffa7a26-04e6-402f-a2c4-793dc929b32b,eb3f5814-2592-4c83-9169-00c2e71d18af,2024-07-14,account issue,pending
f65088be-e345-4a57-b3ac-a96298415e3a,56e8f85c-aa8a-4744-9e6c-855b12e6bc7f,4d498516-9d7d-413b-95dd-34d5de1049ee,2024-07-14,card issue,resolved
52ee68ec-a893-49d7-831e-c36e43ca97fd,17624731-3e06-4495-8455-ae49eacc81c7,db669f12-41ca-4a92-9260-75a84c1117f3,2024-07-14,card issue,escalated
3ed38280-19b4-473b-9560-12090e574b41,56c31409-825e-414d-ae55-6fedee9aaeb3,17c032da-fda6-40ad-9fdf-491f02aa0fce,2024-07-14,transaction dispute,pending
06df1f65-30f9-470a-b922-f554534c12de,c38fbe86-c38e-48d9-8cfa-d8170d7dd101,006a3491-f967-4424-a933-eb87b923bfa3,2024-07-14,transaction dispute,escalated
25f43f6a-6508-4224-85ed-0280019e5702,f71da23e-998e-450b-aa20-a871f0fa67de,321ceed6-1c11-42ed-a1b5-6283933cf8e3,2024-07-14,transaction dispute,escalated
5a2ab079-b114-473d-9c2f-f39312f6d71f,2ca0ff49-f8bc-418d-b76d-7fbe815c5c0a,f0dc20ed-560e-46bb-9661-ae66ce53cec7,2024-07-14,loan inquiry,escalated
5bca755b-8385-40fc-a230-a13aee8df4b8,7e0d6801-4062-4c8a-b4dd-2b224cf468f1,9bc08e49-0cd8-440f-827e-8f5e264546b9,2024-07-14,transaction dispute,pending
69e2fbb5-2091-46b1-8d01-e45764c7796e,8a7ee70e-29be-43b8-a4fc-00d22d032663,22d11810-493f-403f-886d-4d71b9630d7e,2024-07-14,loan inquiry,pending
8ec0d2e4-2a18-478c-8b4c-2d1510be379b,c530cda8-55e2-4cc4-b34e-12d29b408215,5d6fa853-21fe-4047-83a1-64d15673c214,2024-07-14,other,pending
87dc4f29-c677-49cb-9fc4-ff7118c53f87,6a85b691-3442-4c2c-b818-2f2e2118c4ee,980bd3d1-6a69-4020-baa2-76624e84c750,2024-07-14,loan inquiry,resolved
55754dd0-e2e2-4b5d-b910-91997d84f787,4ea4533d-5e09-418b-b71b-05b302c897a7,8c5a59e4-dff5-4b16-ba06-9914599a17dc,2024-07-14,card issue,pending
795f89db-ac34-4e0b-893c-d2f0420c6310,39c9ed3f-ff5b-4aa9-9e1a-f530b1c30353,6eabe4a1-be91-4f76-a75e-d1b25c34518f,2024-07-14,transaction dispute,resolved
d34f2181-eaf6-4a1d-beb9-b70188e8a7b0,79eb4339-093e-42a8-81d2-dc781e23df01,1ed702e5-a9f4-4929-ad66-96c0d3dba2e6,2024-07-14,loan inquiry,resolved
5aa8a28e-6529-4bd1-b929-750414304720,fca731c9-267c-4106-868c-1d4dbd7ec5b9,2c66b2da-3a0e-4efb-9227-94cbdef835ac,2024-07-14,other,escalated
c26b1e61-bd96-441a-bf84-2138c630c1f1,580a7026-3076-454f-9769-6babb3c1d061,d50165b5-3684-491f-a6e3-76a3d409b6b6,2024-07-14,loan inquiry,escalated
9abdd75d-1c00-4f3d-b115-caa75c81928a,537ce6a8-020b-4bb9-bfc4-312c8f2ccc07,0412ff05-0736-457f-a5b4-0e073027f74e,2024-07-14,loan inquiry,resolved
6c6923f6-fb0b-4bdc-aa30-e19563492c56,eda65fee-85f8-455c-8ea3-b6fd6e8667a1,349b703d-b4e0-42fe-8e12-b0df098d0162,2024-07-14,loan inquiry,pending
21769091-bbd5-432b-b213-28ddf39a85bb,12819a4e-c43e-4ae8-8ace-7fe668d06f72,e1ae43e4-d291-44df-ae93-471a5009ad67,2024-07-14,transaction dispute,escalated
dbda4bdd-06b9-4e06-81d0-392160081333,00097323-f49b-4792-ae6f-56a16dd1bc1e,2aaeb0f3-cad1-4781-acf1-1a3ce74843e9,2024-07-14,card issue,pending
005e5f21-2871-4505-9a04-f00c76d66526,879b69f3-d6d1-4908-ba71-28af3c81e5c4,68b8282d-0e8f-4a75-a907-5fc6e1a1976c,2024-07-14,transaction dispute,pending
8239fbd0-64b4-4f01-a656-d2cffa0c1e04,965698c1-0156-4f6a-ac38-ab53667a720f,41461544-7572-44e9-ac46-20f26481d94e,2024-07-14,other,pending
5fa2c2b9-3292-4349-a778-239476c5db07,35869df8-60b0-4b01-9fa7-c926572616cd,83ff069c-69fe-4070-964e-c79debc6e39c,2024-07-14,account issue,resolved
24fc4e41-d61e-48bb-a66b-a4209c5423f1,b69eed69-00cf-4a5d-ac6d-9fd85b09fc4b,e4e0229d-455c-451e-acfd-465fc801aad9,2024-07-14,transaction dispute,pending
f6da5611-1af6-4c3a-a5ff-d066e8e6713b,f99f5707-81f2-46c8-98ab-ee23040eecad,87ef1918-4ffb-47d5-817f-ed693987df44,2024-07-14,transaction dispute,escalated
239eefd4-dd44-408d-a96f-8d39eed724c3,a98650e0-5d9c-4a60-9ce3-c3f40a432a3f,dfaa70ed-e1a7-4d08-9bd3-b14d1e1b32ee,2024-07-14,card issue,escalated
e2dcadbb-ac68-48dd-bd30-a108e7ba6987,ab39dff9-d6c0-40ff-8333-4d4f45e1278f,8219961e-2259-4db8-8245-134686d6b4ac,2024-07-14,loan inquiry,escalated
d8811aad-aa47-436e-80ff-95d5932c4c08,cae6ae21-69e4-4a16-bc2c-a7b198e6509d,b2e4c134-d408-4893-aa64-6aeb2f3d526e,2024-07-14,loan inquiry,escalated
e489cc11-3829-4471-878a-be79409ad62b,c74e1926-634d-4861-80d2-b3d133923139,a5cf5b1e-af7e-4aac-9940-4733df7dc6ff,2024-07-14,loan inquiry,pending
a0d5614a-4359-41eb-bc3c-5877bf9eebf0,03aa5dd7-5502-4c46-96b6-ceefb949e090,4da5d563-f366-4074-8c8c-242d8863a448,2024-07-14,transaction dispute,escalated
9db9fa4f-863a-4c51-bc93-46d32cac4de2,4813a8f8-226a-42ba-bce0-42d1b39ed07e,e9307797-195a-4413-b52e-2f119c300772,2024-07-14,loan inquiry,resolved
742b34da-278d-46e9-bcab-7ea773596658,ae572ac9-244f-4ac7-aa95-c2f3c1f46f6f,e9f684bd-40e5-4f32-9166-a609016b0690,2024-07-14,transaction dispute,resolved
ba1defc5-1292-4df3-aa3c-2cdcdc586fd2,8153a48f-6831-4621-bc41-598f2b74214e,283a1e98-1a7c-46d7-88be-1b591d43a63f,2024-07-14,account issue,resolved
fee2ddab-ddab-4cab-b27d-b54cbee44ef7,17a51ef8-98b3-42ac-b21e-0803e5a779c0,f95b1099-99b1-45a1-b2d9-6cb5b704a5d9,2024-07-14,loan inquiry,resolved
06595ca2-b85f-423a-b04e-bb4b3ce66e1f,ca834db1-57f7-40cb-a800-ae244db701a2,c6d4482e-e44f-47b6-89a4-50b03877cb88,2024-07-14,transaction dispute,escalated
7612be5e-2bb9-4317-9ad5-d6d45f80cddf,227d4e52-f412-4138-ab1b-9f1a47ad5633,06025fa6-8626-4cd8-aeda-f263d2afb6af,2024-07-14,card issue,pending
4f0532dd-9379-4f11-823b-5577a348db69,648293b9-0f6c-4e83-a3d2-0d86d1d80eae,749dd0a0-56d6-4bc0-8573-5b402f60f0b8,2024-07-14,other,pending
732b98f6-df2a-442e-8129-865389cee2d1,548f7bf7-10c5-4254-b22f-2d18339e45fc,aebc7f61-50ff-4e36-8f62-c7aa36c3d40c,2024-07-14,other,escalated
e6b6ebe1-b471-47a3-87d4-4c32a784429b,347a0184-3c76-476b-80e7-b647dd600250,1c4b9771-3499-41b3-bb51-5a9493b29a3d,2024-07-14,transaction dispute,pending
9e82f524-dbf7-48c2-b02f-3f30c5bc0753,1c876314-b7f8-4f2e-a6d4-1cc96e289a19,93fa34fd-1f1c-4a1c-8f48-ed8e753f9dd2,2024-07-14,loan inquiry,resolved
5befcd51-6443-4561-8b3b-35c5c323d655,4813a8f8-226a-42ba-bce0-42d1b39ed07e,d46b3380-e95c-4da0-9200-75f75b331b44,2024-07-14,loan inquiry,escalated
3a819f21-494c-46a1-895f-4d7e4a1cec88,cecc311d-02a0-4435-b131-54d6dbd8817a,2c365187-34ea-4304-a678-fac4a1a5bddb,2024-07-14,loan inquiry,escalated
c7b3bb67-0db3-49c0-81ab-8bd3f9965474,f14a521b-b8d7-4f51-a89f-fd7b9c662832,5eca0716-98b9-4409-bb6e-35e8a8ec7b7b,2024-07-14,other,resolved
79047434-b163-4755-9baa-15bb57cfc227,f2226358-1dc2-4ffb-8a10-3b631cbfa544,111b44f5-7346-4084-83a4-19fbd8b4a71c,2024-07-14,loan inquiry,resolved
8829fcd7-d7e6-4589-8b0f-d098b2a4c04c,868dd066-2f61-408e-b51e-2b32a553c3a6,3bce5a98-e15f-421a-affb-1fa7a89baf92,2024-07-14,loan inquiry,pending
af1524d2-b779-4c0a-b49e-7cfa3005495f,99cd7b13-ad72-48b2-ae47-5ca248938afb,d0dffe5d-8ae1-4809-b928-7df074e2e072,2024-07-14,card issue,resolved
a94e93c8-3bba-4d71-b3e8-867abde616c1,dc461bf9-33c3-41a4-9daf-fff228ba2009,f32ebc52-6e7e-4547-86cc-4f3dc9220b8d,2024-07-14,account issue,escalated
5c4136cf-674d-4bed-97bb-6ecca52918b7,40377afa-8e8a-4a7c-986b-000704951da7,a1b7546d-32c7-40dc-85e4-626be96dda67,2024-07-14,loan inquiry,resolved
9d818e6c-0b1a-4cd8-a141-66817a044229,1298544a-d3ed-4fa5-a281-ebfe04c29c05,d139d77c-a2a8-448e-880c-ec2e5d1c851b,2024-07-14,transaction dispute,escalated
b1872a7e-83fb-4aaa-9798-7a976cde630f,0160c3fe-87c5-476f-add3-8fa597110bef,1204e35a-282b-41fd-a3f5-52dce10259a6,2024-07-14,transaction dispute,pending
d676fe9e-7463-4528-b381-cd675fef1777,4ee82f1f-5c8d-4b98-ae4e-26377ad445e4,2c66b2da-3a0e-4efb-9227-94cbdef835ac,2024-07-14,card issue,resolved
72161e06-789a-442f-9403-6c497ca4bf1e,6c10da0b-463d-4d57-b98a-b94cdc7769fc,f051d597-41df-4333-8d73-bf95023ecfbd,2024-07-14,loan inquiry,pending
1a668de8-115a-400a-bb00-3e0dd670a9da,a75c4daf-4609-4e53-b3a8-8ef2d1e84e30,9a4b901b-da41-402d-ab3f-5c18a5a46c27,2024-07-14,account issue,resolved
cd7e0e68-c0f6-4929-9cbf-baab1c2baff0,e4a53244-b8f7-4880-8406-b0053313981d,b89e9423-1d81-4497-b0b9-b22d4d03a117,2024-07-14,account issue,resolved
7f8ae4d4-aaad-4ef3-a73a-b64c9eba8e7d,4b28f801-e36c-4591-9495-1b9b326b2525,c112a45f-cf90-4e10-94f0-f96a912a2e74,2024-07-14,transaction dispute,pending
a864eb9d-c98a-4dd2-9683-f91b34fc3cff,6715cdd4-bd09-4774-80f2-a690c7432b7c,9a4b901b-da41-402d-ab3f-5c18a5a46c27,2024-07-14,card issue,escalated
7510b018-b04c-43bd-a647-f27b7e3dca88,580a7026-3076-454f-9769-6babb3c1d061,b6c275e1-e5f1-4095-9e91-7906c35fd480,2024-07-14,transaction dispute,pending
9a5c3838-46de-4335-8847-2faa3d470361,a43c5894-390a-4e4b-844a-4b607f3661e4,980bd3d1-6a69-4020-baa2-76624e84c750,2024-07-14,card issue,escalated
6a6ade6a-8abf-47a1-8ab7-5b5d49495690,cd64fb7f-729e-4489-9c82-c5864530a977,acdceafe-21a3-4847-ad6b-68cae04fce8e,2024-07-14,other,escalated
23356c3f-b3b8-4585-b7fd-f21319f7b82a,cc3d818f-6e55-4ee6-aeef-5ab33317c575,46bd64f1-bff3-447a-8e03-ccf20ae9adc9,2024-07-14,other,escalated
08e12530-d10a-4548-8b2f-e6788d6f7f14,cc962d7a-8dfe-4101-b56c-22d1ee54b041,53b69c70-f592-4ee1-b8ef-185b7a746ebd,2024-07-14,transaction dispute,resolved
00594739-f384-47b6-89ba-452d5e7b168a,651e5ae7-526f-4170-9725-9a6209f4063d,94880db9-f3d0-4b70-acac-f0fef130b987,2024-07-14,loan inquiry,resolved
089395d3-74e7-42e0-833a-9e9a91319bd6,4d1a6aed-53bd-495e-aea9-aebea93dc893,800ccaab-f756-495d-a072-f4064cc1e3f6,2024-07-14,other,escalated
37e3da33-25ae-4ba4-bf5a-c1f21b71e725,ff92a990-c1d5-40a0-bc59-0b4a5170a916,dc1fd630-6f95-4e5e-b297-09784717f01a,2024-07-14,other,resolved
a20b77e2-db46-49de-966a-52f27ec92343,3b6c0473-45bb-4411-b167-3ba9dcca8572,f409e1fc-b0d8-497b-b96e-c0f5b3683b96,2024-07-14,other,escalated
26be54b8-19b4-4359-846f-c4fd963dd689,24b5d23f-d21f-43a1-9d06-20f818b01a60,d46b3380-e95c-4da0-9200-75f75b331b44,2024-07-14,account issue,resolved
d46dc20a-8f9b-47b9-9e0c-9aa69c855206,4ee82f1f-5c8d-4b98-ae4e-26377ad445e4,be05100a-9f65-438e-977b-9be28356d303,2024-07-14,other,escalated
d9bf6dab-3d7d-4554-aace-c87ef1186583,4b426c85-2522-45c9-b271-e77c80a2d890,d6b2bc98-beba-4965-828d-7dbac1102243,2024-07-14,transaction dispute,escalated
567f1bfe-05d5-4b71-ad23-89ba04c61dc3,9a083376-569b-4c47-9b1b-13aab8edeb12,9c345015-728f-487c-962f-0e3061fd7b3d,2024-07-14,transaction dispute,escalated
d806ce3f-d879-49b0-af9c-91edd196109d,9aa1fbdb-62b3-4645-b6e2-3fd32805474f,68b8282d-0e8f-4a75-a907-5fc6e1a1976c,2024-07-14,account issue,pending
3593d649-685b-403b-a546-cd3be413be21,25f362df-7001-40b0-84f3-79e45235b707,f4c6f93c-f99b-4125-becd-678d0743ca72,2024-07-14,card issue,resolved
c572f49b-1de7-4923-8d9c-afa470691db2,f2aa178b-26ee-4b04-b47b-7c1b8a9323f3,baca9e07-c88f-4120-ad71-a0af43e6abac,2024-07-14,loan inquiry,escalated
8f64ce1b-7b68-49f8-8418-6635aa3585ff,59db5ab7-40ec-4319-ab34-89dc34edb2c6,75b6dd28-5da5-4ab4-89aa-04069d0fafeb,2024-07-14,transaction dispute,pending
2ca18f7f-b296-4dce-881b-601b210daf6d,0e2637b8-94a3-46ce-9986-1c9c3c108f38,6f514ce7-b1a7-4068-8acd-8d31b9c9d529,2024-07-14,other,escalated
6c782248-292b-431c-b8c7-c2500ea188a8,1057cb4e-40fa-4df5-a5f7-e044eaefab4b,e094a5f1-c9a5-4313-9071-f82d65498578,2024-07-14,transaction dispute,pending
5b2811f3-bf1a-4916-a477-2f6f66633144,829608dd-b6ae-43b1-ba07-e40e0de15312,1b67c5d2-5f1a-4594-b42a-ea1c854fcd33,2024-07-14,loan inquiry,resolved
d049341c-7829-41b3-9b38-1bb34cf9cbe0,9c1540c8-5f86-4e77-9b28-8b028153e882,7cceeafb-c358-433e-ace3-cec59e8f89c9,2024-07-14,account issue,resolved
169d61c7-1455-40be-a8c2-cdc5403374a0,f83f5fb2-d410-4fb7-b1c3-4a238279d6af,2e945a6d-b5e8-4a38-8a52-a043b9d2a2b1,2024-07-14,transaction dispute,pending
96564aed-fe3d-4ba3-9d67-002b72ddc1fb,3a59e137-7197-426b-949e-f7c3e654d797,39759e80-f273-4ed0-ae8d-cfea6f07c373,2024-07-14,account issue,resolved
ab1aa6d2-17c0-4334-a5e2-4708da0ad9d7,cbe7d4f8-ba7a-45b6-b343-f9c47ecbf732,b89e9423-1d81-4497-b0b9-b22d4d03a117,2024-07-14,other,resolved
cc4781f2-3cd6-4e24-833b-a2526a7ecdfa,a5f9c0e5-c684-44e8-8985-3ef89295af3a,06025fa6-8626-4cd8-aeda-f263d2afb6af,2024-07-14,card issue,resolved
67acd952-03b8-4515-92de-15df01414c35,e27cc40b-9eea-45df-b636-f3e4ec93fc9d,4203f25b-d2f4-43e6-8da3-96da3b69342c,2024-07-14,card issue,pending
0a7111d0-3f5e-49c3-9d94-7c85ab7fb73d,27ac359c-4a02-4ab1-88d3-157f793b04ea,03808dba-0d95-4d85-8fdf-79204b768c41,2024-07-14,transaction dispute,resolved
d57670fe-2624-4c48-8a88-234481643d15,a799bc38-39fb-4a40-947e-e19ba9726bf7,41461544-7572-44e9-ac46-20f26481d94e,2024-07-14,card issue,escalated
e2bea128-b814-4c33-b08e-f7819c38dcb2,fae6aa49-5d09-4746-94c1-b938a6dbe3c5,276c7648-3045-4d3f-9f3f-9615d607488e,2024-07-14,account issue,pending
f369f556-5e9c-4f31-862c-73079d58b342,0749bb1a-b56c-49dc-a3bf-adfde5db1cff,4da5d563-f366-4074-8c8c-242d8863a448,2024-07-14,account issue,escalated
9cd45688-c1bd-486a-9f24-f65f065bdef6,347c25f1-e848-4be4-aa5a-2a674fcaec36,5eca0716-98b9-4409-bb6e-35e8a8ec7b7b,2024-07-14,account issue,resolved
c508a096-3a17-42d6-8710-f1fe5a208c8c,27372737-d424-43e9-be87-40b999b6bec2,e44e6b26-6066-43cb-ac01-510bdd6e96e4,2024-07-14,card issue,resolved
267d950a-9ac0-4a8b-958a-2680f5d1145e,6c40fb86-2be3-4742-93f3-61c4fbd41e9c,3542572c-8e2d-4a23-b1d9-d36a6b1dd116,2024-07-14,other,escalated
b3d506aa-c092-4105-a608-850bed04b792,e90f6567-45ec-4c64-85c1-62644d10c912,6bff9553-a8d4-494d-b321-7f73171d690f,2024-07-14,card issue,resolved
ed388fb9-29fe-44dd-b2a0-654363d155bb,7d14671c-2638-40d8-9759-dc05014eeb47,c2ec65b4-aa91-4590-a2b6-dc3c440942a2,2024-07-14,other,resolved
6d254e73-1577-4001-a787-2ea42ca96120,7b99b3a2-a414-4e66-bc6b-ab83e5a809f5,fb02c5fb-1230-47d5-b880-fa219b370dc6,2024-07-14,loan inquiry,escalated
81c079b9-19cb-4fc0-9802-a765bd1a3e91,c7583a1a-a543-4c63-b048-a7ac06329aee,7cceb9ba-3571-4b25-9db4-e85b084d1d20,2024-07-14,other,resolved
95d379ef-c137-452c-81df-0a71da2b0dcd,9a032907-4e1e-4426-9675-8e3530f0f39b,dfaa70ed-e1a7-4d08-9bd3-b14d1e1b32ee,2024-07-14,card issue,pending
1cb0928e-850a-44f3-a7f1-50a5dde72ed5,3a59e137-7197-426b-949e-f7c3e654d797,aebc7f61-50ff-4e36-8f62-c7aa36c3d40c,2024-07-14,other,escalated
9f70522f-b9af-41ba-b9cf-b320717b7530,4f662789-ddb7-440e-94a9-6672d1ea1502,7270fbf2-5e95-4db3-8f8b-863bad8e5f2d,2024-07-14,other,resolved
6fb0ed32-2429-4303-a618-258b9547cca8,a8eb15a6-aade-4b5e-b3d3-deb8e6ec4b72,64f41dfc-d8bc-493b-8bbe-dfaa8a9180d7,2024-07-14,card issue,resolved
194c0e97-ce94-4fc3-92c2-125faee33b2d,c61b296a-7fc7-46f5-97a9-0bbff90f56db,d6c32a34-2cd1-4b0b-b884-a66f5c3559f4,2024-07-14,other,resolved
82db0a4c-81d0-42bc-a205-43c890679cc3,7ef58352-c396-435a-aca1-3f85ab2892d3,39759e80-f273-4ed0-ae8d-cfea6f07c373,2024-07-14,account issue,escalated
1836cebe-13fa-4081-91bd-2db8dc76bbeb,42890efb-e50c-4ce5-b0ad-e2f7d59df8c5,43c0bd89-766f-490e-8f95-7a6d11528461,2024-07-14,other,pending
30a7e568-932b-49fd-80c8-ffb268417da2,9c93b1d6-da07-4237-b190-2568bae8b978,0be38d3d-0759-4fd3-ab72-09e3748eb52f,2024-07-14,other,escalated
1ea0c333-8f20-457a-abdc-5b21ce0e4a4b,a814636b-39bb-4a19-950b-4f8e66acba6f,25594113-9ac1-4523-873b-a780617e2742,2024-07-14,loan inquiry,escalated
de84eaaa-8053-4933-809e-3494d400480e,885498dc-af5a-48f5-9a41-7b87e722079c,a1ce7b4a-fb31-4b43-9ff2-8741dc7fc67f,2024-07-14,card issue,escalated
21ced8a9-35e9-415b-8717-581c8004e57e,73be12d3-6020-46b7-ae2b-a09f8791d001,fc04cfcf-d960-4855-b91a-0fd69d4fbf82,2024-07-14,other,escalated
ddbee3d2-1e27-4bca-9be3-6bbe44754431,8e60366a-16ef-436d-b03e-4b7af70c9ed9,219419a7-4a06-471d-9847-b9bdec89123a,2024-07-14,transaction dispute,pending
18e89b5f-6168-44c2-919e-beaf4118c00f,e22601f8-e911-44e9-a54f-9b8f7d9ca68a,c2ec65b4-aa91-4590-a2b6-dc3c440942a2,2024-07-14,account issue,resolved
ea4ed976-8350-4017-a750-16e9a234bbeb,684ef3fa-031f-4832-ae23-5dd54ca6f43d,368b2278-718c-4ee9-908d-9756e01adf8a,2024-07-14,other,escalated
586973e2-b6c0-4e14-a1d6-8af01530c0ae,c89eae63-a4f7-4b6b-b8a0-aab0930ddc58,0412da61-4707-4e8a-adf5-50aee2742248,2024-07-14,transaction dispute,pending
7615c163-429d-452a-9f38-357955f714d0,e1a30f9f-478c-4637-a17b-65e8807c805c,9311866f-2d80-433e-b9ff-eb059523778a,2024-07-14,account issue,escalated
b60665f3-8ed5-48b9-b6bf-228fb99182d3,c119aa1f-0a9c-4df0-8bff-7c042151583f,0aca9418-e60e-41d1-9134-efbab54e973b,2024-07-14,other,resolved
d1d37a7e-70b5-4e56-a46b-22cd1c144333,cba1f77d-4db7-4776-b7cb-f1e16452166d,96246e93-565a-4ada-be12-f76dd0c03d9c,2024-07-14,other,resolved
41e8b7d9-c663-4912-9fc6-f69d0a5c51d1,006b690a-fac8-4962-969d-311673c3e183,9f7585cc-ee3b-42c3-8ff0-c3445a9e606a,2024-07-14,other,resolved
8966b0ef-d787-4858-9ad3-80a1beb5b0ce,5793ac3e-9f7e-4716-9f60-9b7097a5ce0a,39759e80-f273-4ed0-ae8d-cfea6f07c373,2024-07-14,loan inquiry,pending
76413094-82e2-4f62-a0db-35aa7d3d9a17,adf50c45-c277-4dbf-a59c-980d60858c82,13b747d3-0adf-496a-8367-3c952bfea32a,2024-07-14,loan inquiry,resolved
1798fcc6-bc5f-48bf-8bdd-e4e51a4f9ae7,38a746ff-66db-4a8c-bd86-dd0e7c26a976,86dbed8d-6cbb-4ec5-a40f-b3de555bb95a,2024-07-14,transaction dispute,escalated
b73367db-eb1c-43a1-bb32-7e9c14d23526,12819a4e-c43e-4ae8-8ace-7fe668d06f72,8da59bca-0022-43ff-ae6a-b08eb3759f92,2024-07-14,card issue,pending
1cebb858-4e60-4626-9756-0afa55a44784,a48a8f2d-900f-42f1-8fe0-9206c55b070c,65b83a87-ae14-4030-9500-b68f2080b0c5,2024-07-14,loan inquiry,pending
79b4e030-87ee-468f-bd33-b1d89e6a7934,fc9abc25-924a-4941-adf5-d16d503e7b24,5c08cab0-bde6-44bc-aef8-a2a57fa0f35c,2024-07-14,account issue,pending
0f483cad-2f3a-4a3f-9b0e-025f33639f2a,7f340e7a-2de3-4105-a6b9-3bf369019338,baca9e07-c88f-4120-ad71-a0af43e6abac,2024-07-14,card issue,pending
5a9ce295-c47f-4a1b-aa9c-4f234ea5eca4,56384443-f2bb-4df6-aba0-1a7c8905796d,f924b3ac-03d6-41c7-b236-6f6c4c3b17bf,2024-07-14,card issue,resolved
f1d3d940-58fc-4443-b949-41185ac97bea,36b477dc-8542-4475-837c-baa3eb16c5b8,0363ec25-c6e3-435b-a387-f22b81d600db,2024-07-14,card issue,escalated
71c22479-9fe6-4265-aa54-285bc7be09c5,06e850b0-52f5-4697-9293-013e50ae480d,9561ddb0-0918-4031-be45-161916252420,2024-07-14,account issue,resolved
4d9de60a-0309-416a-b616-0195d88c9ea4,b9b380cb-69e0-4906-990d-93978e1cec15,9e08021b-29c9-4744-880b-38e7f03260ab,2024-07-14,card issue,resolved
960ccdde-8ad1-4824-adfa-1c3ce344defe,8a93e3c4-29a3-4d3a-bffe-55396abfda25,5c08cab0-bde6-44bc-aef8-a2a57fa0f35c,2024-07-14,transaction dispute,resolved
e4acb28e-3c24-4caf-9724-b3495037af9d,ec5db5e3-6ce4-4f9e-93aa-aac4ea87f1b8,0137124c-70f0-42f0-9995-620eb418cf34,2024-07-14,card issue,pending
4391dca3-40f4-4c8f-8444-9f54bdcdc664,1a44cdfc-0733-41ba-b969-f32239e27681,2a64a537-1dd1-4a65-8cf6-f64f597a948f,2024-07-14,account issue,escalated
46c8d92b-0b97-45d1-93ad-132fdc74015a,4b6b25bf-f0f4-4604-a0f0-e3a3ac705ed7,cbfe8e8f-9ee3-4bc4-b44d-2ef06e269ea7,2024-07-14,transaction dispute,resolved
5efa72a2-3561-4c71-a8b5-7ddbcb74f940,163a8a03-ae94-4705-8927-3eb0a74fd96b,bedfc278-d33c-49df-92d9-00a28f6a4aa8,2024-07-14,card issue,resolved
