employee_id,branch_id,name,position,salary,hire_date
1759daa2-e0ad-4019-80f5-898f7d5ff35c,b024c32a-15fd-4a6f-8ae3-0391b2072fb4,Natalie Davies,security,95105.25,2020-10-24
30a606a5-5f72-45f0-92f0-2f211382ddb8,b3bae420-316e-47b2-9d82-4c5b945ecb79,Cody Frost,customer service,32508.86,2020-07-11
7eec1e62-bc39-4b17-a142-bbbd79120189,bcafe36d-1f48-4edb-924d-a9489bf1c893,Donna Mccarty,manager,82836.35,2021-06-02
13eddd2b-193a-4ad7-880c-f0a973b5b8d1,09cc28a6-f89a-41e6-af47-d69baf8ae450,Dana Roberts,customer service,88958.03,2020-05-31
551af88f-211c-408c-b71d-2492d4fee07d,21775432-f02b-4ec8-92c2-eefd96c65e38,Ross Leblanc,teller,40175.79,2020-04-05
7434b614-159c-4886-b0c3-830179246261,b024c32a-15fd-4a6f-8ae3-0391b2072fb4,Lauren Mann,teller,109472.46,2021-10-19
ebaabce7-b928-493f-9a35-fbf61d769042,a652427d-e520-46fd-ae2c-27cbfc7d05e2,Elizabeth Patterson,customer service,36113.0,2022-09-06
fd354cc6-d5c7-460f-8d55-01d01a82fb33,33433fa0-5305-41e6-a41a-17f94b5a3b92,Brandon Mueller,manager,35247.78,2022-01-18
57dc6750-280e-4e7d-aee4-ce7f10436664,fd39f5a0-80c7-40f0-80d9-79cf499d1b84,Adrienne Rowe,teller,57158.5,2024-06-17
1d5534be-511a-4178-b723-a58cedfca592,8d48d083-bf74-42f3-834c-2df090bc89ea,Sherri Moreno,security,44773.41,2021-10-09
1946451c-7b6b-47ec-b361-a85b61d7bdff,d9b0a211-53a3-40c6-abde-8d924b4d61d8,Amanda Franklin,security,114612.4,2024-05-23
97c795f4-3e44-4788-93b7-426e51fe945f,b024c32a-15fd-4a6f-8ae3-0391b2072fb4,Natalie Herrera,customer service,102234.88,2023-04-16
084e75bf-6545-4c04-8c15-e7a2f78d52c4,58e5e4a7-e13f-45d1-9fa2-a5bb6a049d7f,Kenneth Hayden,teller,30988.82,2020-09-06
71edf43e-faa7-4096-881f-f169e071a6f5,bf13ef6e-8750-4a6b-b551-0e08bee45c60,Joshua Ellis,security,44782.39,2023-10-20
f10f68cd-60df-4198-bbfb-3dfdb968b2b1,1e593d09-34f0-436b-890f-d73ddfd4d260,Matthew Davis,security,116005.19,2022-07-26
8bdf706e-2ab7-4087-bbea-e2b73c22895e,f9833edd-c012-4f26-82b1-0b90e3618e03,Joseph Murphy,teller,110725.51,2023-05-28
511d1467-e04c-45ee-acc8-bd2ea53e29cf,34652dbc-c36a-4efb-a22d-e1c6c09bf2b5,Brittany Zimmerman,manager,100945.62,2020-05-30
4ab1a4d5-9159-4e8c-b08b-354510c1feae,81a6ac23-78f1-4be8-9d7f-a637c8eb235c,Tracy Davis,security,91987.8,2020-06-13
1520db58-3dfb-425f-bc28-6c2a0d3c55f6,7e577f5a-7c94-4e77-a915-aee2f44ce936,Shirley Jones,customer service,93016.23,2023-09-12
b05ae177-05d8-4a7a-a648-615a03c197eb,1e593d09-34f0-436b-890f-d73ddfd4d260,Daniel Mccarty DDS,manager,66290.69,2023-03-16
a8b5ffbc-1402-4ee5-a791-e3c8df556995,bdf36d31-38d5-4693-ad64-a87569f8dbb5,Mary Schultz,security,71114.77,2020-08-17
53796d7e-f70b-46e6-a19b-037ade904cfc,b024c32a-15fd-4a6f-8ae3-0391b2072fb4,Jennifer Taylor,security,48170.62,2023-08-03
628a1c0e-0232-45dd-8a0b-84c754413403,c4d1155b-8480-4a45-b753-3461a7c3b614,Seth Taylor,manager,35309.11,2022-02-03
b4ba1efc-1ad1-408e-ad40-8d2b649e63fa,00f1a1e1-f5de-4821-beb0-186bc7a21fcc,Sara Haney,manager,41850.66,2023-08-13
18c053ed-347e-48cd-b7f9-9d10c62d446a,7b28593a-9d87-4b2e-a63a-9f1359a6ffb2,Ashley Rush DDS,manager,33216.66,2020-11-09
c4170861-3912-4e48-a982-c82489ac1c3c,d4228e20-badb-42e0-9acc-f6edf576552d,Samantha Wright DDS,customer service,75114.88,2023-07-22
5eb73187-c3d4-4706-9f63-06c3fdfc4bf5,7e577f5a-7c94-4e77-a915-aee2f44ce936,Matthew Burgess,security,103083.19,2020-03-17
d0d1ba5f-d722-4cae-aa77-2fb0692978ac,09cc28a6-f89a-41e6-af47-d69baf8ae450,Katherine Ward,manager,77619.29,2023-10-08
fbbb68d3-6214-44d4-a8b6-187b2ad52d41,fd39f5a0-80c7-40f0-80d9-79cf499d1b84,Mark Santiago,security,78957.28,2021-11-13
39b5de6d-7efc-4c09-a564-c41ab3e6af13,1100422b-3920-4b66-b311-c58430f48cbc,Mrs. Hannah Davis DDS,security,93925.97,2024-06-14
feecb108-87c1-40df-a2ae-7ac1ca8b401a,b6942c8a-9051-4c27-bf6c-c04c2796aa84,Nicholas Patterson,teller,64947.88,2021-01-04
8ef6596d-a1bf-4a75-b4de-738e4678fcb3,8d48d083-bf74-42f3-834c-2df090bc89ea,Karen Shepherd,teller,45063.74,2020-09-02
9d421fc9-349b-408d-b040-8f4bfd5d1bb0,f30382e9-370f-4e35-abac-4f527c261277,Andrea Moyer,customer service,97496.06,2020-08-31
1d7f37ba-3b6a-423f-9793-5386263dc853,9c4cad0f-0c82-4634-9875-de83b6103f38,Caleb Nielsen,teller,50450.95,2024-04-08
e66eff2d-dded-4d86-954f-28686b892898,b6942c8a-9051-4c27-bf6c-c04c2796aa84,Timothy Bailey,customer service,79777.94,2022-01-03
2a5ea7dc-90e1-4e34-af36-476939ea0d19,03ea00f1-695a-4c9b-b916-c0916cfa9b75,Casey Barnes,teller,108457.54,2021-08-31
cb3fb912-7acf-4613-a11c-1dbf20b0d1be,26ee1e1c-6dd4-461b-8099-eef6a35cb493,Christopher Harrington,security,109889.97,2023-09-02
353d15da-2e68-4523-ad97-61ce8766ed4c,756cf303-3787-4647-9ac2-10af66f6cf51,Andrea Cunningham MD,manager,97178.66,2022-10-06
55f8eea0-5cda-4cd2-84b3-3f28ee18d645,3c081a51-26c4-4471-9316-1fde05f603a0,Patricia Riley,manager,60772.69,2023-10-05
e319dad2-a2d8-4b60-8997-c54e880f5ab7,09cc28a6-f89a-41e6-af47-d69baf8ae450,Rachel Young,teller,64981.43,2021-08-28
c28cc67b-9c58-4f1a-bf9c-353f46803589,246beedb-c38b-4af8-af61-d7a24a36dc92,Angelica Cortez,manager,114780.09,2023-09-30
adf34c13-c008-407c-aae1-da5da5b38ee7,b6942c8a-9051-4c27-bf6c-c04c2796aa84,Scott Knox,customer service,67781.44,2021-09-01
a64c5193-c02e-48d2-8099-b357c0e69f2d,0cfd3f9e-ac29-4369-8ffb-62dafa3eb04f,Debbie Bowen,manager,97774.33,2022-09-21
b475114f-7df3-4a58-a6be-2d27fb9ee04c,695bc227-6842-485d-884d-261d2f06175e,Kimberly Hansen DDS,customer service,75952.02,2021-05-25
ff17b606-55ae-460e-8e6f-e8c5ceed3640,282af051-7b7e-42f8-9d38-789bb6407978,Joel Sanchez,security,42567.59,2023-12-08
b71339cb-ba04-4208-962d-4ae0ca86953c,8d48d083-bf74-42f3-834c-2df090bc89ea,Dr. Angela Anderson DVM,customer service,113851.62,2024-06-18
39189d56-924c-43f1-8bb9-59adceefdd36,08602c1d-246a-49e0-9f64-10c6e7a46d8b,Anthony Smith,teller,54978.67,2024-03-02
63526fab-e630-4621-9650-3859e74f6714,bf13ef6e-8750-4a6b-b551-0e08bee45c60,Kristi Riley,manager,97331.4,2022-06-13
14d792a6-4067-4b86-a111-371f7962803d,756cf303-3787-4647-9ac2-10af66f6cf51,Jason Horton,manager,77653.83,2022-02-11
95f0ceed-8a12-4264-8da2-9e275254ad6b,bdf36d31-38d5-4693-ad64-a87569f8dbb5,Jason Patton,security,45272.96,2021-11-26
19495feb-cf85-4e1a-846b-38d9a17b95ed,679f824c-6c85-47f1-990d-ffd59c80a1d2,Jennifer Pacheco,teller,37380.76,2021-07-02
baad52b4-90a3-4228-8252-d9407e6c9c83,ab82a775-efe4-49cf-844f-38dc43ede502,Craig Hart DDS,security,33250.44,2021-04-25
e1585944-ad96-4392-94d5-fdd15ec7162a,0a0e06ec-72d4-4163-854f-ec1add424720,Travis Lopez,security,99984.06,2023-01-24
25167c57-589b-4ebe-a71b-b2f44e2316aa,a652427d-e520-46fd-ae2c-27cbfc7d05e2,Sheena Ramirez,security,97637.36,2024-07-06
c3dfc73f-981c-404e-8b4b-dc8ae05d555e,b4ccfbd2-7e33-48c4-921c-c8895ff2dff8,Maria Stanton,security,70634.63,2021-08-15
3177a1b9-f9c7-4eff-8fc4-743a5a8511b0,84451fef-3314-48f2-92ff-13a1fc5c8c89,Maureen Smith,customer service,68231.35,2023-04-30
145ec69b-1ad3-4c08-a294-0c736adb78d4,a4a3a4dd-49fe-480c-991a-f52d55d3b968,Linda Pope,customer service,104339.35,2023-04-28
d60fa277-dca5-441e-bcee-b0be80f87dae,ab82a775-efe4-49cf-844f-38dc43ede502,Nathan Moore,security,71910.88,2022-10-19
f4ab6070-2b12-4fbc-927f-4be6b9153c3a,6af9df46-5e02-4644-a047-9ca91118cfcc,Mr. Mark Thompson,customer service,57904.69,2021-07-21
5b78b9bf-ac4c-439d-9c4e-d6aea59cbba2,58e5e4a7-e13f-45d1-9fa2-a5bb6a049d7f,Xavier Brown,customer service,54026.07,2024-02-25
0274e15f-09fe-4ec6-98d5-2b640a854d53,c4d1155b-8480-4a45-b753-3461a7c3b614,Samantha Cook,teller,40325.5,2022-08-07
534064f1-a295-4fac-bc5e-7ce536d535c6,755de82f-3c13-4477-8428-1831d4964812,Raymond Smith,security,62375.51,2020-07-26
996aac4b-12bc-4280-88bd-f1477135c959,ae6a5823-b073-461b-a215-5babdefc7a8a,Kimberly Weiss,manager,80547.55,2020-03-08
be0232c2-9f7b-41b2-a6da-1a3b9fa8e8fa,0ed7ac66-f673-4ef3-9b36-7bc078dcdf55,Brian Williams,customer service,108837.95,2021-03-19
b35c20df-2545-48e2-b210-4a9dc12bf958,0c97ac8a-62be-4eca-aedf-d3d42f4ede46,Jason Griffin,security,32045.87,2020-03-21
a2f63f6a-c038-471f-98bb-9de93d64dc7d,1b3bf0be-2914-4f15-8a47-aee0d2f20d6c,Colin Rivers,customer service,94151.15,2023-05-15
c55af7b0-13bf-406e-b1e6-d296e037ce61,00f1a1e1-f5de-4821-beb0-186bc7a21fcc,Laurie Smith,customer service,109659.29,2020-07-04
1c24daa4-4e61-4000-86e9-898a0c51f52d,1100422b-3920-4b66-b311-c58430f48cbc,Travis Delgado,security,83771.56,2022-06-24
5983e763-fd51-4fda-acca-f216a5cacba1,282af051-7b7e-42f8-9d38-789bb6407978,Monica Hess,customer service,76525.62,2020-07-27
7bac725c-056f-4e1b-956d-f79fcfbb11b6,cbf873c6-dd71-4c1f-99a0-9b33c4325384,Cody Todd,security,93152.32,2020-12-04
ea4e5fe7-e8b9-4b62-b3c5-6b84b271ab20,d586f55e-a38f-4f14-82c5-f90264b0e1b0,Alison Adams,manager,78622.92,2023-01-12
d749ac4c-3c7b-417c-8b91-a88ef832b1d9,7e577f5a-7c94-4e77-a915-aee2f44ce936,Shirley Smith,security,34780.72,2022-05-08
ce335cab-622b-4125-bf06-6531a7d0db12,81a6ac23-78f1-4be8-9d7f-a637c8eb235c,Dennis Becker,security,42430.23,2021-11-06
6ec53a6c-519e-4d6c-a81d-4f616ed8697d,820bc411-933c-4a1e-b600-7c84a809ca05,Robert Watkins,manager,112842.67,2023-05-21
ef6a895d-735d-48d7-a802-c337234f789e,c3b7bf24-fb38-4f99-abfb-24430639e44e,Joseph Pham,teller,107055.65,2022-09-30
23b2cd3c-cd80-492b-804f-604e4c328d00,b3bae420-316e-47b2-9d82-4c5b945ecb79,Elizabeth Smith,teller,92463.63,2024-05-13
95c35fff-dd1a-4be9-8198-9d23048b69c4,54ef0f8e-3572-41bf-a816-fe31cf747cb0,Emily Long,manager,95593.94,2022-01-17
4d551c19-a77f-4ab4-bbb6-5e280857184b,164141ed-0563-4902-8688-85786c9cf60c,Robert Bruce,teller,91905.45,2020-03-30
91c5ffe5-63d2-4459-9076-1089ebb17731,047e6d69-c10f-4017-b679-f5e6725bab5b,Ashley Robles,security,31237.9,2023-09-04
7d35883b-b965-4b3b-aaa1-260a651d4971,03ea00f1-695a-4c9b-b916-c0916cfa9b75,Larry Smith,teller,62335.58,2022-08-31
41a06a2e-a9cc-478b-9329-18aa22bdebb1,46c5c870-bf22-48a6-9770-185dc91d2ec1,Lynn Soto,manager,101620.92,2023-10-27
6c4d5777-a05a-499e-ac25-cc71cf32d111,730c138b-6cc3-411e-8683-19c7bcb561ba,Charles Jones,customer service,94045.4,2021-05-20
bb601307-1740-44b3-9170-afbd47033951,54ef0f8e-3572-41bf-a816-fe31cf747cb0,Jerry Sanders Jr.,security,54916.15,2022-09-15
2cda70b9-4642-448b-bba6-6c41315b1852,b8830c72-b1a2-49dd-8fdc-3c4ade588cd2,Monica Hill MD,customer service,70269.9,2021-06-09
ceb82169-c71c-4244-9d18-83342210892e,bf13ef6e-8750-4a6b-b551-0e08bee45c60,Scott Murray,security,100579.9,2022-12-04
2e4bc577-7c79-4fac-9cdc-401b100521d7,ae6a5823-b073-461b-a215-5babdefc7a8a,Heather Stevens,teller,41247.49,2021-02-19
8bdb941a-7b0a-4d84-9ae3-273ee7603670,84451fef-3314-48f2-92ff-13a1fc5c8c89,Alexandra Oconnell,customer service,94424.39,2022-03-04
55133eae-e665-498e-a8f2-b0aab577fcf7,09cc28a6-f89a-41e6-af47-d69baf8ae450,Frank Stewart,teller,87968.22,2020-03-28
f13d23bf-26f0-4ecf-a1c5-6eff32e4644e,17e9fb9e-54ca-4f6a-95e4-413dc73f9055,Derek Finley,manager,61157.01,2023-03-26
98436714-eb8f-4d3b-9d5f-89fa1606aea5,58e5e4a7-e13f-45d1-9fa2-a5bb6a049d7f,Elizabeth Hughes,customer service,106884.29,2021-08-16
9ef30089-2dfc-4ebe-8152-20926065a448,3bf28c6b-d733-474b-9e9b-86164a07887b,Benjamin Young,manager,66190.58,2021-12-02
dc73ac11-5940-4bc1-980d-1d30c31726ee,08602c1d-246a-49e0-9f64-10c6e7a46d8b,James Rivera,teller,106566.29,2022-07-25
49847dc4-d41a-462c-a39c-e058bf64f6d5,9c4cad0f-0c82-4634-9875-de83b6103f38,Colin Robinson,security,58085.1,2021-08-13
218e7470-0004-40fb-a72d-2c4ffe94ebf6,d9b0a211-53a3-40c6-abde-8d924b4d61d8,Tyler Cherry,teller,115085.75,2022-01-10
1d645a23-fbdb-4332-8dff-e1ee4364c402,d9b0a211-53a3-40c6-abde-8d924b4d61d8,Jacqueline Forbes,security,65030.3,2020-09-25
224811f2-c5c8-4116-a99f-7045c72dc02d,bb9a7783-159a-49b4-8712-cb17b84efe20,Vanessa Nelson,teller,62646.54,2020-08-03
104b63fa-c491-4e40-b070-da7a4f08842b,5aecfe7b-0a77-41b1-a73e-95d82bcb0589,Angela Thomas,customer service,51857.92,2020-10-27
b4ecb921-ad6b-4fd5-9ea4-a46da0cfc282,17e9fb9e-54ca-4f6a-95e4-413dc73f9055,Zachary Ward,manager,35959.5,2022-09-20
69937712-7c3a-4cf8-9380-3cb357c9f8df,036809f7-4c5c-4250-a289-cd957474c443,Ryan Potter,security,78450.9,2023-05-02
febb72f7-2460-406c-a6a3-ccf5804aef00,8b7d942a-7f67-41a2-8c4d-3a226d7c3204,Julie Cherry,security,66320.27,2024-05-23
a2124d80-4504-4a3a-ad60-e2b59749adea,f9833edd-c012-4f26-82b1-0b90e3618e03,Lisa Carter,security,53986.0,2023-03-29
5cd86760-b643-4fe9-85d4-e25258ccbd47,bb9a7783-159a-49b4-8712-cb17b84efe20,Kaitlyn Webster,customer service,45632.19,2021-08-02
8b6bff83-bc43-4342-be50-f94a60e7fbe8,13847f3d-fd42-44c4-af9a-0ea9ab6afb56,Karen Lee,manager,32799.33,2021-09-15
18ff2f87-fea0-41fb-9392-b9927ffb8508,54ef0f8e-3572-41bf-a816-fe31cf747cb0,John Johnson,manager,117460.25,2020-07-31
d5350861-bf23-4672-b56a-1461a3a19e17,756cf303-3787-4647-9ac2-10af66f6cf51,Allison Hahn,teller,106076.47,2021-02-06
2f37bc05-5995-4e96-b081-4971471c3dba,bdf36d31-38d5-4693-ad64-a87569f8dbb5,Billy Byrd,manager,86244.22,2024-03-13
cb1844c1-e1c3-47c9-b3e9-d1faeefcdee9,246beedb-c38b-4af8-af61-d7a24a36dc92,Ariel Adams,teller,52601.31,2022-08-09
cc04aadd-940f-4949-bf2b-eb24f3fa8769,2c41d420-2a18-42e7-a802-631bfc011e88,Michael Simpson,manager,68460.44,2024-02-14
25a03ac5-76a1-454d-877b-880a6a52f7e6,c4d1155b-8480-4a45-b753-3461a7c3b614,Earl Salazar,manager,43747.83,2023-11-05
31d93314-4b49-4cfd-ba82-a4a2bdff73c4,a4a3a4dd-49fe-480c-991a-f52d55d3b968,Anna Williams,manager,110415.55,2021-08-12
68c1dd27-4df7-445f-86cf-4afdcb7978b4,047e6d69-c10f-4017-b679-f5e6725bab5b,Tiffany Richmond,teller,34319.95,2020-05-09
71ec75d2-54f6-4174-bbae-23bbf72d3358,036809f7-4c5c-4250-a289-cd957474c443,Brenda Hines,customer service,52954.11,2023-04-30
4159b26b-d8c4-4d11-aa9d-448840ced847,455817cf-2796-4926-81f9-a04d20e28323,Benjamin Mitchell,manager,87840.01,2021-06-07
737bdade-05d8-485d-adb1-a3911e1c3e1c,c4d1155b-8480-4a45-b753-3461a7c3b614,Laurie Stone MD,teller,51174.81,2024-04-06
47e61008-d67f-45ca-8dce-3cbd8ceb297b,a4a3a4dd-49fe-480c-991a-f52d55d3b968,Christopher Anderson,teller,97500.7,2020-05-05
c136f20e-7f41-49dc-8622-45d1d78d1793,1e593d09-34f0-436b-890f-d73ddfd4d260,Jose Frye,manager,60421.72,2023-07-15
17ae4654-bf3f-44a1-8676-545f881fe0fe,b4ccfbd2-7e33-48c4-921c-c8895ff2dff8,Vanessa Garcia,manager,101164.53,2023-07-13
ea337b99-1689-49db-b486-d34c1dfb0f29,45dad5b7-80fb-4695-8928-469baa701b7b,Joe Zuniga,manager,39722.25,2022-07-11
4c28bb40-83ca-43b5-865d-a23d805511d4,3bf28c6b-d733-474b-9e9b-86164a07887b,Mr. Keith Perry DDS,security,81529.62,2023-10-17
044c6c04-1f9c-400a-b783-e9a1afbe831f,bf13ef6e-8750-4a6b-b551-0e08bee45c60,Jaime Mendoza,customer service,85723.19,2022-09-01
29d01c43-082a-40e8-a340-ac894274e446,3bf28c6b-d733-474b-9e9b-86164a07887b,Lindsay Garcia,teller,61701.72,2022-03-26
a1de0be0-dd5b-4fbc-8cfa-454305ea07cc,a652427d-e520-46fd-ae2c-27cbfc7d05e2,Kevin Martinez,teller,81253.44,2024-03-23
67388524-df6d-4efe-b130-d650de6cfaf9,f30382e9-370f-4e35-abac-4f527c261277,Steven Wright,security,34035.83,2024-04-06
4f3ac0ca-32e5-4e6b-b6c4-44d50ebf4410,730c138b-6cc3-411e-8683-19c7bcb561ba,Matthew Sims,teller,76063.89,2020-03-27
66ca86cf-14cf-423f-b5ff-0be0bd2ffc8d,9c4cad0f-0c82-4634-9875-de83b6103f38,Christopher Paul,customer service,105104.53,2021-01-12
4bb7451d-00d4-4ed1-91fc-c3fe5fc1c12b,0cfd3f9e-ac29-4369-8ffb-62dafa3eb04f,Ryan Lowe,manager,93554.97,2021-07-22
cbfd748f-ad7a-4e73-a4f3-80912e7ff604,7024d467-20a5-4bf6-ad7c-9ee28dadab42,Marie Williams,teller,91754.22,2023-11-22
c37cba5b-aae3-43e8-9b78-d7a64ac849db,d4766d9d-4a16-492a-9db1-176dccd2e0ab,Nicole Clark,customer service,36015.97,2020-06-27
201d8722-d996-4511-9714-f4bceec9b825,b8830c72-b1a2-49dd-8fdc-3c4ade588cd2,Michelle Johnson,security,92067.83,2022-08-04
7969a5a5-0147-4233-97da-69c8fe1831b6,eb6dfdea-3a52-46ab-9ab9-aee489c8971e,Jessica Ray,manager,89011.69,2024-05-02
af233bf0-5ede-494c-a4b1-a59cf3ebb214,6883a3eb-7e38-4902-b1a5-0af94a441ea1,Alexandra Conner,security,96427.43,2022-05-03
064fd902-632e-4fe2-a1e2-699965175af1,7024d467-20a5-4bf6-ad7c-9ee28dadab42,Daniel Mclaughlin,customer service,82514.99,2024-06-02
d7f03bb1-8a0b-47f1-a4b6-4a453450078e,3461af74-b8f1-42a7-9c87-28979c1716e7,Craig Carey,security,79265.54,2023-03-03
80ab0e7c-806d-473c-af63-0b6861ef5145,282af051-7b7e-42f8-9d38-789bb6407978,Gerald Long,teller,84696.81,2020-03-25
865ecafc-0cb4-48ee-9aa7-80a406f52c56,d1d41129-6814-461b-9280-46be7dec3ce8,Allison Hodge,teller,101347.2,2020-08-24
42a51359-5e5d-4ce7-8b71-a5909b24dd76,13847f3d-fd42-44c4-af9a-0ea9ab6afb56,Jennifer Williams,manager,79183.54,2023-04-17
39248a85-0a52-4b2e-a5ff-0737ef7aa9e4,f30382e9-370f-4e35-abac-4f527c261277,Nicole Johnson,customer service,86084.64,2021-02-17
bbf3bd28-ce92-4ff6-a1ff-0185dbf48671,26ee1e1c-6dd4-461b-8099-eef6a35cb493,Stephen Miller,teller,65166.9,2020-10-14
599d1b43-5cb8-4732-bc55-39f0bc3c4fca,95f61838-f16a-4d2a-9046-e4baeacacb5e,Mr. Thomas Stark,manager,35017.89,2023-03-18
90925340-d981-4e01-a33b-3e25c978660e,891b2254-8a35-4f2f-8a03-3260381fe3c3,Joseph Davis,manager,89341.88,2022-08-24
ca644db5-3184-4fc3-abba-1a0b2e7cf553,debcccf4-69ba-4005-9f94-4a312fafb319,Dominique Dunn,manager,67420.51,2022-09-02
bacadd0c-a86f-4211-9d58-76f34bd34d82,7024d467-20a5-4bf6-ad7c-9ee28dadab42,Scott Mcguire,customer service,43872.87,2021-07-07
f2c378fa-e05f-4e20-ad42-2430c02ce4d6,debcccf4-69ba-4005-9f94-4a312fafb319,Travis Liu,teller,40407.66,2020-04-13
5616a07e-6b37-4c84-8847-b79b00f5868e,a652427d-e520-46fd-ae2c-27cbfc7d05e2,Edward Rodriguez,customer service,108712.12,2023-06-27
40240fae-0bca-4e97-a6ce-ec875a982fda,2c41d420-2a18-42e7-a802-631bfc011e88,Thomas Lewis,manager,112589.91,2021-12-14
214bfc92-b056-4383-93a6-0b236620c33a,f30382e9-370f-4e35-abac-4f527c261277,Robert Bates,teller,105536.15,2021-04-09
3e020d1c-30a5-4d61-8c7b-b5a1f9df1243,891b2254-8a35-4f2f-8a03-3260381fe3c3,Patty Jordan,teller,33912.7,2022-01-30
ad5597a8-8067-40b4-b6a3-179916392e7d,7e577f5a-7c94-4e77-a915-aee2f44ce936,Thomas Romero,customer service,42973.04,2024-04-14
a337356c-68ef-4a86-b7fd-af86922c7000,00f1a1e1-f5de-4821-beb0-186bc7a21fcc,George Vasquez,customer service,30125.67,2021-03-01
7bc82b5f-8e5b-4f00-b49b-25646d62b70a,1720375f-7e4d-427f-9b02-03416528bcd6,Deborah Lyons,teller,66034.72,2024-03-16
12728e7c-312e-4d62-9c9c-75cca17faf66,5aecfe7b-0a77-41b1-a73e-95d82bcb0589,Paula Pruitt,manager,106385.68,2024-06-11
af17454a-2ce6-425c-83bf-82fa17827d4d,695bc227-6842-485d-884d-261d2f06175e,Nicholas Davis,security,53665.92,2021-07-10
88a109bf-137c-41c3-a6b2-e0a2067f4b36,a652427d-e520-46fd-ae2c-27cbfc7d05e2,Michael Brown,customer service,44699.89,2023-09-28
3fea0f88-936c-4151-a1c6-1ee02b0feda1,755de82f-3c13-4477-8428-1831d4964812,Jennifer Jones,customer service,77689.26,2024-01-13
6000ac22-6f09-4831-8d86-55b1d35b782e,46c5c870-bf22-48a6-9770-185dc91d2ec1,Tyler Brooks,manager,50870.65,2021-12-24
47a1d7c3-cc87-4ee3-8421-7db3293ae62e,455817cf-2796-4926-81f9-a04d20e28323,Michelle Hodges,security,60443.77,2022-12-30
02e51f51-557b-4566-8d94-9d016dce40bb,ca33a43d-44e0-4f57-9249-9a031f489ac4,James Pierce,manager,36349.02,2023-03-09
c13fde2a-dbfc-4856-a1ef-f4350f267532,580d3107-1fd2-496a-8a13-c9c020b22f74,Richard Grant,manager,30732.39,2020-07-02
de3d533f-c09b-4d9d-80ea-4c47b8caaf8f,2c41d420-2a18-42e7-a802-631bfc011e88,Amy Fuller,customer service,111888.34,2022-09-01
58ed4ade-c514-490b-8219-d2e7f3324cc8,f1484d57-3d30-4783-91c3-124feab4beac,Jose Reed,security,35751.16,2020-01-16
2c369a1a-e309-4a5d-b96c-63b5fbac7c97,b8830c72-b1a2-49dd-8fdc-3c4ade588cd2,Adrienne Hunt,customer service,60808.3,2021-06-08
fd28cacc-0a08-4494-b9e9-d22cb84aa890,0cfd3f9e-ac29-4369-8ffb-62dafa3eb04f,Elizabeth Weber,customer service,59217.77,2020-05-08
d3587c73-2ae2-438c-933f-19fbd69cd7f0,1624a1c0-66ab-4205-9e96-241b52ac8836,David Jones,customer service,78652.57,2020-03-14
2df70f8f-4365-414a-86f6-2b31644b59fa,e9813b60-a3b5-41bc-92bf-7f6803266d2b,Amanda Larson,customer service,57446.8,2022-11-01
25b708b4-81e2-4951-8556-0d18ab344a66,bcafe36d-1f48-4edb-924d-a9489bf1c893,Michele Leach,manager,32712.37,2024-05-04
bd777673-8292-42cd-8da1-f52411003a58,95f61838-f16a-4d2a-9046-e4baeacacb5e,Sandra Sexton,security,40053.71,2023-03-07
b971be7e-bd07-47d8-8807-c07f712a4fb9,b8830c72-b1a2-49dd-8fdc-3c4ade588cd2,Omar Moore,manager,42693.92,2022-06-16
b6414b4d-57fe-4df0-9326-73adbf3ce3e8,1720375f-7e4d-427f-9b02-03416528bcd6,Brenda Guzman,teller,88128.51,2022-10-03
d025e6dd-2e8d-4e8f-8a66-c755f862b483,d9b0a211-53a3-40c6-abde-8d924b4d61d8,Edward Edwards,security,58450.64,2020-09-24
0bb568a6-17a1-44fc-879e-17ceadd7a485,1720375f-7e4d-427f-9b02-03416528bcd6,Michael Mack,customer service,99345.09,2022-08-30
db7c3978-f47c-4aab-a9cc-b47c83e82845,ab82a775-efe4-49cf-844f-38dc43ede502,Amanda May,customer service,35161.77,2023-09-24
09bdff72-7b70-450b-98c5-cb62f24c439f,695bc227-6842-485d-884d-261d2f06175e,Brittany Kramer,manager,82483.35,2020-12-15
9c03de0d-c67c-4389-ae84-7947e7733996,b3bae420-316e-47b2-9d82-4c5b945ecb79,Steven Nguyen,teller,115515.42,2020-11-12
5367e80f-1f32-4ac4-a3f5-86778e1be414,d4766d9d-4a16-492a-9db1-176dccd2e0ab,Nicholas Turner,teller,97881.66,2023-12-06
e09ee3a4-c0da-433e-bef7-8a0d2de70137,26ee1e1c-6dd4-461b-8099-eef6a35cb493,Kenneth Lindsey,security,66841.92,2021-03-22
d3373592-18f6-4735-be6d-cc455ab89048,05eb0fe3-9f32-432e-a675-6c69ec4ceb38,Dawn Dyer,security,64479.09,2023-10-02
d8dcb5b3-21fa-4aeb-9025-2a2154a22ed1,33433fa0-5305-41e6-a41a-17f94b5a3b92,Jesse Berger,security,103980.25,2020-05-06
2c18f8e2-b8af-46e5-a426-0d41f40243cc,730c138b-6cc3-411e-8683-19c7bcb561ba,Heather Orozco,security,119921.27,2021-05-18
8c0b22b3-f72c-4d15-868a-a25716649d89,95f61838-f16a-4d2a-9046-e4baeacacb5e,Brent Mckee,manager,91096.62,2021-05-07
2e660d49-7448-44ae-b193-5510e05ef4f2,ae6a5823-b073-461b-a215-5babdefc7a8a,Tiffany White,manager,65504.41,2021-11-12
ad1848a9-5be5-441a-85c5-62a1cdd471f1,95b397b9-3c37-455b-a168-e3e6176a8909,Alexandra Rodriguez,teller,101381.51,2023-01-05
f8bdc3e6-0522-4797-82d5-eb4f0bc4affa,7e577f5a-7c94-4e77-a915-aee2f44ce936,Thomas Park,manager,107840.42,2021-08-30
36843b2e-6c23-4420-9823-ee7296e3bb28,54317197-6598-43de-886c-b78bd4c3b59b,Dr. Andrew Smith,manager,118510.13,2021-06-05
c4190ff3-2448-41fe-ad28-4030386c700a,bf13ef6e-8750-4a6b-b551-0e08bee45c60,Christopher Haley,customer service,52086.48,2022-05-06
a7f62a69-7cd6-4efd-98b2-6555c51c3139,81a6ac23-78f1-4be8-9d7f-a637c8eb235c,Alicia Huff,security,87799.24,2022-01-11
b12508d4-9e91-4b48-926c-fc575f570d38,08602c1d-246a-49e0-9f64-10c6e7a46d8b,Brandy Morris,security,74193.83,2023-08-05
450d626a-6c10-49af-9d93-53b62e7e9c05,679f824c-6c85-47f1-990d-ffd59c80a1d2,Kim Newman,teller,83356.34,2022-12-23
fd5d53bb-8636-46f3-b286-713c4bc54cd1,0beb0249-f289-4da6-a57e-8a647d8c3633,Cheryl Fisher,manager,94994.98,2024-05-28
215c7fa4-658c-48b2-83f7-75f449ca19e0,f1484d57-3d30-4783-91c3-124feab4beac,Joshua Jones,security,118743.64,2020-07-03
4af4cccd-108e-4e75-9e2c-9e4fd29dc83f,13847f3d-fd42-44c4-af9a-0ea9ab6afb56,Darlene Chavez,teller,108649.89,2021-12-14
dfe9b013-00bd-454a-a0d7-0b0f91e8108e,84451fef-3314-48f2-92ff-13a1fc5c8c89,Caitlyn Garza,teller,76559.84,2022-12-25
5c2d6690-6a7c-4b2f-b65b-753564db8289,17e9fb9e-54ca-4f6a-95e4-413dc73f9055,Ronald Werner,teller,37102.4,2023-06-08
24dbdf9d-392e-4274-ae66-f835df46bd91,bcafe36d-1f48-4edb-924d-a9489bf1c893,Sheila Taylor,manager,109481.87,2022-08-31
a1f6af92-05e7-439d-a5fe-b88b043eced3,fd39f5a0-80c7-40f0-80d9-79cf499d1b84,Ronald Bailey,teller,84242.95,2021-07-17
cf937723-ab96-4871-bd48-03619d1141f7,d1d41129-6814-461b-9280-46be7dec3ce8,Brenda Maynard,manager,101177.81,2021-02-09
190868aa-3484-46da-8a97-f874411395fd,0ed7ac66-f673-4ef3-9b36-7bc078dcdf55,Crystal Clark,security,88770.16,2023-08-11
6c1f98cd-a251-414c-a4ca-d21482f64003,46960e4b-0e5f-4810-beee-1dfddfe0fd01,Patricia Perkins,manager,83847.46,2022-02-04
d9029c0c-0a60-40cd-9295-c541c82ef9da,45dad5b7-80fb-4695-8928-469baa701b7b,Laura Acosta,teller,54244.91,2024-01-03
e386b875-c93b-4d18-b5fb-8f8b1c45f0c6,820bc411-933c-4a1e-b600-7c84a809ca05,Karen Williams,customer service,119852.1,2022-07-24
09ad3dc0-ac8f-4834-9539-9e5afcbd9ffe,bb9a7783-159a-49b4-8712-cb17b84efe20,Mike Jones,security,73227.46,2021-05-25
a3e8acef-6b58-42b4-a8eb-4f3fa71bc7d6,580d3107-1fd2-496a-8a13-c9c020b22f74,Jason Calhoun,security,42139.06,2022-03-31
c63f7ca3-1037-41d5-ba54-ef1a5adea6e7,246beedb-c38b-4af8-af61-d7a24a36dc92,John Shepherd,manager,51222.85,2020-08-24
b5e8bdad-9439-44a1-99ce-e9ba1514d606,d4766d9d-4a16-492a-9db1-176dccd2e0ab,Derek Cooper,manager,64689.57,2023-08-28
4ce2a319-70c7-499a-aa40-067738552ea2,0beb0249-f289-4da6-a57e-8a647d8c3633,Bobby Fisher,manager,73114.78,2021-01-20
efb0281c-dcc2-4099-b6e8-341953c4f97f,95f61838-f16a-4d2a-9046-e4baeacacb5e,Kayla Rice,teller,60885.52,2024-02-28
c088fcfa-5637-4f09-a48c-a83d2235a5af,3c081a51-26c4-4471-9316-1fde05f603a0,Allison Morris,security,105171.62,2024-05-03
0e443819-b17d-4ea9-925c-08324ae61db5,95b397b9-3c37-455b-a168-e3e6176a8909,Stephanie Richards,customer service,76062.09,2020-02-26
5e3d8c3a-f79f-41b6-bff3-832b89d059e1,e181dabb-9aeb-4d86-8553-b2d6591ec7f3,John Miller,security,94700.03,2023-03-18
e82cbc4d-b02e-4a9d-9158-6f3e88f38945,bdf36d31-38d5-4693-ad64-a87569f8dbb5,Gina Escobar,customer service,93266.85,2023-05-21
c2830cb5-a44c-4203-bc5a-6ac790ebe972,21775432-f02b-4ec8-92c2-eefd96c65e38,Isaiah Potter,customer service,54787.6,2022-11-09
7b02e443-59c2-4b9e-b14c-c79d6cf6088f,bdf36d31-38d5-4693-ad64-a87569f8dbb5,Valerie Bailey,customer service,36643.06,2024-04-07
efc261ae-de1e-4d43-b7cb-6078582b4294,e9813b60-a3b5-41bc-92bf-7f6803266d2b,Peter Hicks,security,78511.09,2024-06-28
f6dd8fd7-6d90-4d63-b7f3-6890288f63d5,756cf303-3787-4647-9ac2-10af66f6cf51,Jessica Smith,security,41940.4,2023-06-08
c7cb95b1-fdf5-4c87-b0ef-b3c7110af67b,820bc411-933c-4a1e-b600-7c84a809ca05,Alejandro Lambert,teller,103755.64,2023-11-19
409022e3-22fd-4fdf-b289-79173200db43,33433fa0-5305-41e6-a41a-17f94b5a3b92,Michael Osborne,customer service,106644.62,2021-04-23
f1301894-8a7e-49ac-8112-14333bcd7b2c,e9813b60-a3b5-41bc-92bf-7f6803266d2b,Billy Brown,manager,111136.74,2023-03-12
64d07eb9-373c-464a-a6a2-5e373aea3bf2,6883a3eb-7e38-4902-b1a5-0af94a441ea1,Yolanda Henry,customer service,95362.67,2021-05-04
48895f85-2dfc-4d35-85e2-dd1fce936446,246beedb-c38b-4af8-af61-d7a24a36dc92,Lisa Bennett,security,42934.86,2023-06-24
a6fe61c3-47da-469c-afed-0461277ea713,1624a1c0-66ab-4205-9e96-241b52ac8836,Johnny Frank,manager,77795.93,2022-09-29
71ad1a37-6da2-40e9-998b-a6ed5a6920f8,8d48d083-bf74-42f3-834c-2df090bc89ea,Renee Barnes,teller,76029.4,2022-11-23
a5006788-8050-4152-b286-2b3ee5d4e1d9,b9d5eaed-b095-4c0a-8ffb-706bd8c0e3bd,Mark Stevenson,security,115204.19,2022-01-12
87a7c5de-439f-4397-b923-d0abcd5e497b,95f61838-f16a-4d2a-9046-e4baeacacb5e,Benjamin Goodman,teller,45818.5,2023-09-05
a3bfcb0a-67bb-42b3-9e01-98ece7957b11,94427511-061f-4628-aebb-7eb4251d1d6e,Sandra Roberts,security,114670.67,2021-09-04
587c6654-8c55-46a4-8224-8d1c8919a02b,94427511-061f-4628-aebb-7eb4251d1d6e,Rachel English,customer service,87625.13,2023-05-30
2cf57c4a-c564-4b49-b1f2-3483542e39d3,3461af74-b8f1-42a7-9c87-28979c1716e7,Suzanne Salazar,teller,118532.56,2021-08-03
ca9fa3db-0b38-4aef-81b1-9e1fd5b7376a,cbf873c6-dd71-4c1f-99a0-9b33c4325384,Robert Watkins DVM,manager,44256.19,2023-09-16
b8379381-b987-4aac-989e-601805acc2be,33433fa0-5305-41e6-a41a-17f94b5a3b92,Lauren Riley,teller,71490.42,2024-03-05
33f78455-d001-4f20-88c6-735a8422f699,f1484d57-3d30-4783-91c3-124feab4beac,Destiny Meza,manager,71283.23,2024-05-13
0627c2dc-dded-453e-9a6b-0f5dfd949fd6,b6942c8a-9051-4c27-bf6c-c04c2796aa84,Mackenzie Walters,manager,70206.27,2022-04-04
3cf29167-4558-419b-925e-58e52438e6aa,9c4cad0f-0c82-4634-9875-de83b6103f38,Meghan Porter,customer service,113697.7,2022-05-23
d123660b-89ce-4409-9fde-f8538e250dac,2c41d420-2a18-42e7-a802-631bfc011e88,Robert Walsh,customer service,99018.31,2023-02-05
8aa8a0a3-9d43-4965-b2eb-79876d3d79ca,eb6dfdea-3a52-46ab-9ab9-aee489c8971e,Melissa Bailey,security,52942.34,2022-05-21
a1cc81c8-ef26-4d7d-9e95-74ac0c89832c,ae6a5823-b073-461b-a215-5babdefc7a8a,Holly Townsend,manager,75631.88,2022-07-26
8308e013-c5e9-4b60-94ce-27062717fb57,23b85273-3230-42a7-b172-54f0f406ae4e,Joshua Bowen,security,103239.24,2021-03-15
de79b747-7c65-45fc-9728-3d3893c801a2,0cfd3f9e-ac29-4369-8ffb-62dafa3eb04f,Brian Nolan,customer service,77820.52,2023-11-13
0e9704ef-8f1a-4773-9d22-0732a96c1aa5,bb9a7783-159a-49b4-8712-cb17b84efe20,Derrick Morales,customer service,91243.25,2021-04-26
e6e84e25-9faa-41d5-96bc-22f6b8c7075c,0beb0249-f289-4da6-a57e-8a647d8c3633,Timothy Bell,manager,113884.59,2023-01-09
6ba2b984-307a-4e1d-ba42-155fa049f760,46c5c870-bf22-48a6-9770-185dc91d2ec1,Matthew Baxter,security,42541.34,2021-04-30
2a19b4c6-a9af-4eab-aeb9-b00e93b4262c,9c4cad0f-0c82-4634-9875-de83b6103f38,Jennifer Guerra,manager,72880.11,2023-03-12
9a95e396-6144-4608-b0bc-cee4301218f3,d586f55e-a38f-4f14-82c5-f90264b0e1b0,Sydney Martinez,customer service,41428.89,2024-03-29
33769ac9-56fa-4f4b-a81b-9ab298ea707d,3c081a51-26c4-4471-9316-1fde05f603a0,Jordan Smith,manager,39515.43,2022-07-11
e25bfae2-1e66-43d1-a286-5a57c8f3a2e1,b024c32a-15fd-4a6f-8ae3-0391b2072fb4,Felicia Davis,teller,61474.26,2020-06-04
cf714a0f-ce5f-485b-8881-5b98e41f07b1,6883a3eb-7e38-4902-b1a5-0af94a441ea1,Gerald Forbes,security,80919.48,2024-05-25
17b9f7de-070f-4bd7-a2b4-3d4b6c97905f,58e5e4a7-e13f-45d1-9fa2-a5bb6a049d7f,Susan Wright,manager,119024.28,2023-08-08
2911b6f2-e858-4da3-980c-f87d31b5abcd,23b85273-3230-42a7-b172-54f0f406ae4e,Michael Davenport,customer service,65394.62,2024-04-05
01702052-5b82-48f4-b14d-f6e49833af4d,0a0e06ec-72d4-4163-854f-ec1add424720,Donald Hall,teller,111281.2,2023-10-29
3f29ff8b-63c9-465e-bce2-4e3aa7fecb37,0a0e06ec-72d4-4163-854f-ec1add424720,Katherine Ponce,manager,81220.7,2020-12-26
36b56e5b-3c58-47b5-a35f-31f996cd3300,c4d1155b-8480-4a45-b753-3461a7c3b614,Kimberly Sullivan,manager,114131.6,2023-12-27
ebb92302-fe68-4e9c-91a8-8344e41e3159,c2f15518-5df2-4318-9ced-2f4265273206,Thomas Logan,security,98138.11,2022-05-08
5b88bfe1-8283-4db1-a1c5-8b5c896b5c91,1624a1c0-66ab-4205-9e96-241b52ac8836,Crystal Sanchez,manager,119432.68,2020-09-07
97db6ac3-5dff-4747-8838-871d6e2adeb4,54ef0f8e-3572-41bf-a816-fe31cf747cb0,Lindsay Murphy,manager,101531.75,2024-07-04
306f39b4-bb90-46a1-8111-cea29bbe67ba,7b28593a-9d87-4b2e-a63a-9f1359a6ffb2,Ryan Taylor,manager,111518.45,2020-02-26
025353a3-f1fa-40d2-97c2-0f69950f703c,95f61838-f16a-4d2a-9046-e4baeacacb5e,Cindy Hess,manager,48919.24,2021-04-30
c3f992fa-6e8e-4e6a-9fbb-885bff332de1,03ea00f1-695a-4c9b-b916-c0916cfa9b75,Ryan Bailey,customer service,107402.55,2020-07-17
ad230fef-08e9-49fb-9d41-5ec733048459,c4d1155b-8480-4a45-b753-3461a7c3b614,Tracy Fields,teller,35656.22,2021-12-05
8b6d2436-a402-428f-8ac4-ecc3287d7d16,891b2254-8a35-4f2f-8a03-3260381fe3c3,William Taylor,customer service,56547.12,2021-12-02
f4a836ed-e999-415e-bd9e-4da90d39b830,eb6dfdea-3a52-46ab-9ab9-aee489c8971e,Michael Case,security,65635.11,2022-06-01
4953825a-84f0-4c5f-8a29-530542f3c970,3bf28c6b-d733-474b-9e9b-86164a07887b,Kevin Ewing,customer service,91316.41,2020-07-17
8a526651-f0b0-4b31-bd3f-714fe23362ca,c2f15518-5df2-4318-9ced-2f4265273206,Mary Walker,manager,82367.23,2022-02-27
023b0a2c-2e66-4c53-a449-eaaac99de700,8b7d942a-7f67-41a2-8c4d-3a226d7c3204,Suzanne Williams DVM,manager,83037.04,2020-06-16
236c3bdb-d3b2-4373-8b0f-a0d094edae0d,1953d6e5-4551-4a28-9622-348c773d307b,Lucas Keith,customer service,72199.49,2022-10-31
df50a0ea-1525-45ef-840b-20b25a5ed7ba,c3b7bf24-fb38-4f99-abfb-24430639e44e,Ms. Deanna Perry,security,108201.9,2020-05-12
fe9c8073-1e5f-474a-88b8-c208af7bec8e,e181dabb-9aeb-4d86-8553-b2d6591ec7f3,Kiara Hughes,manager,42718.03,2022-04-13
795d30d9-d686-4515-a0f5-4b89c8c7ff67,1624a1c0-66ab-4205-9e96-241b52ac8836,Matthew Fowler,manager,38282.7,2020-11-02
73aec34a-f0bd-4164-a14b-3695f85fd5ba,1e593d09-34f0-436b-890f-d73ddfd4d260,Lauren Brown,manager,118164.7,2022-05-17
a4b63bc6-3f1e-4362-9b26-8dd9d066a895,b024c32a-15fd-4a6f-8ae3-0391b2072fb4,Rebecca Cardenas,manager,81950.99,2022-05-25
43319e97-251e-4bfb-b231-d5eade9b5e27,10e8ec1c-e94d-49c0-9dac-a3939f468895,Dawn King,customer service,67875.95,2021-03-26
714f2cbc-db8a-49fc-a707-69f89ffa3d2f,ca33a43d-44e0-4f57-9249-9a031f489ac4,Joseph Edwards,teller,92353.83,2020-10-22
ad8c0a91-270d-4801-994d-0f937a09b5b5,1953d6e5-4551-4a28-9622-348c773d307b,Andrea Love,teller,103668.29,2022-03-20
ec2a171d-d8ba-4522-897d-808160184f9b,d9b0a211-53a3-40c6-abde-8d924b4d61d8,Gregory Camacho,customer service,114634.26,2023-10-16
d58bd5d7-98de-4d09-922d-c11880485fec,455817cf-2796-4926-81f9-a04d20e28323,Michelle Hughes,teller,85448.35,2023-08-21
635282ec-a9b6-42a8-82cf-4122dd2594d4,95f61838-f16a-4d2a-9046-e4baeacacb5e,James Webster,teller,96844.53,2024-01-30
aa195ec8-ffdd-4bb9-925e-aa8438757c6f,7c289ae8-5aa4-4aff-94da-5c7edf699972,Sean Perez,customer service,39995.72,2020-07-31
ab938db7-2d77-4f97-b016-01575b612ad1,58e5e4a7-e13f-45d1-9fa2-a5bb6a049d7f,Brian Chandler,security,75288.21,2021-02-23
dfa7ee83-3a5a-42b9-813e-18a5b0e63596,d1d41129-6814-461b-9280-46be7dec3ce8,Carol Wilkins,manager,99610.67,2023-04-29
e9922116-4d31-4677-b72e-90e21bc6be04,34652dbc-c36a-4efb-a22d-e1c6c09bf2b5,James Castillo,customer service,30403.05,2023-03-25
db84f51b-c711-4ddb-a209-6dcc4b6a0d7e,08602c1d-246a-49e0-9f64-10c6e7a46d8b,Edwin Lee,manager,102945.45,2024-03-01
d0a0c421-c84d-4fff-936e-0f7af5d5df34,21775432-f02b-4ec8-92c2-eefd96c65e38,Rebecca Holmes,teller,101777.69,2022-11-08
c1048a47-fa94-462b-a836-9438c58efa46,246beedb-c38b-4af8-af61-d7a24a36dc92,Chelsea Holloway,manager,118614.43,2021-11-27
ae05cfb1-5eae-446b-8470-b8d61fb13631,bcafe36d-1f48-4edb-924d-a9489bf1c893,Brian Burnett,manager,106390.76,2020-02-09
e1d5c5e9-91e6-49d0-a4dd-dad38e6f462b,e181dabb-9aeb-4d86-8553-b2d6591ec7f3,Daniel Powell,security,80875.33,2021-08-20
c0bf909c-1957-4618-8fd7-9ce514553548,e9813b60-a3b5-41bc-92bf-7f6803266d2b,David Hernandez,security,92374.23,2021-10-10
2e720e1d-c52f-42c5-bf8e-2aecdda3bbfb,1b3c36d4-4acd-45ee-9a9e-e2bf9aa24948,Megan Taylor,security,114538.34,2022-05-10
048b1648-a472-4420-b5f1-8daeaa628612,03ea00f1-695a-4c9b-b916-c0916cfa9b75,Joe Cruz,security,34915.01,2021-06-01
44e865af-2801-48d1-a0ce-013a0fd9aebc,c4d1155b-8480-4a45-b753-3461a7c3b614,Amanda Haley,manager,89931.23,2023-10-17
c4495542-1c53-4b72-aa84-8c5fe6d23934,f1484d57-3d30-4783-91c3-124feab4beac,David Hester,customer service,99613.93,2020-04-24
baf3800b-7060-4bff-a47f-c387252d616c,23b85273-3230-42a7-b172-54f0f406ae4e,Debra Kim,security,87185.17,2022-01-29
440a6d1e-8b10-4318-8cb2-faba34f03103,c4d1155b-8480-4a45-b753-3461a7c3b614,Pamela Barnett,customer service,111744.25,2022-07-20
6575fc4b-00d3-4961-a59f-58d2c346f687,34652dbc-c36a-4efb-a22d-e1c6c09bf2b5,Isaac Glover,teller,57252.08,2022-04-10
d2a20911-db8b-4955-9b9d-47adb828f474,1b3c36d4-4acd-45ee-9a9e-e2bf9aa24948,Jesus Bennett,manager,105701.3,2022-06-28
a2d1eeed-d32c-4eaa-8461-241e8996f43a,46960e4b-0e5f-4810-beee-1dfddfe0fd01,Brian Olson,security,72942.87,2020-10-31
b6d87ee7-6356-4b5b-8ffd-97d97c7346e7,d586f55e-a38f-4f14-82c5-f90264b0e1b0,Joseph Becker,security,68802.83,2022-08-21
0167d306-c314-4f23-b4d1-2dc54372455d,ab82a775-efe4-49cf-844f-38dc43ede502,Chase Mays,customer service,39919.59,2022-06-22
82240bf0-43a7-41c9-8b67-ae8e9595187c,d4228e20-badb-42e0-9acc-f6edf576552d,Jon Koch,customer service,80884.48,2021-03-27
bcac438c-5f3b-47ba-b6d8-cb465d708293,2c41d420-2a18-42e7-a802-631bfc011e88,Taylor Franklin PhD,customer service,31687.8,2020-04-01
baf7b75a-152f-47b0-9925-5a7e2fd67d8f,b9d5eaed-b095-4c0a-8ffb-706bd8c0e3bd,Kristy Smith,customer service,94332.68,2023-06-30
a5e68b2b-ae61-4255-b3df-3499ccf46bff,9c4cad0f-0c82-4634-9875-de83b6103f38,David Beck,customer service,41763.79,2024-02-18
283cfe98-8d7a-4bd9-8347-29daa1907161,d4766d9d-4a16-492a-9db1-176dccd2e0ab,Gabriel Wade,customer service,31775.22,2020-06-16
d2b3f0ab-ba3a-4c2b-a795-94ae5c4c87cf,f1484d57-3d30-4783-91c3-124feab4beac,Katherine Nelson,teller,86984.51,2023-03-24
f1276fc4-2baf-436b-a8a4-df836935585d,730c138b-6cc3-411e-8683-19c7bcb561ba,Alexander Wells,customer service,118710.99,2021-11-24
