investment_id,customer_id,investment_type,amount,start_date,end_date
c33ee072-29ee-4922-ba60-5a60b30e9ac4,b3e341e3-17ea-4c66-9543-14913002e3e5,mutual funds,180153.9,2024-07-14,2024-08-04
1077aae7-fe2f-41fc-8ec5-ed23c163e6be,5264b3bd-4e04-44b0-873a-e09f830e3a37,bonds,65921.63,2024-07-14,2025-03-23
d75ed7ce-2c22-4f19-aa5b-5865686c0de8,0929f035-e44a-406c-9fd4-f00424f04c68,mutual funds,85042.65,2024-07-14,2025-07-04
e12bae41-bafd-4642-86ef-346ff2cf78d9,22382d1b-e25f-448e-9454-e89d91db9693,stocks,149632.87,2024-07-14,2024-07-31
56cf9696-eb35-410e-919f-85a1888cef4f,29f07c65-9250-4f35-be2b-912a0e9d1331,stocks,193279.7,2024-07-14,2025-02-03
f63d248d-5dc2-4ef0-a886-75c95721b69e,d918f27d-f037-444f-bba4-4082a74fbc45,real estate,74187.92,2024-07-14,2024-07-23
959e93b6-9934-404e-b0c9-a9d14334e341,ebfb1ceb-7533-4e9e-b0c5-e0ed83eae578,stocks,20772.86,2024-07-14,2024-07-16
4c2283e2-6af1-4e39-9102-1b4bb548b61c,f3b1bc17-81f1-44dc-9663-e82e63a3a736,bonds,171137.81,2024-07-14,2025-07-05
3c510a94-a806-4c0b-844e-3511231c0de0,8441c7d8-0da0-4473-ad70-c163735c1ca2,bonds,30973.41,2024-07-14,2025-03-18
f1171953-9a75-480a-9131-79892156ae5c,4dd47e51-cf9e-4b4f-b35d-03e7cae6d398,real estate,112910.54,2024-07-14,2025-06-30
042d2a7c-c8f6-4ec2-87d2-e19035dcf501,8effa9ea-e43d-4826-a694-30d72bdcb7a1,stocks,122131.02,2024-07-14,2025-03-23
d55d8f62-274d-46c0-a34e-2dc665638360,879b69f3-d6d1-4908-ba71-28af3c81e5c4,bonds,162735.04,2024-07-14,2025-07-05
251b24df-a323-4578-a779-993c3a53fc4f,a6e09839-9f6a-4f4d-9854-b493d427719b,real estate,125097.39,2024-07-14,2024-11-08
8b7bad66-9094-4fd5-8c6d-2d1c4e810ee6,84fac005-335e-487f-8456-0cef82f4de18,stocks,147285.46,2024-07-14,2025-03-02
d2bea6a9-16a0-4373-9bd0-f9816f621b0f,7a9745fb-c9e5-4bf1-9c4c-f56f94aaddca,stocks,165329.86,2024-07-14,2024-10-24
4a6b0f5b-026a-4be4-b3d9-537430e48061,01b74b7a-bc7f-4080-b1b1-b1e1c68dcf39,stocks,156950.17,2024-07-14,2024-12-08
074006f2-86e2-4ebc-bdd5-ac0c9cd973a7,ffb37cca-a3d3-48f1-9bca-2334213d7694,mutual funds,98303.26,2024-07-14,2025-05-04
939c5018-fc49-4e3a-a333-1b0614988038,60987ea6-b004-48d7-beff-7a0d9aedabd3,stocks,6805.38,2024-07-14,2025-04-08
bf493052-8600-423d-aeca-8193b8306d32,101b00b1-643a-450c-b73f-a8b3b686cc41,stocks,165814.15,2024-07-14,2024-11-12
dd5eed8d-1f12-49e8-9bde-8e3b92db5e4d,f1318c8e-ee2f-4289-a605-8e05f9ca2c7a,real estate,154607.12,2024-07-14,2024-10-11
4dd1c10c-5069-436d-8628-1081b47c9557,97f9aebf-e96a-495d-a2ea-48d82392f188,mutual funds,118153.38,2024-07-14,2024-10-23
225bd7c1-18ec-48c8-b847-66d0b5c308bb,c3953774-b003-4799-a719-a62fe27ab055,bonds,46558.3,2024-07-14,2024-11-05
6de55b30-06e6-4338-96de-acb16bdf2323,16898fca-a4c0-48f4-8899-6f58c22d76b0,real estate,193255.16,2024-07-14,2025-04-21
4a58e1c7-b416-4bf2-a538-5454109cc741,3a6d9abc-8eaf-461c-8675-9cc7389f9ecd,real estate,11853.69,2024-07-14,2024-07-19
6c32f5ef-4e77-4f94-8bb4-2d61f4d431c6,c67e1c01-0924-49a4-bb6e-f28cb38d2390,real estate,136778.03,2024-07-14,2025-04-01
36791d15-4c8c-44c1-b515-81209d7a8092,fc4a7636-0150-43cc-af40-835021a2f123,real estate,168669.44,2024-07-14,2025-07-06
41c37ae9-0e85-4990-812f-22e8f6a7c813,ac3aa7c0-01a1-4e0b-9b98-06132e7efd19,bonds,82766.58,2024-07-14,2024-12-15
acae475c-8731-487e-8a91-460258dc5a54,e2496da6-1bfc-4304-844f-ee6244bb8287,bonds,64620.77,2024-07-14,2024-12-31
5983b1a7-a3eb-4938-8537-1b4f97a7d54c,85eae58a-e72f-4fb2-9be8-5ff32583e520,mutual funds,36687.47,2024-07-14,2024-11-17
dba64358-c1f7-44d2-b459-8463eca40ef6,b02fe948-38c0-4036-93e7-2b53f9f66e15,bonds,11281.89,2024-07-14,2024-09-10
4742c59d-94df-4712-9ac5-7d80b3dc0670,9a4a6d33-4006-4474-b338-a480dfb35019,mutual funds,12670.47,2024-07-14,2025-03-03
2d8a600f-f27e-42b1-9a05-13ea8ac6bdb4,0b7a9713-8d40-4df9-b61e-1a3d402fdc1d,stocks,127958.47,2024-07-14,2024-11-04
a32a89d6-d507-4299-91da-14116a13a97f,d589e29f-ffe1-4cd2-9be0-ff437388b361,bonds,79777.55,2024-07-14,2024-09-19
cdc47b01-81e8-428a-99db-1248708826da,225b4f71-53d9-4799-8943-9df5b0a0d183,bonds,95880.01,2024-07-14,2024-08-24
c3903363-8ce0-4cc3-b13e-52eada4be081,5a6ac23a-877f-44e5-bcf4-0259e54acbea,bonds,71120.82,2024-07-14,2025-04-19
37220eff-4cb4-438d-b975-283398fe6581,1057cb4e-40fa-4df5-a5f7-e044eaefab4b,mutual funds,57679.74,2024-07-14,2024-07-25
819a30e2-fdb9-4bec-b8fd-921933a22e83,06ad718f-39d7-4236-a014-3461ab10b07d,real estate,169345.16,2024-07-14,2025-04-16
c8beab17-85a9-406d-bf3b-1cd485e93c9c,bcb0ca25-d536-4fb1-9a23-a3c8244749e5,stocks,74185.35,2024-07-14,2025-05-12
c615b9c2-7220-4a5f-bf96-b2f9651fafd1,c730586d-1f12-4c76-bfbb-56168464cad8,bonds,34508.89,2024-07-14,2025-04-03
cc1916d7-983d-467e-abb1-4b9275ed7dff,1298544a-d3ed-4fa5-a281-ebfe04c29c05,mutual funds,199522.82,2024-07-14,2025-04-03
a5a64860-dafe-4815-b1d2-d4df491ecfb8,6682ff27-fdb0-466c-90a5-6738ded01c61,bonds,119599.43,2024-07-14,2025-07-03
baa87ce5-0515-4205-ba62-60d215d9d9f9,e7b6bff7-35ed-4ceb-ab57-02b0f50db91a,stocks,155813.74,2024-07-14,2025-04-27
1dad185d-14b9-4bf6-a2c7-2b1cc900a43d,13bf026c-059e-44fa-b5d3-a531da87131d,stocks,100453.08,2024-07-14,2024-08-18
70ec695c-2d04-436a-81b1-0837c5e47c01,9071cb14-f05e-4434-957b-2af59beebb8a,mutual funds,88351.48,2024-07-14,2024-11-23
c9f4195d-ee2d-402e-b3eb-347e0849023a,443174da-eb4c-4dc9-b540-881c482294f3,mutual funds,50223.94,2024-07-14,2024-11-10
c3bd3d44-0121-475b-8d1e-5a4e0b583625,863e0150-1382-4797-9994-531acd126248,real estate,194971.06,2024-07-14,2025-04-06
d3e13677-ab32-4969-854e-c7d286f89282,8e60366a-16ef-436d-b03e-4b7af70c9ed9,stocks,6587.21,2024-07-14,2025-05-10
81f53df9-54ef-4857-a3f1-37d32ae12644,16898fca-a4c0-48f4-8899-6f58c22d76b0,real estate,80714.73,2024-07-14,2024-08-17
08906006-fc08-481a-8a27-c962b39bc786,8a391bf5-0f53-43ed-a35b-1c8fe52d2bdb,stocks,7279.94,2024-07-14,2025-05-21
e6ab02af-dd99-42d3-abf1-e98ff8710e25,d991d9c2-b8c5-4eb6-baa3-09a49b0bab8e,bonds,157677.39,2024-07-14,2024-07-28
9d329693-f113-4972-94e0-3e1a3607c31f,92e98dbc-597e-4201-85f2-06378864c91a,mutual funds,21171.32,2024-07-14,2024-12-19
bf91da05-c75b-4e3d-a626-20e1a24aab4a,ee00aecc-94b9-4b64-92b4-59460288703e,stocks,179425.17,2024-07-14,2025-03-20
89db4482-801c-4b9a-9941-d71297a2e224,a984f17b-3d05-4a56-8ad7-44070e4cd636,real estate,154343.39,2024-07-14,2024-11-05
83d07b2f-3d0a-482b-aafa-cd7acd622bf8,2fb84584-4089-47f7-b9bb-d51d60033c2a,real estate,61765.04,2024-07-14,2025-04-06
25a1ab3d-fe07-406d-8808-d2fbb84c6d4e,b8bace2a-8b44-4fee-8321-32f28d3a0e13,mutual funds,151044.49,2024-07-14,2024-12-01
a91340a0-860f-4e68-89a4-425418d07ce5,d737bf9a-96a4-47d5-afab-149823d14c06,stocks,116986.76,2024-07-14,2025-06-26
beb5cf04-884b-4752-8875-43640cb08c5f,9ceb7144-c8e1-4990-bafb-3d3f22a08fc2,stocks,74357.24,2024-07-14,2025-03-09
8c5b7b37-ea1e-4c60-85c8-e8b4838dfe5c,a90cb7a7-bb78-4694-86ba-9bbf389081d8,stocks,13003.18,2024-07-14,2025-02-27
f9b12094-60c8-48c7-8786-c7907e7fcb0c,fe19d178-7d6b-4525-8ee8-5395c33b4d8c,real estate,116169.59,2024-07-14,2025-01-19
1711a8e8-93ae-4e43-afba-b8aa01e12319,e22601f8-e911-44e9-a54f-9b8f7d9ca68a,stocks,106824.55,2024-07-14,2024-12-18
0654c709-a78a-4e77-b68a-04bf12f80011,575ee5db-9f5e-4bfd-afe2-894822673909,real estate,115035.58,2024-07-14,2024-08-14
d28a3538-9e05-47da-9c3a-8685b518b272,72402917-63c0-40bf-8b31-73cece793419,real estate,145264.77,2024-07-14,2024-07-24
b0a3db07-b501-484a-beee-5aeee41888e1,5255d771-51f2-4e70-a81c-8abe835117c7,bonds,122918.69,2024-07-14,2024-11-26
188d7265-0797-4f66-b902-13cf3674c07d,93ad33e8-994f-45c1-bff5-e419ab5c9138,mutual funds,13277.67,2024-07-14,2024-10-25
57237943-c93f-4ef0-b53a-a4f2efb1537a,412b0295-9480-4e99-9017-3bc55decd04d,stocks,72700.59,2024-07-14,2025-02-02
5b199a06-3130-4c0c-97ee-3c24c87b5346,3d89cc45-1aac-4f06-a4ae-2be7c0484063,stocks,117566.18,2024-07-14,2025-05-08
c6c1dd5e-d1c9-4f44-b0ca-187a813d26c8,7b99b3a2-a414-4e66-bc6b-ab83e5a809f5,mutual funds,162811.69,2024-07-14,2024-12-13
6b58ba8d-4037-409c-86e5-c87a5e4e64ea,a5e60f88-d54d-467e-b097-c38e38300cc8,real estate,189108.78,2024-07-14,2024-08-09
d18a67d7-5ef0-42bd-9d8d-27d9d22bfe4c,4e7009ba-d0a4-4c7b-bbd8-51b8239d4c16,real estate,59489.69,2024-07-14,2024-08-18
30091338-6022-4f93-8934-ccf2f63c35f3,3f983184-2535-46ce-9e93-bcd61352d4b7,real estate,94634.85,2024-07-14,2024-12-23
f27cdf67-ed8d-4f94-bb4c-9ff91e1a1a8e,8b13bf63-0009-49e5-a168-4dfaa7e7e0cc,bonds,102746.16,2024-07-14,2025-03-09
e1bee4f3-8fc7-4cc2-af9c-d7fc80a5b468,2b3cbf01-6770-4209-bdf8-63a869316dcb,bonds,85681.92,2024-07-14,2024-11-09
35bdf0c2-abb5-4890-9155-2f7a51ed0698,a814636b-39bb-4a19-950b-4f8e66acba6f,bonds,78952.65,2024-07-14,2025-05-27
8645a98c-d529-45b3-b408-e6f07a463246,c1a98195-1f86-499b-a225-09e6f8e4a810,mutual funds,126942.65,2024-07-14,2025-06-01
967cd546-91f2-4039-8b78-3f17d9fb7c49,8e20888e-b718-48b2-b1b3-3e3623d47732,mutual funds,68328.46,2024-07-14,2025-03-21
c890c2b1-8d29-48bf-951a-2e13f1386643,6088b719-ff04-494a-bb6b-313022ec2019,stocks,119603.98,2024-07-14,2024-10-23
f40863f8-7c44-43c4-9925-d56329544422,ca0b3ccf-bb59-4b50-8c07-7c05a794bfdd,mutual funds,17542.53,2024-07-14,2024-08-23
3549b383-f447-4825-8b1b-65249388a2e1,70e94d3b-8ee3-48a1-b598-ec6d46cbf2cb,stocks,113526.11,2024-07-14,2025-02-13
885ca160-ed49-4697-bd14-ac7b049e3665,fa4c36b5-78b1-4264-b2d8-092fc95fbc5f,real estate,74477.92,2024-07-14,2024-08-08
f994abce-d8cc-4e68-9ce0-b1f2382aad64,c38fbe86-c38e-48d9-8cfa-d8170d7dd101,real estate,165399.76,2024-07-14,2024-11-16
02dee34c-4d55-4020-928b-870a2acd9cb6,a23acbb9-eb86-403f-8411-3cc057be3662,bonds,54968.98,2024-07-14,2025-04-14
2e5f0530-4f58-4008-8bb1-d991de2924a9,13a1f3b4-a778-4e64-bfc1-8cbce14bfd51,mutual funds,95371.16,2024-07-14,2024-12-24
eb239747-6476-4d01-95c4-29a7a44dcfa8,2b48efc3-d05c-4db9-8776-7452c7d95611,real estate,86193.93,2024-07-14,2025-04-24
16e00606-3fb6-47b1-8c28-843c16159dff,605607db-af6f-4466-9efc-0c989340fe74,mutual funds,44978.18,2024-07-14,2025-03-01
abf0e486-c722-49ff-9404-1975204ab133,6a98c01c-cbfb-432a-b0db-081893035701,bonds,23742.59,2024-07-14,2024-11-19
04a64854-37e6-4d03-aa9e-a025fe7fe143,7f340e7a-2de3-4105-a6b9-3bf369019338,real estate,187864.24,2024-07-14,2025-06-12
f62a5d11-2d15-4763-bce9-916aa2f8e656,01e6eb31-db5e-4758-b4ce-24df50b9282b,real estate,132445.8,2024-07-14,2024-09-30
1f5f9a26-37ec-4562-9502-cd539f14e8db,956fda63-d3a9-4ad6-86db-deb52fba426f,real estate,45565.26,2024-07-14,2025-03-03
20b0c9ec-89de-4815-83cc-cc20130ad99c,c9fbd4c3-f10f-47ed-9333-4af6aeecfd15,real estate,72062.75,2024-07-14,2025-06-23
c4abe5d1-a546-4779-863e-a2cc668108af,b46f843d-7230-4e05-86a5-48ee91e86754,mutual funds,142177.16,2024-07-14,2025-03-05
4df83717-fed8-4eee-b8fc-8a163d678f96,4b440644-9fbc-48b0-82a4-44496f6d0df4,stocks,39943.85,2024-07-14,2024-10-02
8e016a50-fd34-43cb-b2b6-1fae0eee6396,193a39b6-8d01-4b5f-aacf-10dbfbbbd784,mutual funds,133870.07,2024-07-14,2024-09-04
f59e63c9-d950-4395-8400-c8d884ebf7d0,97e5deba-def6-4bfc-8370-e9861418e718,mutual funds,113249.07,2024-07-14,2024-10-06
8dca9a1c-aeb7-4bba-a929-082bc2965dff,5bbd557b-8c8a-4f56-8f8b-dfac981ab572,mutual funds,128909.61,2024-07-14,2024-08-11
7a4ef96b-94ee-4fe8-a828-2bea9acb4812,da1ea04a-65ab-4f8e-9eb1-e578c9e2aa42,mutual funds,13191.18,2024-07-14,2024-12-31
62b29d0f-3ee2-40ba-8d71-507e0b6bb25b,7c0bed31-ce56-4e37-87e7-1540bcd2b942,bonds,69333.61,2024-07-14,2024-09-04
a5637258-cf92-4db4-adce-9223046ce739,fb0d5551-e57d-4713-9b51-8db8ede2a225,mutual funds,126085.45,2024-07-14,2024-09-20
39e0f044-8d02-429a-b7a5-305f6212a355,4d6ea108-931d-486a-8a1c-ce1af1bc686a,mutual funds,141696.22,2024-07-14,2024-08-08
52d93915-c065-4e8a-a304-be36dceccca8,e2e397ce-3717-40ff-91c7-4e6b1658a9b2,stocks,168550.08,2024-07-14,2025-05-19
e6d5605a-6c7a-44d1-a379-c741dc759486,4b426c85-2522-45c9-b271-e77c80a2d890,real estate,38551.21,2024-07-14,2024-12-15
ea3e6781-4d04-4cc4-b2e8-9c8b6eee1544,1c7ae074-4370-4aa0-9adc-368b71cdca67,stocks,111269.35,2024-07-14,2024-09-11
119620a9-5c87-4e13-8d1e-16ae695babb5,9b7cd76d-cb04-4646-b8ff-ff44a89615f7,mutual funds,165584.05,2024-07-14,2025-01-23
f00b6a46-be35-4139-b7ca-fe46081cbe0c,e08c5e42-856e-47fa-89f4-fa484a68bfcb,stocks,56089.37,2024-07-14,2025-05-12
61fd9d50-4c5b-4db6-94d5-1331d99a2305,32700920-8b57-4800-9a52-1ad7b6144ce7,mutual funds,63760.72,2024-07-14,2024-09-13
c2c3920e-be3f-49f7-99bd-46960454524c,983fb3b6-4c47-4f71-b778-2b22bbb93d8a,mutual funds,116888.9,2024-07-14,2025-06-19
0d00011a-dd0e-4571-b70c-84e4cad2a513,f99f5707-81f2-46c8-98ab-ee23040eecad,real estate,88795.74,2024-07-14,2024-08-11
ce635388-5411-4530-bd6a-0079b7bd1913,8e8ccd1e-0f34-458a-b2c5-d624e499219d,stocks,179277.72,2024-07-14,2025-03-07
72798e1e-ee18-4f91-8f29-1ffb5eb9bb3b,45660a39-3a51-48b6-9f75-1bf845567d47,bonds,195232.06,2024-07-14,2024-10-06
7a1ffdc6-02ce-4685-9820-6f0da2681382,9bb0b43b-dce3-4c00-9e18-2df06000e846,mutual funds,64278.97,2024-07-14,2025-05-26
c165081f-1048-463b-a890-f961d3ed2268,6088b719-ff04-494a-bb6b-313022ec2019,real estate,154874.42,2024-07-14,2025-02-16
3fc9dad2-43e5-4d89-94c6-ddad038650ef,6a976ea3-d391-41c9-a517-427475be3912,mutual funds,87194.91,2024-07-14,2025-04-27
5fcb1d46-3754-468e-89db-54b9d4ad590c,73be12d3-6020-46b7-ae2b-a09f8791d001,stocks,128096.21,2024-07-14,2025-04-29
f84e3957-b5f2-4d64-8f45-8ea1726a5386,221f3a45-bed8-421a-9c8b-b3fe66580d9e,real estate,61227.63,2024-07-14,2024-10-22
d982cb91-322e-48ec-9a58-91044fb02a36,22382d1b-e25f-448e-9454-e89d91db9693,bonds,21435.72,2024-07-14,2024-07-30
57c10244-36f0-415d-a022-cac87c598a36,01e6eb31-db5e-4758-b4ce-24df50b9282b,mutual funds,110024.47,2024-07-14,2025-04-01
f8f14a50-5f96-499a-b0b0-209d5b3baebb,790d418a-011e-40df-a39e-107fce7af123,bonds,167088.15,2024-07-14,2025-01-22
77e6fb18-03fc-4942-89c0-b7ee1a0fa9dd,ff92a990-c1d5-40a0-bc59-0b4a5170a916,bonds,136605.09,2024-07-14,2025-02-27
a729fd8b-9821-4bef-8cec-8cb361aa97e1,b4501268-38cf-45e4-af4a-0d6d0ad15368,stocks,78225.52,2024-07-14,2024-08-29
7231f681-8ecf-4ebe-a662-e6b727577aba,8e8ccd1e-0f34-458a-b2c5-d624e499219d,mutual funds,22248.36,2024-07-14,2025-05-20
e3012de6-549c-4c38-9231-4f7547dff2c2,45c778da-deb1-4f68-b010-312508ce46bd,real estate,13430.81,2024-07-14,2025-05-29
bbaffa7e-9d52-42d9-a83d-aeb51e4c0f00,006b690a-fac8-4962-969d-311673c3e183,stocks,156607.32,2024-07-14,2025-01-26
08444530-61f1-4438-a90e-724bae05a50a,575ee5db-9f5e-4bfd-afe2-894822673909,real estate,78786.49,2024-07-14,2024-12-31
f67e0e37-f641-42f2-a299-c3584dad541f,6b757091-c038-4ad4-b2b1-9c6efea088a3,stocks,11818.49,2024-07-14,2024-07-19
7a039428-d0b7-4a3e-a10c-65f245f451e7,6db7d267-de4e-4551-b5de-1e5bfa160680,mutual funds,120640.69,2024-07-14,2025-03-17
cec2a1d8-0b69-4d10-8b88-e5d11dbe5b77,0e2637b8-94a3-46ce-9986-1c9c3c108f38,real estate,184042.96,2024-07-14,2025-03-18
e3339e07-48e2-4881-b491-fbb60838519f,fb0d5551-e57d-4713-9b51-8db8ede2a225,stocks,34944.1,2024-07-14,2025-05-03
3b67cdb1-b789-437a-800d-4c4085c37e13,92bf5e7f-ba10-48ec-ae13-32123c6d771e,mutual funds,46938.08,2024-07-14,2024-12-15
3736d5d8-cd80-4a3e-8a0f-33f2a487a1e8,0f6e152c-2300-4999-9fdb-91cdd48d4435,stocks,30256.61,2024-07-14,2024-09-13
02608359-3963-44fd-a7ae-baf22013d29b,6c5d904b-d729-4187-903d-2a6c68ab7b74,real estate,10749.7,2024-07-14,2025-04-10
b2e7cf83-8a3d-4966-a1b3-3177e39aa31f,70e94d3b-8ee3-48a1-b598-ec6d46cbf2cb,bonds,14728.66,2024-07-14,2025-02-16
45e4406a-b12f-4731-9a9e-f4c08d2b1186,dc461bf9-33c3-41a4-9daf-fff228ba2009,stocks,172978.63,2024-07-14,2024-09-28
82be31c5-4ba1-4438-83a3-c8c330915029,8db81e1c-e898-4dc1-ab6a-c966c6db9f13,bonds,117713.51,2024-07-14,2025-06-19
3add3b03-e1eb-4fa6-ae48-f75cf81e8928,889d796f-1807-4dcb-aa7f-c971b7060314,mutual funds,93767.58,2024-07-14,2024-08-15
e661e0bc-7dae-4a4d-b8c9-8de32e380aa9,70e94d3b-8ee3-48a1-b598-ec6d46cbf2cb,bonds,170288.13,2024-07-14,2025-04-01
33ec6c2e-3bba-4c18-9705-b57decd7045d,063a8742-ff9d-474c-a9d9-6acdf71ea9c3,bonds,140663.25,2024-07-14,2024-10-15
20b9ca8a-3022-44b9-8baf-d39aa3cbf5af,49c8eb51-6c76-46e3-bd50-1437e3028c8a,mutual funds,42726.76,2024-07-14,2025-06-09
2a794138-99b5-4457-a45e-da25b9b42c6c,1c876314-b7f8-4f2e-a6d4-1cc96e289a19,real estate,134834.03,2024-07-14,2024-12-09
fc6fc373-dde5-4401-83a2-701c0cefcc2d,e6233897-1c0a-4e6e-b8a2-266d91a1285e,mutual funds,50070.71,2024-07-14,2025-06-03
307f3df8-cf3d-4e82-ad52-89781a98f401,6c230e5a-fede-4648-867d-528a5d7b906d,mutual funds,113389.36,2024-07-14,2025-04-21
e02f5857-fe41-49f3-be8a-dd90c92422c5,8993b2db-da08-45db-8475-2f8fe3b3e8b8,stocks,85719.66,2024-07-14,2024-11-06
f256a56d-38b2-4f3f-b92d-851a1cd680e5,7bd6efb3-2871-4a4e-9fd6-895d70e98da2,bonds,64370.26,2024-07-14,2024-09-08
58d506f8-08bd-4dbf-b9b2-e594880f1f3a,8f32dd0b-45cb-497b-89fe-8381736db113,mutual funds,183368.72,2024-07-14,2025-07-04
10729b71-c50e-4bb7-8b2a-7615a6c922cf,ab35dc31-2dcc-498e-9d1c-d3d9c099df57,mutual funds,89463.3,2024-07-14,2025-01-03
68d28258-c3a2-426d-bba7-dc2fe930608c,6715cdd4-bd09-4774-80f2-a690c7432b7c,real estate,81947.37,2024-07-14,2025-04-26
2be55487-10c8-4d2d-99ef-42ede2533044,885498dc-af5a-48f5-9a41-7b87e722079c,mutual funds,66642.28,2024-07-14,2024-12-30
dac83bbd-b456-433c-a64c-c9daa3714fea,b46f843d-7230-4e05-86a5-48ee91e86754,real estate,199851.57,2024-07-14,2024-12-17
0919c02e-ed91-4371-9895-6057cf32914f,5264b3bd-4e04-44b0-873a-e09f830e3a37,bonds,127467.3,2024-07-14,2025-03-11
11ae4b88-7b13-4412-8e4e-9644f5b49843,30d50579-2c36-4985-b747-dba53b9cd508,real estate,55651.79,2024-07-14,2025-03-03
830c2528-08cb-47af-bc7f-d30a4e3d916b,535de8f6-99c9-4564-a315-1f4017d89c40,stocks,13781.87,2024-07-14,2025-06-22
e9407c46-6d45-485d-9ae1-5a93f8e19642,84430ea5-2549-45d9-a4e4-c75a81680695,real estate,178752.77,2024-07-14,2025-04-04
6cb79925-5f9e-4821-803b-404cc0ef14a2,4813a8f8-226a-42ba-bce0-42d1b39ed07e,real estate,35179.91,2024-07-14,2025-07-11
59d7f573-c7ec-463c-b8d4-17656569a0ea,88fd4e8d-9a74-448a-a3f7-1840f7438f40,mutual funds,136855.22,2024-07-14,2025-07-07
8afdacea-bfb3-4789-acda-c2b12aa3d35a,1ccf6c93-ec63-4550-a470-bad716cc883b,stocks,6862.93,2024-07-14,2024-09-15
f524dced-af4b-4094-b63f-6b214ad4b993,c2c1017a-a44e-4a94-bec8-6510a8e365ea,bonds,177299.92,2024-07-14,2024-10-21
1fde7dab-8c6d-42d5-b5c0-d0c87dadadac,d18d609e-b281-4660-ab15-01fddd8881da,real estate,67248.47,2024-07-14,2024-10-09
7378ddef-5408-4dc5-8097-674b707318b4,b37ab593-f627-4c5c-873c-130b4e776e34,bonds,19956.84,2024-07-14,2024-08-29
21dc306b-903e-44db-ad89-3582bbe69ac0,61bd2e51-5a3d-490e-8c9f-056cf062b228,mutual funds,76151.52,2024-07-14,2025-06-27
a2c735a3-fc29-4fb9-a6a7-b3b47937a13c,4b6b25bf-f0f4-4604-a0f0-e3a3ac705ed7,mutual funds,108449.34,2024-07-14,2025-01-08
3e711d46-9f7d-4ef2-9f8a-d8888320943a,a51fde39-9bbd-4a6e-a05b-fbd2ad9c5ff0,stocks,63316.76,2024-07-14,2025-06-12
e131f6de-e762-43a4-a7d6-b4be8def8d99,cae6ae21-69e4-4a16-bc2c-a7b198e6509d,bonds,32464.17,2024-07-14,2024-09-19
88cfc798-65f7-4728-b6d7-0d3a83fb7b23,0d6716df-3fc5-4b87-8941-65b1a809fe79,stocks,101488.84,2024-07-14,2025-05-13
6e82d22c-5240-415e-a8a4-6433724a6f27,20e5f6ed-70eb-4e7c-8fc5-a89704d34cce,bonds,85872.91,2024-07-14,2024-09-14
77cfd2e4-3eb8-4d20-833f-ed01ecac625d,dd3a185a-920b-4038-9e7a-f169948a9a79,bonds,136886.41,2024-07-14,2024-10-26
90eccaa4-6c99-481d-8051-5fda83afba73,d737bf9a-96a4-47d5-afab-149823d14c06,real estate,181552.84,2024-07-14,2024-07-17
10e35896-ccd5-4254-91ea-02d30a43bb4c,6350bae2-ae7e-45ad-8ecf-ecc3a822ce34,mutual funds,30117.62,2024-07-14,2025-03-23
2fc12037-d74b-4e77-b158-d452072a9a79,16c7c74e-ec4e-45cc-bbf5-8a92f7690632,real estate,156449.31,2024-07-14,2024-12-29
09cce9de-d1ae-489a-abb8-3f1c0b7a15a1,40c3bc5e-ab71-470a-97ed-fcd5a9bce67d,bonds,26326.24,2024-07-14,2024-12-03
5336a834-9870-4e6f-8e81-558096d4afc5,502bfab8-3cb2-445e-9e88-08bed5c436ff,bonds,85560.67,2024-07-14,2025-06-30
2b674dcb-99af-4df3-a8bc-4239ac587868,b37ab593-f627-4c5c-873c-130b4e776e34,mutual funds,12093.28,2024-07-14,2024-11-21
409d8d35-fbb0-40ca-8634-e98a2479f4b3,9f065232-cae5-4544-8adb-cbeea74383a0,mutual funds,64502.03,2024-07-14,2024-09-27
0f60ec5a-05b5-40db-91bc-28564e1ded76,b791c40b-b020-4228-8ff0-42662f82e3af,stocks,86837.37,2024-07-14,2025-04-18
d9b578c6-c8fa-4d28-950c-d5a731558c22,cecc311d-02a0-4435-b131-54d6dbd8817a,stocks,165673.74,2024-07-14,2025-03-28
3773f914-befa-4eea-80e4-af79bc9e4bd0,3ada9da2-abc8-42bd-8119-238a48ecbc26,stocks,194528.07,2024-07-14,2024-12-30
99e389ac-0b4b-479e-88de-0ac921809e73,fd1bd501-a15f-499e-8c72-0cc2b5f44036,bonds,59219.53,2024-07-14,2025-06-02
fa1071b3-7846-4391-a798-95ea5ecde0d2,73bd8931-7020-4b7d-8d15-9c5e97b2dedc,stocks,70564.38,2024-07-14,2024-11-11
b0aee9a9-8f3b-4506-adca-6b648a629ffa,1d57aa27-4b56-476f-9777-173f01ef7f43,bonds,110374.1,2024-07-14,2024-07-30
9486d8dc-bdf3-46df-9a31-bed08359df7d,e9c3737f-6d17-4362-9c04-cfd4d16d735d,mutual funds,33555.67,2024-07-14,2025-06-24
28989825-be5d-4887-b9df-25f3ba7a3e8f,5ad75f45-1a04-4466-bf6f-5e48e9c66708,mutual funds,19593.27,2024-07-14,2025-05-09
b93e71f3-81fd-40dc-9103-c71ae5fb975e,84430ea5-2549-45d9-a4e4-c75a81680695,real estate,134747.21,2024-07-14,2025-07-13
cd407152-e576-4cd1-8bc8-7fae045ccde8,de0618f1-5608-441f-86f0-18d65eacd219,real estate,162256.92,2024-07-14,2024-08-14
385475d5-ecaa-4970-a420-27955c2baddf,4b736cf6-0efa-499e-b094-b85ed9e2680e,stocks,128443.41,2024-07-14,2024-07-24
9c408845-c943-4727-ba93-b663759d05b1,d737bf9a-96a4-47d5-afab-149823d14c06,stocks,79560.56,2024-07-14,2024-12-17
ea902c7f-94be-4577-9822-dc0cee66798c,badf993e-71ce-40a6-a4dd-5b607c975473,bonds,84557.46,2024-07-14,2025-04-25
670774cc-5a1d-414c-9bda-79ea7d5e9da3,15a52c9f-b32c-46ce-a9d3-13295712c5b5,bonds,129717.99,2024-07-14,2024-11-11
783aed37-35dd-4cde-a3d1-5c799fb5ab8a,3ceecddf-6f49-448a-b253-0f265b8cbaea,bonds,191311.26,2024-07-14,2024-08-10
5714bca2-58a3-4019-bdf3-33f150d3a537,7b99b3a2-a414-4e66-bc6b-ab83e5a809f5,real estate,170983.44,2024-07-14,2025-07-10
73e4e13d-9525-4071-8523-7308d1246f09,4813a8f8-226a-42ba-bce0-42d1b39ed07e,bonds,18557.16,2024-07-14,2024-12-30
4bf7765c-f59e-4005-b4b3-b28dd33a5d3f,61eccf0d-6b5e-477f-9e16-51a99d2dae05,bonds,62565.32,2024-07-14,2025-01-15
3d15781f-cc0a-404a-b548-a23672d41a77,965698c1-0156-4f6a-ac38-ab53667a720f,bonds,199025.12,2024-07-14,2024-12-03
9fa849f0-a9a1-4178-90ad-0183a48dec43,7bd6efb3-2871-4a4e-9fd6-895d70e98da2,mutual funds,183113.31,2024-07-14,2024-09-06
7e5e2cd3-83fc-418f-8262-9c34bb2ebb33,717a8ffb-6b40-438e-af92-55369a21455b,stocks,36109.34,2024-07-14,2025-03-18
0bdb66f2-869b-4adf-aaeb-d266fdfd3a0c,1251d2ea-25f7-44f4-a1eb-77a1302abc48,mutual funds,28986.05,2024-07-14,2024-10-05
78aa465d-f4d1-4572-81b5-d9451e0ce9bf,4b736cf6-0efa-499e-b094-b85ed9e2680e,real estate,25659.15,2024-07-14,2024-10-04
dba79b8f-7024-42c6-90cc-85760d7883e1,e2ce37d3-61b9-49eb-ad02-e7968433c079,stocks,177325.64,2024-07-14,2024-11-08
9bf89491-8477-42dc-8118-9b5636a4b00d,193a39b6-8d01-4b5f-aacf-10dbfbbbd784,stocks,157509.86,2024-07-14,2024-08-02
0dd973b7-ae83-4a39-a6f0-8646abf50f68,de0618f1-5608-441f-86f0-18d65eacd219,real estate,46021.1,2024-07-14,2024-09-15
ee4774ff-4d91-409c-b6df-ab245bcf88de,fa4c36b5-78b1-4264-b2d8-092fc95fbc5f,stocks,158821.51,2024-07-14,2025-03-07
afdb80ed-b01d-4b21-8ddc-a5d8bff5523e,9aa1fbdb-62b3-4645-b6e2-3fd32805474f,bonds,35374.1,2024-07-14,2024-12-28
9419c1b9-86f9-4376-bf1a-5022762b9eac,936482dd-d3bd-407d-a67a-55f3be55421b,stocks,138120.29,2024-07-14,2024-11-29
0899381b-1c00-4714-bebe-b8f2905ccc80,7c5daa1d-c07f-4edd-8ca0-63478bbae75a,stocks,90087.16,2024-07-14,2025-01-16
d69a741c-cb58-4904-ae17-3c68ef02dc21,55e0ee9e-edf6-460d-8017-9860a512cb68,mutual funds,84693.21,2024-07-14,2025-01-22
c8268b26-d5a3-42b4-8ae0-412164672506,6322aac0-7f69-4765-91b6-858182000383,bonds,162654.17,2024-07-14,2024-07-24
8e329117-5eaa-4813-a1b5-8b4c74a49bc9,c530cda8-55e2-4cc4-b34e-12d29b408215,stocks,62694.47,2024-07-14,2025-04-29
fb43ff68-63bb-45b3-aad0-f559ceb3a4ab,472e748f-be6e-4103-89ed-cf36ea98ef6e,real estate,125362.24,2024-07-14,2024-09-14
9bf9a2a2-41fe-49b4-9b1b-d4e435b8f97e,01e6eb31-db5e-4758-b4ce-24df50b9282b,stocks,98378.59,2024-07-14,2025-07-13
c0fc558a-cd6d-44bb-8032-ae4f40fffaef,b47087fe-80b8-4d6a-b90c-8f2334d1d2ca,bonds,74006.74,2024-07-14,2025-03-25
af9082ae-7ba4-4500-9f2a-dbc22c926e2c,e7b6bff7-35ed-4ceb-ab57-02b0f50db91a,mutual funds,31926.98,2024-07-14,2024-11-15
8523c49e-9815-4a44-bd43-c000c8900b38,1251d2ea-25f7-44f4-a1eb-77a1302abc48,real estate,26835.84,2024-07-14,2024-10-24
8261fc61-0ea3-48b3-889d-ba9cd767c874,98b25827-49c2-4b82-9b4b-7bc4db1c3f11,bonds,195962.05,2024-07-14,2025-01-17
4f78656a-e5aa-401c-8db1-e8efb5f32307,580a7026-3076-454f-9769-6babb3c1d061,bonds,165688.86,2024-07-14,2024-12-03
9b64e8f7-a8f7-4bfd-b8cd-afc698584fab,adf50c45-c277-4dbf-a59c-980d60858c82,stocks,165202.43,2024-07-14,2025-01-25
a94fe6ef-8f37-49d1-8136-f5e18e429b29,f6cc867f-0567-4ad1-89a5-5e02d03f2d3a,real estate,52592.12,2024-07-14,2024-10-14
d9f13745-ce98-4ad0-b66a-b5a17fbd7c9c,138c744a-1923-4276-8b45-33b0811ea395,stocks,117906.3,2024-07-14,2024-11-02
b80ee859-1ad6-462e-b7df-bc6e1a36c689,039454b4-25ac-40d6-be28-ab93338efa04,stocks,99462.39,2024-07-14,2024-07-30
90a74512-a520-4341-bd86-e38484a62563,98b25827-49c2-4b82-9b4b-7bc4db1c3f11,real estate,163897.45,2024-07-14,2025-05-09
20407d8e-c4f2-4ff1-8207-c7bd8dd508bb,537ce6a8-020b-4bb9-bfc4-312c8f2ccc07,stocks,13540.2,2024-07-14,2025-07-11
d031e358-5898-4e4e-9373-78e999238eb8,1b8e515c-c421-4fe2-a292-42c3008a0c89,real estate,162486.29,2024-07-14,2024-12-10
938d8162-22fe-41b4-9075-e8342636560a,b9f1702a-1085-4554-bb47-62ec876e0774,bonds,51575.54,2024-07-14,2024-10-15
11d987ff-4750-46dd-b7c8-22714b854f6d,829608dd-b6ae-43b1-ba07-e40e0de15312,real estate,88791.91,2024-07-14,2024-08-18
5d8578c9-3a86-4c0d-9f15-808a60c5a7db,2d97f178-ea8d-44a0-b626-da1d969fe9d7,stocks,159300.67,2024-07-14,2024-10-24
7692b5c8-8b71-4e52-8c3b-bd774e16d71c,2fb84584-4089-47f7-b9bb-d51d60033c2a,stocks,169684.85,2024-07-14,2025-06-01
8b5d9aee-ee0c-4f08-9c10-189ac69918d7,18e9e5e2-fdbd-42b9-abce-dd638eca90cc,stocks,93600.02,2024-07-14,2025-02-09
26edb7bf-c4a5-4dc1-9b60-0dc0de740cf5,1251d2ea-25f7-44f4-a1eb-77a1302abc48,mutual funds,15620.36,2024-07-14,2025-02-26
4c76d106-e5d3-4209-b20e-2951504043ac,bcb0ca25-d536-4fb1-9a23-a3c8244749e5,real estate,102874.22,2024-07-14,2025-06-05
8e9ee0c6-4992-4e68-8e66-99ad55e0346b,bd1bc882-f6ee-4969-9754-2badedf4a69d,bonds,182138.55,2024-07-14,2025-02-10
b19cbf32-b1c5-43ca-8997-0e140c58ca48,89d76a3a-e9e5-42e4-8f5a-ddba6d8c1921,stocks,35236.67,2024-07-14,2024-11-03
5008a1d3-2d95-4187-bbb3-f80069a92b51,39c105b0-223c-4ce4-b5eb-470b0f560288,bonds,167653.79,2024-07-14,2024-11-07
7bc8597a-7486-430a-9893-8d818ae0b406,e8f51e20-149c-40ac-9192-a0ce261ec2c3,stocks,35362.62,2024-07-14,2024-09-13
52587281-0ee1-49f6-9176-8b107a8e1da7,13a1f3b4-a778-4e64-bfc1-8cbce14bfd51,mutual funds,10913.1,2024-07-14,2025-04-10
c5148451-17cb-4b4c-b074-265f0607ffcb,9b35087b-90c4-48e2-8532-191bf7a59ac4,real estate,193132.68,2024-07-14,2025-03-12
a6211c95-afe5-4abe-8a0e-38a5cba0a3dc,7cc67297-703a-4a85-aaf1-90abec379107,real estate,98186.34,2024-07-14,2025-01-11
2a01edfc-1446-4bf7-a36c-a9e9a92d60bb,92bf5e7f-ba10-48ec-ae13-32123c6d771e,stocks,162997.4,2024-07-14,2025-03-22
f32e29b1-2982-4ea7-9aa9-72dff5796283,cc3d818f-6e55-4ee6-aeef-5ab33317c575,real estate,74203.4,2024-07-14,2024-11-23
c3e27a70-9c8a-445a-b67a-28be380bb208,b02fe948-38c0-4036-93e7-2b53f9f66e15,real estate,83387.97,2024-07-14,2025-02-17
35bc6546-6c17-44e8-9f78-e26961586017,885498dc-af5a-48f5-9a41-7b87e722079c,bonds,90128.55,2024-07-14,2025-05-14
9422749b-2389-4e5e-a775-a7620138be76,af7f90b3-4746-4578-8442-d3875f674c52,bonds,189438.44,2024-07-14,2025-04-23
6256e064-cfb0-40ac-8572-d72d7d6ff02a,575ee5db-9f5e-4bfd-afe2-894822673909,stocks,102349.34,2024-07-14,2024-07-16
00844499-091f-48b1-b1f0-3435388f578e,c67e1c01-0924-49a4-bb6e-f28cb38d2390,stocks,61800.81,2024-07-14,2025-02-07
1421e0ce-2513-46e1-b164-d6e25e307e18,500afd52-a9c1-4de0-ae63-38097f5f7f07,mutual funds,65944.06,2024-07-14,2025-05-26
c9e57310-ced6-4f49-8ad1-8780e936e1e6,c5e649f9-be70-42dc-87bb-dfa86805a659,real estate,29588.3,2024-07-14,2024-11-18
2d1612e1-1205-4eda-b8ec-e6e1404d96bc,20759cfa-6d46-4b80-b780-7a3ba0735b22,mutual funds,115261.5,2024-07-14,2025-02-13
e4d4f00c-ac40-4fea-a620-5e87c9f7c4ea,a62d3e13-c4ae-4fae-b8a5-fe3334feb5f2,mutual funds,192414.06,2024-07-14,2025-03-01
3e3af72e-f1e2-41a3-9dd2-e05c8af11029,0279d145-aa48-4083-bc46-4202ff586d0e,mutual funds,26648.35,2024-07-14,2024-11-03
bfdf49a8-44cf-42ab-89f3-dfad63dba181,14790bab-f463-4e1e-8f8d-c9a173de807e,bonds,190901.22,2024-07-14,2025-06-26
732ef92d-1627-4533-a69f-02dbf339667d,d8b7c931-fe83-48ad-86af-e2c4a026fb5e,real estate,187794.81,2024-07-14,2025-03-29
abe9461a-7bae-4853-85cc-b0374d973ea7,4553a24b-84e5-442b-b32c-82f565d772b2,stocks,124492.55,2024-07-14,2025-05-21
8d35f60d-f850-4872-b65d-5bb722c09f5b,383c98ff-dc7a-4609-80f0-c7da92e878cb,real estate,176270.22,2024-07-14,2024-07-20
ec910161-e200-4fe0-9a5e-b0ee36ea13eb,0279d145-aa48-4083-bc46-4202ff586d0e,bonds,26823.04,2024-07-14,2024-11-17
a39012af-a2ce-441a-8824-60a62d89aae6,2844c00e-b652-4449-9f79-81b6432c2fa2,stocks,22370.32,2024-07-14,2025-06-16
0c59f49f-c492-4806-bde7-fd1cd9b3b2eb,264ed628-9a75-4753-9126-3e4c28fe6e40,bonds,95752.36,2024-07-14,2024-07-21
eca1d6d5-b2ec-4564-80c1-77a89ad531a7,a799bc38-39fb-4a40-947e-e19ba9726bf7,real estate,53626.37,2024-07-14,2025-06-06
4d133561-dfef-4bfa-9926-056ed931b304,7b99b3a2-a414-4e66-bc6b-ab83e5a809f5,stocks,179862.61,2024-07-14,2025-03-13
82ee7312-736e-4023-98ce-e0329bc32419,d2356288-0853-49e1-8aaa-321a2253f853,real estate,82606.39,2024-07-14,2025-03-26
1ef995c8-25c0-4805-b762-0b7056c71bdb,063a8742-ff9d-474c-a9d9-6acdf71ea9c3,bonds,135240.57,2024-07-14,2025-05-20
bda00075-887d-4e08-bd7e-cf0c85313bee,99cd7b13-ad72-48b2-ae47-5ca248938afb,real estate,133057.43,2024-07-14,2025-07-05
8aac58c7-637e-4048-91ef-82d60f53a3cf,98b25827-49c2-4b82-9b4b-7bc4db1c3f11,real estate,98675.08,2024-07-14,2025-01-14
23682ffe-d9d9-4c0a-855f-d7cdb6d31485,89d76a3a-e9e5-42e4-8f5a-ddba6d8c1921,stocks,177090.47,2024-07-14,2024-10-26
8bc81df9-e8be-455b-a985-890c6cddce4d,0f4da183-c008-42cb-ab2b-6b93e540fd90,stocks,175200.41,2024-07-14,2024-08-13
6ace31b2-e2b8-4fe2-8a95-3b52ffc85cca,961d4a4b-24e2-4ca3-9295-241e785f73d2,stocks,199773.34,2024-07-14,2024-07-22
2ce6eeb3-2673-4ec6-a882-38d00e207d7d,62005ae1-56b0-4442-8cc0-5b5b5aac49ff,bonds,191484.72,2024-07-14,2025-05-12
243da90b-a722-4bb9-b0d1-736a65468bdb,3a022970-36a8-4896-a457-875853caed3a,real estate,74780.22,2024-07-14,2025-02-05
42952899-c7d7-4c3a-87ad-03687d6c5d55,5ca68c06-3919-48e7-9896-2f428a97adab,stocks,187796.64,2024-07-14,2025-02-14
657051f4-da5b-4a48-8172-f0405f07962c,01e6eb31-db5e-4758-b4ce-24df50b9282b,bonds,180281.41,2024-07-14,2025-03-30
c1711f8b-4b57-444e-9ba3-5e4bd2835688,f032e166-1b2d-4905-ae90-fe875d4504c0,bonds,182078.46,2024-07-14,2024-10-04
e42190a1-a9ad-47db-b80b-d9c0e0417d38,a814636b-39bb-4a19-950b-4f8e66acba6f,stocks,83936.77,2024-07-14,2025-03-26
8d27b17b-b5d2-494f-be5b-6d7e28a915d2,1a621072-00ff-4916-a8a2-4ab65fd2ab2c,mutual funds,117657.18,2024-07-14,2025-07-06
04d22ec1-558e-4d58-87fa-5daf3858a23c,6350bae2-ae7e-45ad-8ecf-ecc3a822ce34,bonds,170936.69,2024-07-14,2024-09-09
fd507498-0357-4bd8-86db-d0981f6d7109,bb6ecaa2-597d-4dc3-8780-5d906b8110c3,real estate,52997.28,2024-07-14,2024-09-23
846997cb-94d9-4571-8a93-552d62fe1208,7d48a27b-5335-4a96-9e0a-69d6ee4882ec,real estate,16669.84,2024-07-14,2025-03-10
7e06f054-3859-4f39-a99a-c9ae4965cdbb,4b6b25bf-f0f4-4604-a0f0-e3a3ac705ed7,mutual funds,140330.27,2024-07-14,2025-06-19
f811865e-70ef-4d90-8ca8-129d6171abdf,ca0b3ccf-bb59-4b50-8c07-7c05a794bfdd,bonds,29878.38,2024-07-14,2024-09-06
4ed52d0f-1a18-4bd1-919d-43a3754ba3e4,d8b7c931-fe83-48ad-86af-e2c4a026fb5e,mutual funds,103331.08,2024-07-14,2024-11-13
c2a36e63-a14b-4f59-a69b-fa0d27fb327c,3a6d9abc-8eaf-461c-8675-9cc7389f9ecd,mutual funds,152831.84,2024-07-14,2024-08-18
2f74a847-4194-4d35-8c32-0b8c3728b41f,02084a52-aee6-4e63-8e98-739091f593b3,mutual funds,114908.37,2024-07-14,2025-02-06
3e277657-a278-4a62-bde9-515828204784,e4606d2a-a666-4db5-b4f1-397d648868d7,bonds,27797.77,2024-07-14,2025-05-29
e9f12300-e8c0-489c-b959-18969f0acce5,c40c7ba0-d1d6-4701-a0f2-3514b40888e9,real estate,50423.18,2024-07-14,2025-01-08
f83d9c13-370a-4ff7-9e52-7f39f019ad44,a80e065f-48d1-4dfe-b2c3-708136661045,bonds,84164.26,2024-07-14,2024-11-18
061d847a-28f0-485f-aca5-e2ad63f7022b,4bfe6b37-f145-4263-99a4-abae7d4553ed,real estate,135637.37,2024-07-14,2024-09-18
518ba06f-212b-4e87-bea4-af337f99e4b5,39c9ed3f-ff5b-4aa9-9e1a-f530b1c30353,mutual funds,199551.04,2024-07-14,2025-01-08
934efb55-e449-4579-9e08-ef6509726e59,9fc9d60f-ebbc-4672-a1cc-d28e2770e350,stocks,171068.78,2024-07-14,2025-04-07
92f78de8-1a31-44af-92e8-99dfc27017f7,7550e177-a088-40d1-8bd3-c9a5ce181f29,real estate,56891.63,2024-07-14,2024-12-16
ff654b85-ae4e-40b1-b634-933734e3b9f3,8f2ccaa2-a2e1-49c6-83fe-d3caf3c367e4,bonds,10413.46,2024-07-14,2024-11-29
32b74361-cc92-4d38-88f6-7f1fb193ff79,19a3fd64-58dc-4036-b9b7-080053146df7,real estate,181459.28,2024-07-14,2024-12-12
a3add83b-91ce-4183-b45b-09abeafc3bee,761014eb-b474-48d7-a4d5-cd3edd0f58f4,stocks,176992.45,2024-07-14,2025-03-08
85834d10-c631-4d91-ba83-931c0ee7bb1b,f56d6b33-d264-457d-91f2-6ada29494aea,mutual funds,22664.72,2024-07-14,2024-12-02
8175f7b2-37fd-4923-9858-a46229883c5b,6c230e5a-fede-4648-867d-528a5d7b906d,real estate,121287.27,2024-07-14,2025-04-25
21c5b26d-4d0e-440b-b945-ad21cfab866e,b9f1702a-1085-4554-bb47-62ec876e0774,mutual funds,10503.54,2024-07-14,2025-03-29
749f100e-5092-423a-bef0-5ab23f4d0e8d,903d080b-92ca-4f93-91f1-fef0ab3ffb02,bonds,64986.22,2024-07-14,2024-08-05
829640a2-1352-4ff9-a3e4-70e85da78378,501fbce8-40d0-4c1a-ac41-13d08abc43dc,real estate,34718.86,2024-07-14,2025-06-17
da2be0a2-b19f-4f72-bc64-49631c5213d3,5452dfa3-5983-4378-99be-ab91ffd9e1f9,mutual funds,121689.13,2024-07-14,2025-06-18
cc5065ed-8591-43be-bfa4-0590089f9106,a12fd853-850b-4fc9-b810-c8422eae49be,mutual funds,145648.1,2024-07-14,2024-09-23
39ea3fe9-bd3c-41c6-8c98-d40b4230c4c0,7cbdbd1c-3ce8-4965-befa-eb9c727a2bbd,real estate,122644.31,2024-07-14,2024-10-03
5451d4c2-5520-4d6d-ad0c-12dd18da9e4d,e2e397ce-3717-40ff-91c7-4e6b1658a9b2,stocks,20726.6,2024-07-14,2025-01-09
789e41de-7871-47fd-85a1-178340a33252,c6ede869-49ff-4385-a91f-294b6e4a8be3,bonds,106935.99,2024-07-14,2025-06-21
5693754e-a24d-4f30-a5fb-0e32b81a7a83,4a19bb97-a3bc-489d-bdfb-4953ae0abff1,mutual funds,10229.72,2024-07-14,2024-07-16
7b691b96-9f25-42cb-a989-d4b37c303058,a9db0976-d7c5-4dc7-ba6b-be5e66c7ce97,real estate,44667.67,2024-07-14,2025-04-10
bf090d23-7400-4c74-b369-72291ceea20e,8153a48f-6831-4621-bc41-598f2b74214e,mutual funds,69817.78,2024-07-14,2024-10-26
8dd1d5bb-2626-4582-96a4-e6b355a84f9c,0f9edf0a-3993-44f9-b32d-58e609dc5667,real estate,72919.48,2024-07-14,2024-08-01
b93b06e7-1b8a-4819-8b8f-57c510103c43,0b0779c5-c084-40b4-b332-42a9724cb0d0,bonds,197516.22,2024-07-14,2025-01-13
59d43872-77c8-42a3-9019-5ef4438158f3,f2aa178b-26ee-4b04-b47b-7c1b8a9323f3,mutual funds,8682.34,2024-07-14,2024-10-18
