application_id,customer_id,property_value,loan_amount,interest_rate,application_date,status
284d4824-11ad-4071-b0b6-31ae22aa3b61,c458f64d-a168-450e-bb6a-1001f7f3453e,241366.59,107309.32,5.9,2024-07-14,rejected
54159ecd-ae78-4268-aa83-59b175e8511c,ebfb1ceb-7533-4e9e-b0c5-e0ed83eae578,410008.99,518006.69,4.27,2024-07-14,rejected
07fba4cc-ee74-4fa9-aaf6-5c24852e2f31,a77794db-35b5-4580-938e-11a0869db303,351230.47,798490.56,3.61,2024-07-14,rejected
c9d5ee6d-6102-4150-941c-788763510080,a50bc8f0-e485-4345-ad15-dbcea3986663,308399.48,743710.94,4.77,2024-07-14,pending
0990ba2d-6f25-433c-9016-f643532b39bc,ea6d9b15-6192-426f-980b-d90cbba95d02,928997.11,544588.04,2.38,2024-07-14,pending
399d9f86-c196-44da-9e73-c853094d39b5,1e956cbc-1ba4-4d1d-9007-33155b86ba0b,422633.89,671078.84,8.65,2024-07-14,rejected
d690478a-ff6f-465b-b7a0-07499d05d284,c730586d-1f12-4c76-bfbb-56168464cad8,710636.08,639415.71,3.21,2024-07-14,pending
82934d11-4da9-4f21-92a9-5f6ddc5347eb,dc0414c2-3ba8-4e68-bb31-70161859a112,454131.02,705645.15,1.08,2024-07-14,approved
9e55fb31-e3e1-4522-a878-2e29f347f906,752b54b0-6dcb-4545-9b04-5ceacd39f474,990457.61,876488.17,7.76,2024-07-14,pending
abadf1bc-0092-413b-8f6a-3ccbdaa282df,d991d9c2-b8c5-4eb6-baa3-09a49b0bab8e,542515.77,844013.46,4.31,2024-07-14,pending
09a86080-6be5-455c-82e9-e9e0b6f65a05,51f0d247-a648-4a72-aa4f-015f5038cf14,878116.24,68514.3,9.94,2024-07-14,approved
efed0eb4-f9b4-4f01-b425-11a2619b1d24,0d441f69-3424-4ab7-b6d7-336818c4cb58,130072.03,888301.59,2.88,2024-07-14,pending
cb340e85-9066-435c-8bfa-77fec56383ac,2014bc9a-89f7-4dc5-a343-d1fe7a64d7fd,936245.03,919552.77,5.05,2024-07-14,approved
49a848fa-e5b4-45c8-b103-bddce3e4ad02,45c778da-deb1-4f68-b010-312508ce46bd,703194.24,477732.76,7.59,2024-07-14,pending
2a1ceb43-851a-492c-8312-e6468e381834,5fd77d74-7071-4800-a2ab-734156e7260e,474849.56,256665.15,6.83,2024-07-14,rejected
7317bf02-26cc-4c09-a44d-8c5beb239f55,fe3ff17c-f915-4c67-9f18-43c8ac59e8e9,949550.43,257449.23,3.65,2024-07-14,approved
7eec6377-15da-45ab-b0ae-1b52841b6c20,771bc120-c299-49c8-9b14-aa7f46229a39,702035.39,526532.37,7.18,2024-07-14,pending
c9e4e1fb-d953-4795-925f-3874b053239b,063a8742-ff9d-474c-a9d9-6acdf71ea9c3,353656.99,331669.03,6.4,2024-07-14,pending
48aa6f3d-ef75-4231-bf62-234b0855792e,c40c7ba0-d1d6-4701-a0f2-3514b40888e9,94509.62,512781.63,4.44,2024-07-14,pending
bbcd2002-7fa9-44f8-b2bf-3c6d373959d8,92e98dbc-597e-4201-85f2-06378864c91a,51468.74,173128.39,4.14,2024-07-14,rejected
9cc0a33d-4791-4036-bfb0-518290b3b6c4,0f6e152c-2300-4999-9fdb-91cdd48d4435,423312.46,271897.62,7.44,2024-07-14,pending
4c8b26b2-523f-48d8-a4d8-8295001c19dc,031f463f-ab3d-414e-986d-9bec1bf98f51,270766.37,951636.51,2.64,2024-07-14,approved
c2ef28c3-07bb-49aa-9a0d-a581cf99c30f,9f939ebc-a030-4605-85fb-c274cf2f1b77,101292.43,245372.51,3.65,2024-07-14,pending
81e25e81-c383-4be0-a666-99b0a6247e8e,bd960a71-bb4c-44ba-b749-f1f22e7f8456,999790.6,114263.85,3.5,2024-07-14,rejected
2c8b688a-5102-491b-a848-8205d72ccc84,b02fe948-38c0-4036-93e7-2b53f9f66e15,57278.1,126021.17,6.05,2024-07-14,approved
8e0c79b8-15b7-4db2-81ad-f3f648b95c11,6f2e7ff6-4385-4c22-803a-3bbecbc3e8a7,154252.49,204615.19,2.17,2024-07-14,pending
93848cf8-b232-4f63-8cbb-745efa57fd0c,b0a41888-7cde-4b82-bdc5-6850d9dec2f6,454956.48,531824.61,3.83,2024-07-14,rejected
9b475554-7cf4-4a39-83d0-190300784edc,ab35dc31-2dcc-498e-9d1c-d3d9c099df57,647111.61,357596.24,8.17,2024-07-14,pending
b0a8252d-2a27-4109-8823-002773db7ac2,4d6ea108-931d-486a-8a1c-ce1af1bc686a,713938.04,254511.71,5.14,2024-07-14,rejected
421bc3c0-63b4-41e6-a489-a647f285d450,4b28f801-e36c-4591-9495-1b9b326b2525,299109.52,799626.62,5.37,2024-07-14,approved
92e70036-eabd-4b24-a643-a075f10ed43e,f8ac64de-5d30-49f7-9dd3-0c1cd5a6f24d,950899.11,933527.15,10.0,2024-07-14,rejected
8290306a-d9ec-4a52-a34f-aa8b19a8b47d,7c31d3f5-ca0e-43ae-ac20-57ae8dd1ca50,661372.49,697873.06,1.3,2024-07-14,pending
868f0c1b-22e3-4738-aa40-c41e135af556,992177b6-7fb4-4143-9bec-bf2b52383bc9,747426.98,518961.78,2.56,2024-07-14,pending
9049735a-0f48-4c8f-9fe2-a6e6238b340b,4b440644-9fbc-48b0-82a4-44496f6d0df4,826043.91,822740.52,7.66,2024-07-14,approved
c56bc0ee-21f5-48e0-95d8-4335d6678240,da206c07-92a0-42dc-8905-1d53895bc0c0,551918.8,363651.0,9.44,2024-07-14,approved
26b44419-63bc-4fd2-b07c-e5d47c1ad7d1,79f5c636-19b3-456d-b37f-4e84c85dfcd2,100994.51,706260.11,2.3,2024-07-14,approved
39ae15f6-ca15-48f4-88ba-5e781eda0a1f,ef0abf40-a6d9-4ced-a216-0ac223ea4f27,152028.13,354012.73,8.54,2024-07-14,rejected
56ac65ce-7f4a-4536-bf25-04a3600f1d2a,d589e29f-ffe1-4cd2-9be0-ff437388b361,952328.82,430579.93,8.99,2024-07-14,approved
21c31616-c3e5-4c81-b2ae-5014b722029e,a43c5894-390a-4e4b-844a-4b607f3661e4,139176.68,973144.94,6.4,2024-07-14,rejected
9532e83f-92ef-49f8-92df-edb90ae4f960,5d3c8deb-d8c8-47c6-8b19-1cf4d14f1c72,943773.76,958767.61,8.8,2024-07-14,approved
0bf1d1e6-42c8-4b8b-a3c1-86a2fe086ab0,29417c39-ed64-428f-b97c-9683fcc7da30,135947.79,848516.03,2.6,2024-07-14,rejected
5e143cd9-5ad3-4ce1-b978-cbcfc58565f0,c89eae63-a4f7-4b6b-b8a0-aab0930ddc58,519221.17,372655.13,2.11,2024-07-14,approved
3dcf7455-33aa-4bd6-a062-d63971956b56,fe3ff17c-f915-4c67-9f18-43c8ac59e8e9,888202.15,315674.28,8.57,2024-07-14,rejected
c39e55e4-06bd-45c7-8d7f-529d7754b760,a392ffad-4c00-4935-a6f7-21540ba27e8c,768105.26,377917.55,7.22,2024-07-14,rejected
0af5555f-0952-484d-8111-9025e93bca22,172a2f7e-c461-4743-9ca2-d35d925fb569,113602.09,562008.52,8.08,2024-07-14,pending
891cfd1b-5315-4d30-8f70-171f780e14e5,bc3db0e6-3cd8-44d1-98bb-1b96acd546bc,594881.2,164752.34,8.08,2024-07-14,rejected
737c4d4d-8907-460b-873e-baf44f8946c3,b8893c79-a278-4f62-9058-8696aacd101c,955932.3,660220.98,9.74,2024-07-14,approved
28671849-f591-4639-ad39-3da1a902cc8e,5f535d1b-96e3-4b17-956b-e36cdb5b3a50,968686.55,67781.08,9.25,2024-07-14,pending
7ab8b8bd-e2bc-45ae-87d6-82fc8a0f70be,3a6d9abc-8eaf-461c-8675-9cc7389f9ecd,654378.94,88960.05,4.22,2024-07-14,pending
63e47ea9-472e-406d-ae20-fd310015e611,e4a53244-b8f7-4880-8406-b0053313981d,467966.24,712977.38,4.96,2024-07-14,pending
2cb022ef-a5d6-41d3-a390-d61a8cdf5fbc,6c40fb86-2be3-4742-93f3-61c4fbd41e9c,734063.32,785759.0,7.79,2024-07-14,rejected
6b485a76-2da9-4391-a280-a7b4f509e113,d2494970-05c9-4cc1-89ab-197f70ada59c,395420.91,577527.03,3.1,2024-07-14,pending
aa562c9e-66ee-4bc0-8e5a-abc38f147464,3e98dc53-d66e-47b4-8533-40d30cfde2ed,576435.37,345656.66,1.37,2024-07-14,rejected
84eb479b-273f-412b-9bff-03a15bf1bbe2,0991f62d-92eb-4b2c-84c2-080ce65c89bc,725401.65,731366.16,1.46,2024-07-14,pending
1ec5f86e-8430-4fd8-a66c-e7bdf7aaeb80,b3e341e3-17ea-4c66-9543-14913002e3e5,180361.91,434194.59,7.11,2024-07-14,approved
ed11f42e-36fd-470e-bdcd-a23f3f761e3b,1266f1ca-3500-440e-b191-ac0386c2acbb,286243.0,339644.84,4.23,2024-07-14,approved
daf1aeaa-6c25-4a75-9963-8d4cd9a22b3c,fe19d178-7d6b-4525-8ee8-5395c33b4d8c,188993.21,741591.23,8.2,2024-07-14,pending
0a2a4773-1248-43a9-9b4e-c38e9354b88a,9b35087b-90c4-48e2-8532-191bf7a59ac4,100992.07,877820.58,8.62,2024-07-14,pending
f8c41987-aeae-4e66-b4cd-cb3d61a4b3a4,612f3c5a-9469-4d3c-8a29-3d98b6de2064,647839.68,288253.35,3.71,2024-07-14,approved
809d5746-db94-4f34-887d-15b9fd161114,99df49c5-8d27-4b9d-8ba3-559a77545b33,336743.36,886551.63,5.94,2024-07-14,approved
8c51d76e-17dd-471e-9988-5461f1cf52ce,be0742da-9d21-4c57-b39c-d25b742f6b36,827468.31,308650.76,7.3,2024-07-14,pending
15401cbe-e79b-4d5c-9b41-92ea48273848,7cb31286-7317-4331-8db7-3d4a4fb332dc,93982.2,962721.96,8.24,2024-07-14,pending
426c4777-6244-4564-8cbb-556ceab4c0da,8b2cd53e-7593-42b0-81db-15024fc4c84e,994215.16,351539.06,7.05,2024-07-14,pending
9647d1a1-21c5-4ca3-9676-6b9faf724f68,b99e6039-10a9-4326-8f79-3f76caa84821,663558.28,803633.67,8.12,2024-07-14,approved
827ed04e-8676-44aa-8777-52dfd6b0248d,3dbe206c-c738-41ed-9784-ccadc642c35b,453449.7,790080.27,4.02,2024-07-14,pending
f6a45f58-77d2-4d11-ac89-03d322ad0d67,ec049dec-1912-4231-a32a-dd4c7b70bbe1,108770.7,275493.17,6.86,2024-07-14,pending
b49e7b54-90f3-4fcd-8cfc-a20d54264938,383c98ff-dc7a-4609-80f0-c7da92e878cb,266652.25,747253.63,3.7,2024-07-14,rejected
1942d22b-fe14-4cdd-a93c-8a4d208f1ded,eda65fee-85f8-455c-8ea3-b6fd6e8667a1,988854.9,834958.26,5.89,2024-07-14,approved
692e39cd-1deb-4813-9ca5-0c4612f24980,3ada9da2-abc8-42bd-8119-238a48ecbc26,969369.47,708982.12,9.21,2024-07-14,rejected
4ca2fc0a-0e81-4179-800d-8f829c0cc85f,a6e09839-9f6a-4f4d-9854-b493d427719b,541721.28,419676.52,7.6,2024-07-14,rejected
b7d1d77b-b428-45b1-b5f2-59a39a25014d,c8e71684-d1b4-4e07-ae7b-4a9c3068b8e2,298929.18,79378.1,5.7,2024-07-14,pending
045a5b8f-5086-4717-b251-02d7ee134691,6aea6211-cad1-479e-873e-db9477f88fee,931577.07,413019.49,7.75,2024-07-14,rejected
d1357900-8df4-423e-9bae-9c00c8c44f87,d7cdc9ca-04ea-4d85-989c-e5ad402a3016,308014.61,932976.05,8.61,2024-07-14,pending
ff3c19d8-8002-4ff5-9bab-ee73664c1921,8fd49661-4f0c-4eb7-a023-d041d222012a,211898.39,701672.15,8.13,2024-07-14,rejected
b518ebfd-c056-4507-bd10-b6092881c26d,675e0745-6874-4177-89b3-fcb2969ec065,475272.05,684855.39,3.6,2024-07-14,rejected
0111b5c7-9467-4b27-8dbe-18d74d289414,2d295093-3f9b-4845-9b67-4c964c452496,791151.43,391169.13,1.16,2024-07-14,pending
313f8f54-c7de-4866-8804-37ca9c58da4e,0574888d-39ab-4f88-8172-677955fa230f,776366.88,405834.29,4.98,2024-07-14,pending
287ff763-5963-4726-a8d8-6a6a905cdda5,9a032907-4e1e-4426-9675-8e3530f0f39b,982597.62,901500.87,4.09,2024-07-14,pending
6cd0cf2d-a818-4201-bd03-abea08bed61b,9a032907-4e1e-4426-9675-8e3530f0f39b,75324.7,890946.68,7.99,2024-07-14,rejected
37d104a3-e7b8-4b6a-aee2-308306c85564,e52ba583-c7b1-489d-a014-db3666b1c8aa,280815.53,536247.05,4.99,2024-07-14,pending
a3791776-dc25-4f77-9cd0-24f133845bfd,e53659de-d04d-407d-92d7-746ff82a7049,877527.83,150771.45,5.51,2024-07-14,approved
701feb22-6d51-41f3-8b05-de50642cd690,2f83cefe-200f-4735-ad94-a70bfec99d29,729267.16,114737.67,7.73,2024-07-14,rejected
00cb1b98-40aa-4415-820d-53d733b60eb8,b94c4414-3a9c-45f2-bbf0-5fea2f711215,675665.12,883304.21,2.53,2024-07-14,rejected
be96a1b9-19e2-42e5-8d39-54830daabe52,2a81ff61-92c5-4ff2-80e6-cca18f00b2d1,263636.04,860291.68,5.24,2024-07-14,pending
b1c8bdf4-5551-49bc-9e19-358e2daff4bc,6746e72d-97e2-4f5a-8a42-a63a747e9d64,58072.32,650172.91,6.41,2024-07-14,approved
f9a80f0d-233b-49c7-a43b-0d84b61deaa6,4b9494c2-2c14-418d-aaf4-ed71c39fae79,853439.4,331662.4,3.83,2024-07-14,rejected
52208c7a-3664-4dfd-8aec-a9c29189b353,a2c30cf8-ae6e-4497-949b-b45d309c2ddd,116262.45,971422.83,4.29,2024-07-14,rejected
28d77773-0497-4d40-9318-4806cc529fd1,5b09e5a3-7c5e-428f-8cd8-2e1fc83791c8,871984.76,557779.63,4.71,2024-07-14,pending
7f0fe164-b15a-4890-a4fe-926f2778b7ee,46511fef-c770-48d3-b500-3405d6ea6036,440705.89,122928.74,1.66,2024-07-14,approved
eaeb97d1-c2a1-4e26-8cf3-989dfd37595c,1a621072-00ff-4916-a8a2-4ab65fd2ab2c,812175.65,686692.47,3.33,2024-07-14,rejected
f76ed12b-b141-4ced-b503-c7e01d54c81a,b28fccfd-d8a3-4a7c-af5c-3975bed43f09,247630.58,732485.48,7.99,2024-07-14,approved
fc660219-63a1-4166-9fb0-efe3bae67422,928f7d3c-4a27-4313-a74b-a7aa02e45bdb,764813.2,447528.61,9.01,2024-07-14,rejected
44fef9f3-f5b1-411d-93eb-f64f546b4281,757a5a00-3a6b-4d71-8369-86fe2bf678b9,653445.15,679629.28,9.59,2024-07-14,pending
a9cd0d0f-0d1f-4dad-aa3d-b29107096f11,dffa7a26-04e6-402f-a2c4-793dc929b32b,278720.0,250327.1,9.21,2024-07-14,approved
5acad725-8065-4742-8079-4d9246647165,ca4a7438-187c-4b39-a2dd-3ccba8bedf8e,979001.04,225056.66,8.28,2024-07-14,approved
4ae45785-d111-4ae4-893e-0daea5867db4,b8893c79-a278-4f62-9058-8696aacd101c,745083.4,194838.93,5.05,2024-07-14,rejected
b9d8d35f-989a-459b-8fcf-4d0ae16814f7,03aa5dd7-5502-4c46-96b6-ceefb949e090,244815.42,744605.58,4.37,2024-07-14,approved
6c608b06-ca35-4f91-b6b4-181f1ade2569,27372737-d424-43e9-be87-40b999b6bec2,380109.53,498058.29,4.49,2024-07-14,pending
671707a8-3549-41e8-b0bb-6dd5f4db3d27,cce8c819-3438-4d6a-a63d-00697f92dc5b,219198.28,458286.7,4.29,2024-07-14,rejected
8274c0e9-86b0-4e5f-b23e-4410846bb9dd,56e8f85c-aa8a-4744-9e6c-855b12e6bc7f,139884.42,244850.69,9.84,2024-07-14,approved
b6c8bdca-d792-41e2-9275-c8ff05f8029e,c420f638-fab4-4796-86b9-ccd05a404511,847601.06,423976.52,3.64,2024-07-14,pending
0553fe8e-706e-4a1f-8295-d94f1089ebb3,d22b1d70-d430-412f-9d45-2661f99e87fd,283794.34,872682.06,3.24,2024-07-14,approved
56c9f932-13f5-44df-9c27-d2d6de737722,1d57aa27-4b56-476f-9777-173f01ef7f43,524689.89,860072.93,5.02,2024-07-14,pending
c9482983-ac81-449c-b2bd-fe5d73e88842,c67e1c01-0924-49a4-bb6e-f28cb38d2390,383475.68,877772.62,2.83,2024-07-14,pending
f6e441b5-63f5-4255-8671-b4e014d21f4e,c0b5c80b-185d-4f7f-b0b4-f6ef9642fc69,822028.61,53036.38,8.04,2024-07-14,pending
87762c64-4a5a-4309-b6e8-9ad03666b51a,5e38f299-2e14-47c9-9c50-817b707292f0,348346.61,443615.59,2.71,2024-07-14,approved
7dc3af31-6ea0-437e-896b-e760e7fde8d5,009c3103-443c-458e-8add-0dd3b21df9bb,455505.75,685202.83,3.01,2024-07-14,rejected
ee167eb1-ad76-4e73-b909-215a2621e8c9,e08c5e42-856e-47fa-89f4-fa484a68bfcb,543619.77,205663.41,5.61,2024-07-14,rejected
14e7ccde-f123-4aa3-a12a-0c822a0836fe,f56d6b33-d264-457d-91f2-6ada29494aea,997447.81,694201.71,8.44,2024-07-14,rejected
e9fe5016-6794-43cc-a4a8-f58367bba98a,6509e1a6-f1ae-49c4-98a2-3ddcd8cc7f7d,189115.9,944818.88,3.17,2024-07-14,rejected
66327161-e32c-4511-be56-3f5f8bcb5840,39575a3a-a714-4a31-b466-b644379ef2e7,56808.27,501724.5,9.95,2024-07-14,approved
48a28599-6d5d-4393-a084-01314113e1b7,f2948f34-883a-4015-9d38-dffccbdbf31e,393558.62,484558.81,3.84,2024-07-14,pending
afb55da5-d0a6-4089-ad4f-1965f7719b4a,c6939295-691f-4a17-8d89-79e546a42b3a,547155.77,306516.44,6.96,2024-07-14,approved
01bb7be2-6aa8-4742-8364-b6e1a102a579,e6233897-1c0a-4e6e-b8a2-266d91a1285e,181056.06,467226.02,2.04,2024-07-14,rejected
1c6f0c43-ce14-4c22-9e27-988ac70eac25,49c8eb51-6c76-46e3-bd50-1437e3028c8a,957845.76,949743.59,4.63,2024-07-14,rejected
13b35028-abd8-4ced-83b0-3824593f25cf,195b7dcd-3d9f-4f88-b83f-a5702e39f5a3,745953.26,275049.61,5.9,2024-07-14,rejected
fdfb2518-b4d7-4241-9db2-1d8940f1035f,d9699592-930e-4918-b75c-5300fda777f0,916605.32,609471.0,1.04,2024-07-14,rejected
25103376-542b-4515-bbfe-0e2031697fe6,c119aa1f-0a9c-4df0-8bff-7c042151583f,222667.86,703356.21,9.07,2024-07-14,rejected
70b6b550-2be9-41f9-aefd-623daf0ebe8e,6c10da0b-463d-4d57-b98a-b94cdc7769fc,327546.91,257286.63,3.62,2024-07-14,approved
15268f30-bc55-4813-8a73-5e66b3949f99,f1318c8e-ee2f-4289-a605-8e05f9ca2c7a,788505.07,249237.4,8.81,2024-07-14,pending
647defe8-1001-4585-a96d-ae030859c3f7,b3bd16dc-811d-43b6-b8a5-0e6d7c268416,705717.44,913424.78,8.06,2024-07-14,rejected
d91caad1-ad2c-4c16-a35c-99a306f4f0c1,443c4ca0-114b-439d-8aa2-ff8379a8f0ba,682060.61,880189.34,2.64,2024-07-14,rejected
5c663a73-2e52-4159-b767-698e46461110,c67e1c01-0924-49a4-bb6e-f28cb38d2390,722029.9,938441.49,1.79,2024-07-14,rejected
3d226b90-ee60-41c7-8536-2c0416034ca2,e982f40d-2001-417e-b454-bef13aaa19a1,419674.95,699661.95,7.42,2024-07-14,pending
32301c38-4d71-48e8-8f7f-da9b33f85479,62eefaa6-929b-49e6-87af-5cf397186d1e,807974.51,441154.81,7.95,2024-07-14,pending
27363399-ceb1-456b-ab7f-1d516c3e5ade,e8f51e20-149c-40ac-9192-a0ce261ec2c3,335306.42,533249.77,2.48,2024-07-14,approved
bc3308ec-07f6-4f66-8f9b-e74be4982b77,6f4eb730-955b-4913-b7b6-08277932b7c7,231900.56,128940.68,5.47,2024-07-14,rejected
4831c1d6-b8ac-407c-a44d-57544b70e929,c9d1783a-7b08-4d0c-a448-b137e894190c,582658.64,484339.61,4.74,2024-07-14,rejected
15a2a0e4-f61c-4dea-af26-09196cc77d13,130e4b5b-1325-4c32-b59a-549e869c8622,475345.03,154330.57,2.79,2024-07-14,approved
5e07844c-6e26-4754-901a-596e9f736b5d,d28e489d-d276-4e12-9f45-fbc63cf0e77a,252891.18,364322.94,1.42,2024-07-14,approved
f959656e-c602-4900-8b51-669229221f45,582c88fc-e2f4-4b89-bd2c-99bb02764f4d,295555.88,483199.74,2.99,2024-07-14,approved
f6434d3b-e548-43e5-a6eb-599b0cbaea0b,a16d3d25-81e9-4a9c-a0ae-df05db2ff942,148730.59,775615.39,3.42,2024-07-14,rejected
7ce723f0-a5c5-4da5-a3ec-1260b9260e5b,18e9e5e2-fdbd-42b9-abce-dd638eca90cc,659212.04,762461.13,8.19,2024-07-14,pending
2e58965f-d710-48db-8991-28815849bf01,36350439-847e-46f9-8a61-fbe0d8c7587b,62410.92,409209.12,2.69,2024-07-14,approved
91ffe99b-06d5-4a52-899c-e9df9d6dfc10,e699f2fa-c988-492c-823a-bcdd06ce771c,157194.14,294689.41,7.14,2024-07-14,pending
9f53aec8-88ce-4e83-8f66-1dd8ef20361f,7ef58352-c396-435a-aca1-3f85ab2892d3,146384.11,368064.26,4.84,2024-07-14,rejected
aa481fd4-dbee-424a-b71d-a3f4294fe026,7284c661-14bf-4805-80c9-d1c91268844d,568243.45,206506.99,8.89,2024-07-14,approved
c817cee3-ddd7-49ec-9984-a63534b595f4,8e8ccd1e-0f34-458a-b2c5-d624e499219d,650257.67,65460.38,3.99,2024-07-14,approved
d531bc71-a8f0-4f9e-a1e2-24395ed9e835,39c9ed3f-ff5b-4aa9-9e1a-f530b1c30353,658107.67,291461.34,5.82,2024-07-14,rejected
6d77f1a0-f22e-488b-8702-64538bf1f733,6eabd930-6cb7-4b9b-a846-dd0c36dd3c03,273694.01,807822.51,3.14,2024-07-14,approved
8e8f33ae-c326-418e-a2d1-01ee75322671,0b0779c5-c084-40b4-b332-42a9724cb0d0,127828.06,689263.98,3.88,2024-07-14,rejected
0114d63f-0f88-4c08-b210-520356f2e732,0e2637b8-94a3-46ce-9986-1c9c3c108f38,617902.12,83997.52,4.56,2024-07-14,approved
c48c8e81-7bc6-444e-9101-5cd4824e6b39,8b2cd53e-7593-42b0-81db-15024fc4c84e,885353.94,825066.8,5.75,2024-07-14,rejected
4e212bf9-f009-4bc2-9978-6ce9d87c1472,35869df8-60b0-4b01-9fa7-c926572616cd,443767.57,967501.43,2.38,2024-07-14,rejected
252ed401-27d8-41f3-814d-dc104fed2568,e051da9b-b03e-42d0-bf17-6dcd4981551b,304307.9,844572.21,2.17,2024-07-14,approved
f0df53b6-1c84-47f2-b92f-2e464936d694,e7b6bff7-35ed-4ceb-ab57-02b0f50db91a,815666.59,316554.2,6.43,2024-07-14,pending
ebae2d2e-60d3-45c0-9343-8ca5c226a658,18651a27-489d-410f-a166-bc564f8e8110,993259.44,571653.4,7.69,2024-07-14,pending
c1b76e7c-cd6e-4e3a-bef2-37a175f711b5,bcb0ca25-d536-4fb1-9a23-a3c8244749e5,51837.82,667510.16,2.72,2024-07-14,pending
c8bd040b-5a20-4d14-81ac-e1b4e671346f,f0fa017a-4b04-4a8d-b4b0-19d2a7705e6e,620301.85,495857.96,6.73,2024-07-14,approved
4d323d17-cd84-4b37-9657-41a293cbe20a,90f50a6c-25c5-4615-84b1-b70227b6c4b1,231207.18,77136.39,4.15,2024-07-14,rejected
c30fa335-2167-4258-96cd-3bb629263122,c6c41456-1d22-479a-9534-5a4b2ce02e25,63412.66,602785.1,9.05,2024-07-14,approved
1c31ef53-729b-4f4b-ac4f-9e15649935a9,1809bfc4-b712-4221-859e-39ac106690e0,81531.78,788034.55,5.08,2024-07-14,rejected
9cf04beb-97d8-4c2e-8168-793d437cb618,fba51612-894b-4427-bd9a-df1157668729,229017.03,655576.4,6.83,2024-07-14,approved
b84a3b98-9bc2-4055-8521-9349d7bc4a3b,cc3d818f-6e55-4ee6-aeef-5ab33317c575,903451.19,631146.38,8.39,2024-07-14,approved
a3992547-245e-4219-9850-f9faa03d7815,3aed7336-ade0-46e0-aabb-2dbc490034a7,144406.47,752306.38,2.8,2024-07-14,pending
a460d831-0495-4245-a826-2fe2190ec95f,1635324a-f2b2-4678-9c6c-0eb6d9f76860,413438.93,756535.57,7.22,2024-07-14,pending
6e72ace5-f145-46e9-866a-9764e0f0dd9d,f0fa017a-4b04-4a8d-b4b0-19d2a7705e6e,794912.17,744814.97,5.33,2024-07-14,pending
f637f7a3-b57c-497f-a369-f2ae85d66fe9,443c4ca0-114b-439d-8aa2-ff8379a8f0ba,363362.31,385454.76,3.25,2024-07-14,approved
66499954-da40-4a48-991e-85a81820e4c3,b0a41888-7cde-4b82-bdc5-6850d9dec2f6,577048.29,304269.19,1.96,2024-07-14,pending
5c63d443-ef71-4d36-bc54-51500e911576,c2bd62de-0305-4465-9910-95b16f74e833,740986.3,232509.19,9.19,2024-07-14,rejected
6c004958-2471-4dfd-a855-0d66cc79f7c3,c098eaf7-d544-4ee4-b79a-6721004a1097,685402.82,946100.64,1.63,2024-07-14,approved
6b1d4813-d783-4f84-8020-850a603422aa,17624731-3e06-4495-8455-ae49eacc81c7,706956.17,751382.86,5.53,2024-07-14,approved
9fe76826-632f-4624-ac87-a333a5ffc7f5,5355b366-d066-4052-b073-b0c4f5febc33,361122.79,651780.06,7.27,2024-07-14,pending
fdba5398-2aef-4656-b3f2-8fda0c38e6d3,443174da-eb4c-4dc9-b540-881c482294f3,662428.38,472054.33,5.68,2024-07-14,pending
a1a6eefe-c7f8-45ea-b6a7-2f4f438810c7,863e0150-1382-4797-9994-531acd126248,791782.15,825888.74,2.09,2024-07-14,rejected
595b5911-1075-47f9-a62a-8c49c8166f96,cba1f77d-4db7-4776-b7cb-f1e16452166d,876520.3,684515.6,1.89,2024-07-14,rejected
22a15767-cebd-44d5-b321-c71fd3abb59b,64d26832-0016-4263-a427-f99b2468dd8c,381595.31,141151.13,2.63,2024-07-14,rejected
b80750bd-6007-489d-afa8-99de13fb4e17,c3953774-b003-4799-a719-a62fe27ab055,940448.91,963291.12,8.87,2024-07-14,pending
958c193f-5165-4600-a2fc-f7649da57f67,88fd4e8d-9a74-448a-a3f7-1840f7438f40,277773.32,822861.64,4.45,2024-07-14,pending
f426a6f3-0c25-4e9a-be87-d96d15163815,031f463f-ab3d-414e-986d-9bec1bf98f51,901347.21,358697.34,7.07,2024-07-14,pending
f16074a8-81f3-4e05-8412-7c684e61e853,f3b72ac9-269e-49ce-85e8-81268261369b,127129.29,302529.29,5.35,2024-07-14,rejected
acdc9f3d-2d1d-4073-9806-86b2526f6eff,8b1ba3b6-9cb6-4ea0-9a28-5f4a3c5219d2,851991.87,257210.14,8.54,2024-07-14,rejected
0c0b7a30-6006-40ef-903d-8d55e0953fea,38a6c4af-eef5-43b7-ace3-b257ed59a6cd,343954.24,50388.69,1.93,2024-07-14,pending
cdf1e71c-786f-4d5f-9282-a53ce9fd4eb7,b5ea4538-8b12-40c3-b4df-c22e1b982952,858205.77,204740.16,1.92,2024-07-14,rejected
072835e0-abfb-433f-ab0b-2ba74e8e5776,22382d1b-e25f-448e-9454-e89d91db9693,278167.62,908104.61,5.0,2024-07-14,approved
9d54e7ac-1c84-42cb-8469-d3986769eb26,a6ae2cee-ccfc-4bfe-ad13-81a73ddf3e5a,877865.07,507841.22,5.64,2024-07-14,rejected
69c657f6-84a8-4ff1-8f42-661367688d67,d9008960-94d8-4ff4-8ee0-3eada6492452,682877.16,687048.77,2.92,2024-07-14,approved
5dd303fe-2523-4037-b937-45be96d67d63,e20d9dc3-138e-4b8c-bd43-40d955c6b8e7,563145.83,709002.62,3.53,2024-07-14,pending
9c30f08a-175f-4a47-a25e-ea9012621024,14790bab-f463-4e1e-8f8d-c9a173de807e,970944.38,287644.41,5.39,2024-07-14,rejected
98e3dc2c-bfdc-438c-9474-70680d791c05,0e2637b8-94a3-46ce-9986-1c9c3c108f38,409304.3,193871.17,4.73,2024-07-14,pending
90799b6f-8678-4e38-bc87-b516c1632ae9,b2c4d07a-39dc-42da-ae77-2e93456a9bc4,353810.2,783730.91,9.78,2024-07-14,rejected
a5dad6dd-bba9-4525-89f2-35ca729e9677,00d5af82-865c-4913-ab39-3be94e188fe9,936317.27,66433.91,9.34,2024-07-14,pending
b6063eab-9262-479e-ae97-ee63ba8bdd7d,e7a7f46e-bd6d-4429-b6d5-6d62b907f53d,814181.07,578240.29,5.25,2024-07-14,pending
6ddb3e3a-6aff-411c-85d6-4cad661fbd9e,4cf80b0f-72ed-4809-9017-ec06ec54c7c2,153967.53,197040.24,9.43,2024-07-14,rejected
dbb72612-2eb7-4ef5-bf31-36cea99d0ff9,ee7a7685-7bb7-4404-9c0e-843d22e11e65,970768.85,198441.69,7.07,2024-07-14,rejected
a4b19c0c-f886-47ab-a8bd-5bddeff924a2,e2f18419-bfe2-4758-bc92-ea834c659d69,513332.3,86008.34,3.65,2024-07-14,approved
1dfcf970-d4b5-4315-9b2f-77c191b71118,40e4337f-540d-4e81-98ee-5645619a557f,246430.44,530951.66,3.42,2024-07-14,pending
21710c1b-eb41-43cc-ae77-f98cf5fab3ef,de0618f1-5608-441f-86f0-18d65eacd219,189695.13,289251.61,6.34,2024-07-14,pending
9bbf8af5-7fb2-4559-b76a-5ce63ac191b1,4cf54f49-87b6-4536-8cb1-ff9441650eb5,236224.42,371027.75,6.38,2024-07-14,pending
8d1b07ea-382b-426f-b409-3362793dc4c5,7336d2b1-35fc-46c7-89d2-737b4d6186c9,262717.36,535161.7,1.4,2024-07-14,approved
84cbc6f6-6ebe-4781-af5c-2674abbf973d,a3d01164-bb40-4bef-954a-f1af40742ba8,783606.16,517790.92,4.57,2024-07-14,rejected
660c0d44-0efa-4917-8f22-6a1fa58f9502,5255d771-51f2-4e70-a81c-8abe835117c7,729544.72,549231.09,9.64,2024-07-14,rejected
491858a4-285a-446d-b422-dde59289cae4,b39fa5cc-7c47-47aa-982e-6b5a6a6944bd,969781.01,546840.8,6.55,2024-07-14,rejected
39b66894-9f70-4dc9-bbb6-a34a4bdd828c,6af82046-d727-439a-9cdb-92b6bb5f97eb,842339.1,655353.75,9.75,2024-07-14,approved
ebaec04d-39d4-463d-985f-fcf8bd617cf6,e8d9157a-98d3-42f0-8a6e-de6ab25e4562,952311.29,944714.01,2.71,2024-07-14,approved
0900e0b6-b686-490f-b0d7-3d5230d2b387,f05ffce9-2ca5-485d-8e35-7bffe3e0a034,452803.17,812209.32,9.85,2024-07-14,rejected
8667ee87-ed22-4ba1-af8e-f54310e1be84,59af5891-84e4-417c-8323-47e0e3473223,843613.4,63310.25,2.87,2024-07-14,rejected
16cc2b6c-c417-49a9-a63c-0890faba642d,d3f7a2f1-7d4a-421f-aafa-75ecdd5b1bb1,817492.14,768622.11,5.53,2024-07-14,rejected
a090b812-4b2f-40d1-9a3f-650342d52d49,942f6ee5-c5c8-4b92-bd28-72d9d6322beb,157870.03,53462.17,7.76,2024-07-14,approved
2c48c6b3-10e5-4c3a-be21-82bc42823f5b,6c10da0b-463d-4d57-b98a-b94cdc7769fc,748067.77,282242.38,6.54,2024-07-14,rejected
253487eb-d3b6-48af-88d7-1044d2de3f99,13fdf3aa-0a0c-4b78-95d7-ccc93fcf7167,480500.24,851969.03,5.26,2024-07-14,approved
f5555a51-e478-4d2e-964d-7fb965431966,32d8db98-1fbd-401e-b8c6-176eed030280,762783.85,758882.66,7.15,2024-07-14,rejected
879a3568-dbb6-460c-a59d-12e7ef0eed18,68ec35cc-150d-44b3-a6c8-d6627bf6a954,382652.47,894848.16,7.39,2024-07-14,approved
7b5cc47e-a3cb-4fc6-90dc-c9a380556110,0be83624-14de-43eb-8571-5df58cf66d1c,969925.71,378393.88,6.93,2024-07-14,rejected
826f517f-5e7e-4925-adbd-df965e613afe,bafb9563-f780-45e3-af42-2084ef2a4651,758415.27,386218.64,3.35,2024-07-14,rejected
ec479c08-70ff-4ca7-b906-39964ba824ab,5355b366-d066-4052-b073-b0c4f5febc33,106989.06,890728.18,3.61,2024-07-14,pending
c0bd7278-1f7d-488a-ad78-c4df62327078,56c1cc1a-a0fa-4fcb-9068-268f2be60143,706177.21,992398.21,8.53,2024-07-14,approved
dddd7b32-ffac-4db9-a67a-fed3ba0ad0fe,27ac359c-4a02-4ab1-88d3-157f793b04ea,416782.12,751233.79,8.68,2024-07-14,rejected
78d60037-0501-46b6-9f94-c9810e902c3f,be4527a3-31ea-469a-aac5-2d8883132d07,412178.53,920852.08,2.34,2024-07-14,rejected
c5c468de-0ec9-4d24-8b52-69a6e08566ee,e69bbf3f-b986-4886-9345-7248c7da816e,179040.43,571218.72,7.22,2024-07-14,pending
6e550c1b-a052-4946-9439-6c0b67e3d3f6,1ec37781-eaf0-4ba8-80a1-d41a3d00fd7d,864331.36,897551.62,2.97,2024-07-14,approved
8ba56ef1-cb67-4923-a28a-e5b87a9fb1fe,af03a0cb-cc48-481a-8ca3-676f5b3bd2e8,517680.54,976646.94,5.01,2024-07-14,rejected
1d33a148-3388-45fb-8aa2-28dcf8b1e064,2eaa382b-5fe2-42dc-b5fc-0c8d283aa21b,524751.65,755175.16,9.65,2024-07-14,rejected
29475a32-d2b6-4c69-bc64-a7a788b07bf3,ffb37cca-a3d3-48f1-9bca-2334213d7694,317935.0,647151.75,4.48,2024-07-14,rejected
9fb02757-22f3-4d44-9258-2020d2915982,903d080b-92ca-4f93-91f1-fef0ab3ffb02,697215.02,168129.06,9.44,2024-07-14,approved
b148addc-0b0e-41d1-a321-619c31ecf249,575ee5db-9f5e-4bfd-afe2-894822673909,829066.66,74062.98,1.38,2024-07-14,pending
72c9bd7a-d9f2-4ade-8013-c88d9fab843f,adaecd8c-eda7-4f15-87f9-6c7bacc2c592,344060.75,560363.46,9.26,2024-07-14,pending
87322a18-f49d-4bf5-beb2-0d235375dbfd,d12984b4-8be4-486d-b67f-4ad61396f0c6,212562.26,695578.85,1.8,2024-07-14,approved
77d61a85-27c8-472f-bb96-5219956e202d,cbe7d4f8-ba7a-45b6-b343-f9c47ecbf732,951974.21,792989.83,4.37,2024-07-14,approved
fcc91863-5c3d-468f-b919-9a4492182f54,46e79e57-9695-4cd5-ae25-5778656fcd75,464423.5,765782.33,4.93,2024-07-14,rejected
1569a851-9330-4355-b086-559d217a14e3,a6d0339c-58e1-4678-9323-0d081e3bf4aa,169132.75,747714.7,6.31,2024-07-14,approved
821f915f-ca82-433c-bfa8-14cfea5397aa,e828aa6f-59a9-4c7d-92f3-79e9ce367bf5,779062.81,822958.91,3.11,2024-07-14,pending
7576beb7-825b-4997-aab6-7ffd06ba21a4,759a99d5-19f1-488e-b43f-47a46dea198c,218325.63,576850.76,5.38,2024-07-14,pending
f2f87163-279c-45bb-b362-2a186ff515bb,6a976ea3-d391-41c9-a517-427475be3912,478080.46,136942.15,2.6,2024-07-14,approved
c1cd2e9a-8000-4dfd-b8ac-b991692a6825,a12fd853-850b-4fc9-b810-c8422eae49be,300701.35,909617.72,2.31,2024-07-14,pending
501ab66a-1ba0-4964-ab75-506678631cfa,d8f1ca79-5f7b-44dd-bc49-63be999d52ce,956981.05,319745.06,1.16,2024-07-14,rejected
12f52a82-c246-42be-b008-e291671ccf10,2eaa382b-5fe2-42dc-b5fc-0c8d283aa21b,531399.73,561389.12,7.78,2024-07-14,rejected
1cf18cde-2ab9-4d27-a7fb-d03d97085d46,e570d249-176b-45c8-89ce-53062c3a3e31,774238.47,294527.84,5.36,2024-07-14,approved
bd4d4407-7179-4b89-899e-4bdae250a095,28c2df03-16dc-4065-b331-24206c9fd65d,380904.16,508581.77,5.49,2024-07-14,rejected
25b41f1d-0b8f-4b47-a7db-69fc186c8d8b,62005ae1-56b0-4442-8cc0-5b5b5aac49ff,401341.19,976082.03,2.47,2024-07-14,rejected
1d170233-9b26-4292-b05f-21e1f2762766,96a588e0-31ee-4bf5-b5df-2db3feb60c80,745459.15,394775.4,1.14,2024-07-14,pending
f061e74f-ce75-4d40-8b51-ca2a5f44d1dc,894b8186-88f3-41ee-9d21-6a7dc8b0aba8,351695.3,582932.25,4.2,2024-07-14,rejected
31831b8f-a279-44b7-a864-8e6e44ef23f5,a1ad88f0-2be3-4182-8b95-dd09befcc574,58728.62,77652.65,1.08,2024-07-14,approved
af465f63-dc82-4d70-aead-516230d7beaf,6848ae30-c966-488f-b08a-820692ec99d4,520623.51,580366.17,9.73,2024-07-14,approved
423e9d90-dedd-4935-99b9-5ac736e89df0,25e74cab-3598-4636-a77b-64c9f5ccb048,754579.57,101021.58,9.52,2024-07-14,pending
a65f62fd-8a8a-49a1-b5dc-dd40ffc98ebd,6f541f8a-ee84-48d9-ae34-f7f5a04b0d3e,554741.62,230695.11,7.24,2024-07-14,approved
1b6450ed-dd49-4940-9ed8-52c622a74aa8,67ca2034-0913-4ee7-851f-5361de7c5eb5,181216.29,105385.75,5.14,2024-07-14,approved
9183b5be-576e-46de-870a-d28e175dc198,6515b44c-ea22-4dbe-971d-8d735dceb41c,750880.63,434295.36,4.17,2024-07-14,rejected
7952888e-6fdf-4fea-b09f-245663170368,680a19dc-d8d7-4037-9d4b-fbb79efe9e01,496355.5,459080.88,4.22,2024-07-14,rejected
fdb7a193-0c53-459e-8226-33a831fb9c5d,c7583a1a-a543-4c63-b048-a7ac06329aee,741249.29,415975.22,4.61,2024-07-14,rejected
d091b290-9868-4cfe-974a-ee62f06dec42,8690dd3b-12b8-49fb-8711-2c4ecdfad2d0,952400.77,462517.47,3.26,2024-07-14,approved
a5bf19cf-df94-4abf-9eb6-3395353badf0,2ca0ff49-f8bc-418d-b76d-7fbe815c5c0a,195088.5,571078.0,5.32,2024-07-14,approved
ce83fb37-08c8-4a08-ac76-9ff61e410040,a77794db-35b5-4580-938e-11a0869db303,606933.33,975293.85,7.5,2024-07-14,approved
a57595c1-8b6b-4dfd-8040-4a88907b65c0,79eb4339-093e-42a8-81d2-dc781e23df01,442445.46,949609.65,6.33,2024-07-14,pending
18f6bcc3-f9fc-4027-b3b0-bf93ce5e3c3b,affc47a7-9fa0-44de-9e70-c02e7e1bca47,149743.13,497092.98,9.85,2024-07-14,rejected
1a11bd0d-4323-4b30-9022-f92f689e1ea0,61bd2e51-5a3d-490e-8c9f-056cf062b228,219019.28,492818.77,6.97,2024-07-14,pending
d521b86b-e4ca-4061-a135-3724163362a2,38249aac-8e29-4b0e-a389-3db19e06fa50,75325.74,559012.68,2.63,2024-07-14,approved
6ce87317-65ca-40a5-b06a-cc25fa91654d,bb6ecaa2-597d-4dc3-8780-5d906b8110c3,96063.84,454388.51,9.51,2024-07-14,rejected
c88e12a3-bba7-420b-8e0a-12db66627b35,fa4c36b5-78b1-4264-b2d8-092fc95fbc5f,145415.5,506480.18,9.21,2024-07-14,rejected
353988c3-c970-49c4-8879-e54de413b811,89d76a3a-e9e5-42e4-8f5a-ddba6d8c1921,148433.36,504001.01,6.03,2024-07-14,pending
202da503-5145-48f7-9ac9-a918a82b0c4d,501fbce8-40d0-4c1a-ac41-13d08abc43dc,793547.11,754117.8,1.57,2024-07-14,rejected
9544e014-191a-4d6d-aa34-c9f0c11d44fe,cbf34c65-e4aa-4f32-b3e3-8af9df6550d8,774207.79,171529.05,4.68,2024-07-14,rejected
bddcbe58-f4e7-4f90-b3f4-91cb5cd33ead,32d8db98-1fbd-401e-b8c6-176eed030280,439891.99,110446.34,5.85,2024-07-14,approved
5953f380-d50f-4720-870c-fe3321cffefc,5faef8f1-4b6d-4974-a5dc-fbb7d5ba5c56,128984.31,561678.17,5.49,2024-07-14,rejected
5c867662-500c-44f9-ad4c-2ff8e1f9abfc,4ee82f1f-5c8d-4b98-ae4e-26377ad445e4,610995.38,437084.92,8.91,2024-07-14,approved
5caaecb3-5b45-4cea-ba79-e8faafeb473f,dc0414c2-3ba8-4e68-bb31-70161859a112,574618.49,942796.66,4.27,2024-07-14,rejected
b2f7f7a6-6ad1-4e6f-b6a5-96d188f6d6fb,c6939295-691f-4a17-8d89-79e546a42b3a,528700.44,525195.9,4.76,2024-07-14,approved
d7b53e38-8514-4c51-a5ca-17a92d269b42,6aea6211-cad1-479e-873e-db9477f88fee,770658.11,199640.52,3.04,2024-07-14,pending
8ff48036-cf10-4516-b6f4-ae23b672b71e,f3f12ebd-dc9c-4233-b6e1-6d1107ebc320,443725.68,728358.88,2.17,2024-07-14,pending
6febfc8f-b90f-4f4f-adc0-0b5cb75b44c6,c6a8e557-e307-4117-a4e1-5e94f40a40d7,84049.45,884732.23,2.43,2024-07-14,pending
6a281e07-f5f3-496a-8570-144864561aba,e828aa6f-59a9-4c7d-92f3-79e9ce367bf5,100616.59,737256.39,2.09,2024-07-14,approved
f71a1e26-e48f-4d20-8e8d-70a641e1ce82,b053dc1d-0c51-41c2-b9c9-f87b0829a924,693621.49,638155.6,2.37,2024-07-14,approved
d489770b-fcb0-4026-8f99-113e2eeabc37,8ffbb7d6-93fb-4be3-9ec7-23985d6757ba,542129.28,967199.62,2.51,2024-07-14,pending
3a11b48d-91c7-4370-b950-b22dc1cba1e2,8ae2f679-8879-4add-9c49-0dd3a4042160,56615.58,824196.81,2.98,2024-07-14,rejected
358f3de2-7de1-4c6b-b8f1-f36a117e25b5,4e7009ba-d0a4-4c7b-bbd8-51b8239d4c16,717849.87,713629.87,3.71,2024-07-14,rejected
de3cb322-9ccd-45f2-b664-ab6b4b8be920,a1ad88f0-2be3-4182-8b95-dd09befcc574,885898.4,656403.19,4.78,2024-07-14,rejected
42867060-8d41-4a2b-bf8a-53cb0dac5716,c85a4ac8-07c7-4a14-943b-b523025623a8,575907.91,351848.51,9.47,2024-07-14,rejected
f25a7873-d88e-4ba8-9b53-40469c5ca247,fa094d14-f50b-43ee-899b-feaa2ce200e0,829096.51,932691.49,3.42,2024-07-14,pending
d3876bdc-ce11-4079-9040-9a08e0625054,829608dd-b6ae-43b1-ba07-e40e0de15312,64223.31,482055.97,3.21,2024-07-14,approved
3577c558-8998-4a1b-b76e-e3f4488ce0fc,f6cc867f-0567-4ad1-89a5-5e02d03f2d3a,410941.7,848938.93,7.21,2024-07-14,approved
214fcc7e-7437-418c-b553-86406434c818,5fd7791a-f28e-4dfe-b520-95be74f962d7,207830.08,428356.74,5.98,2024-07-14,pending
fc7464ba-3cea-49d6-8e83-41f775540386,b94c4414-3a9c-45f2-bbf0-5fea2f711215,256508.93,606071.11,9.39,2024-07-14,rejected
b1551125-f560-4e20-b04b-c7fcb3916b60,0b0779c5-c084-40b4-b332-42a9724cb0d0,696772.46,847389.01,3.89,2024-07-14,pending
d8657022-639a-42f1-9279-40ddb089eb3a,d3f7a2f1-7d4a-421f-aafa-75ecdd5b1bb1,337862.0,184641.55,1.28,2024-07-14,rejected
c6beed37-846d-4a1e-a181-104716ddf238,fb0d5551-e57d-4713-9b51-8db8ede2a225,294114.3,117553.94,4.58,2024-07-14,rejected
38eb7006-e51a-4754-8d48-ad8438c5b9e4,cd32bc35-d1b0-45a4-931e-d9ce856d9f7c,907527.14,324054.45,2.46,2024-07-14,approved
9689d4fc-7c1e-4c8d-9837-dfe7277854cb,25e74cab-3598-4636-a77b-64c9f5ccb048,65027.8,765139.34,1.4,2024-07-14,approved
d3081782-ede0-42ff-ad6a-f83b0a65d13f,4f09054c-a806-4b61-8019-6f7c6f6b505e,818600.66,334897.72,7.52,2024-07-14,pending
d0675562-d845-4230-b607-03c5fac1d1bb,23d8e54e-9227-4242-a78d-ecf888b43d23,442757.41,844872.16,5.0,2024-07-14,pending
528d6759-4996-4bb0-8709-eba4e2c2fd49,eceaa5d2-3e16-4ca3-a183-96029983d807,943217.07,496744.64,1.22,2024-07-14,pending
c1deb06c-4e9b-4c32-ba75-3843e9b829ed,6a5c1877-afcb-4fda-9602-6d67bfbaba21,855773.15,104931.0,1.25,2024-07-14,approved
40aa4fc2-cc64-4540-b125-9a1186b26744,41f01226-4466-4cc0-8f92-47d04c6031b2,903376.47,263491.55,9.9,2024-07-14,approved
c79298b8-ce30-4678-b262-1c41cf7ec863,f1318c8e-ee2f-4289-a605-8e05f9ca2c7a,560882.7,100930.79,4.57,2024-07-14,pending
3dc57884-5bd7-4576-ad1c-df0bd315b618,63ea1d3d-59e4-46e3-adf8-f2f453583b4c,523225.74,55797.28,8.94,2024-07-14,pending
3ec817dc-96b4-4e3f-a82a-d843d781c252,8993b2db-da08-45db-8475-2f8fe3b3e8b8,228399.07,476700.52,5.02,2024-07-14,rejected
c6820ae4-04d7-4e0d-bac2-8e09da6e90ff,42890efb-e50c-4ce5-b0ad-e2f7d59df8c5,953136.6,282956.29,4.33,2024-07-14,pending
2848c3d4-f345-4d44-bee0-1e10a81f6574,64d26832-0016-4263-a427-f99b2468dd8c,758002.02,407940.5,4.75,2024-07-14,approved
d8f590c4-4ac2-41d2-88fd-64b643a3401e,30d50579-2c36-4985-b747-dba53b9cd508,507272.39,325228.48,5.26,2024-07-14,approved
5748270e-d71b-4d71-a692-1bae508ca2c1,2fb84584-4089-47f7-b9bb-d51d60033c2a,139244.87,997457.27,8.84,2024-07-14,rejected
19ef1e98-6b34-4d18-92a3-83c6cf99f9ab,db4470b1-5630-42db-b1a4-ad34eb0a189b,206082.45,209148.71,6.55,2024-07-14,rejected
75bce460-04de-4b96-9ab9-0b1b46bb649d,adf50c45-c277-4dbf-a59c-980d60858c82,493669.65,207976.47,9.16,2024-07-14,rejected
c3c751f7-15b2-435b-9880-1dcd3393265c,de93a0d3-308a-47fe-9cab-33ac408b2a5c,758219.82,911132.96,5.76,2024-07-14,pending
4353ddfb-6620-4f0f-8ac5-57188bf38e80,40377afa-8e8a-4a7c-986b-000704951da7,948808.52,421545.72,6.96,2024-07-14,approved
7bbe6931-3909-4bc4-98d3-6b7d51e8b067,98ca7e39-e624-4360-a4e9-3f1293f23269,293630.21,961623.04,2.68,2024-07-14,pending
bb131c25-4613-487d-a0d2-ce310969c733,13a1f3b4-a778-4e64-bfc1-8cbce14bfd51,344616.06,627870.82,4.78,2024-07-14,pending
76130873-79da-4e00-98fb-0e3efb3bb477,4d9cb573-09a7-4ca2-9ef3-c27a447a5ae1,349032.24,281849.67,7.05,2024-07-14,rejected
f393bc53-a61a-47bc-b77c-55b9ad74c9f5,b42d3fdb-45ac-43f0-b914-43ee5c99c6d7,621604.8,804077.85,5.81,2024-07-14,approved
0634aa04-7384-44a8-9b17-02ca784fe465,b8dd4e7c-e242-45ae-9e7f-1ba673e7d076,189122.96,619953.06,7.93,2024-07-14,rejected
15fd1879-9134-4413-b813-ae36748ce480,a119d3a2-2b4f-49fe-9f50-987759762cf1,81458.39,809126.36,9.78,2024-07-14,rejected
b1017886-c940-4802-9182-c6fd0937983b,ed08aa00-5c16-487a-b1d2-9f532bceef50,708964.47,941469.37,6.97,2024-07-14,pending
