charge_id,account_id,amount,charge_type,charge_date
5ae13ce1-fca2-4a9c-b252-f90915933e1c,7ad49dd6-dd56-4dfd-b301-f89b26d47057,6.68,maintenance fee,2024-07-14
9a9c619f-228a-454e-9ce3-ad3de54536a5,9a7d91ab-56ad-40b6-8e66-d009902089c6,19.42,overdraft fee,2024-07-14
66a730d1-7298-4630-b038-2bf32d1b4cc5,2680925a-cbdb-4975-b6f1-82e1dbe3555d,64.22,maintenance fee,2024-07-14
b80a1c16-0941-4214-8658-a73ab49471ff,6790fa47-c26b-4f4b-9b9f-80bdc1957a8d,9.73,maintenance fee,2024-07-14
cf8d59ea-bda3-4e91-93c2-d0570476a922,a60bede5-5a9e-43d7-b15e-3dd1ea40389f,15.95,overdraft fee,2024-07-14
12edd4e5-2c78-48e8-aa22-90550495faf5,22770ad7-9fc5-478f-b4bd-72bfe4787dc5,29.77,overdraft fee,2024-07-14
1227f2fc-6857-45b1-ac55-f1f4701bd939,fec38d83-05ef-4e53-b680-e5c5242aa5c2,41.67,ATM fee,2024-07-14
ebc075f9-1406-4cab-9401-99d763b47a65,bc6be580-c03f-4e1d-af67-3bd5ae939596,87.44,ATM fee,2024-07-14
e0d094da-9aae-435b-98ac-1057e5b3df0a,c4307bdc-d902-4cdb-9d3c-23f817e814d9,65.02,maintenance fee,2024-07-14
230928fc-fa19-4596-8c0f-0d9e6d74ca8d,2e11ceee-cb5a-45f2-9cb2-d785e2654015,57.31,ATM fee,2024-07-14
26f28560-7289-4bb1-ab48-05b76ce40a76,f5268341-689e-4aeb-92e6-25563f6b4923,10.64,overdraft fee,2024-07-14
8f30f136-bd27-4b1c-9516-f1eda6f6e7bb,0d44fe7c-4284-47d4-88af-aae1fbc4bb17,36.61,ATM fee,2024-07-14
6440dfc5-ead5-482f-ade1-06c91ce7189d,79a4a640-f1e3-45bd-b527-5bd3dd581b75,12.04,maintenance fee,2024-07-14
cd8b9299-7149-45c6-89a1-596123e9a9e9,af011cfa-af4f-43c3-8844-ef6195870ab8,25.5,maintenance fee,2024-07-14
548961fb-ec1a-491b-97bd-c0b6749a9c09,075d6a4e-74ed-4053-8ac3-24ee4f4964f9,79.08,ATM fee,2024-07-14
9100320b-ebfe-4157-b240-bc9efcd24355,b3031927-ad90-466a-a0cc-217dbd5ae6fc,34.14,ATM fee,2024-07-14
967c7a55-e8ba-4894-96d9-7d4874d9e19c,b214d4d3-9ba3-4d66-8700-3ea6bc753966,47.8,overdraft fee,2024-07-14
2bee8197-a8a6-4c67-aa2a-6ab77058421d,65a388ca-86f5-4d8c-94ba-4af54a463d15,32.02,ATM fee,2024-07-14
bf6ea9a0-d615-4bc7-9008-3dd52919b4de,8918adc0-1ddf-4740-957e-cf06b6e5c1f2,65.36,maintenance fee,2024-07-14
9ec6163b-0c65-4696-a308-06ba76f14b00,95fbde2b-1b4b-47b9-8a07-1504976dd3b1,6.1,ATM fee,2024-07-14
b06994a1-54ce-4b42-a17c-1870055f02ea,e5b1532d-734b-493c-adc9-c2897dea2768,90.78,overdraft fee,2024-07-14
112b335f-16c3-474f-8605-12365d5ec451,184be558-e5de-45b0-87d6-692f8c55d1a9,87.92,ATM fee,2024-07-14
a9c57e36-11fd-4fc2-a140-9dd9b9e492ac,29524a4c-efcc-4d9c-a661-89f4be3ddfbf,79.31,overdraft fee,2024-07-14
24e156b7-49b9-45a1-8832-240e720926dd,c5451fdf-3b82-4c55-a836-95aacd39fa20,19.64,overdraft fee,2024-07-14
e14c1222-7c66-4247-966b-88d3ded99aac,5daed9a9-b43e-43c2-a8f8-959f1748128a,26.59,ATM fee,2024-07-14
f8f43170-da93-49b8-abef-97754ead2e7c,99e41397-0727-4369-b83b-2a2372531bae,86.96,overdraft fee,2024-07-14
27874d5e-a56b-4e2b-bc10-4a2af00bac9d,38ab5273-854d-43c7-a6d3-ad9e7f3e55c9,67.08,maintenance fee,2024-07-14
79b91bee-61f0-435c-b893-8a29551154d1,f9aee48e-02d0-472e-a5f4-015f7c287c95,51.43,ATM fee,2024-07-14
bbf8884a-94f8-4b69-aab3-42e8a690120b,7819c567-abc4-43bd-919b-a2d6262daf9e,69.0,overdraft fee,2024-07-14
f5abd609-5153-4757-91a1-2792dc31fd1d,39610dd3-b2f2-4e83-9987-19a77cdb7da7,90.11,ATM fee,2024-07-14
ae25613d-8c46-4304-b6f2-6dcc78e8fa87,79346a66-29a9-4c8e-a0ad-497356972a91,94.65,maintenance fee,2024-07-14
6402c983-8f40-461c-8af9-733b8ff2e854,5f4df774-a9ec-4c12-ae76-83b12aefd004,80.82,overdraft fee,2024-07-14
0f35e6c8-288c-4321-bee9-1e4966a4bd35,82c423f8-8846-4589-aa36-e6ae8c9cea4e,67.92,ATM fee,2024-07-14
58e55f70-0770-4fe4-803c-c881bca5231c,6e6aebbd-fee3-40ae-9fdc-70bb8bb1dc77,51.26,overdraft fee,2024-07-14
a42110bc-9d21-4ac3-9ba2-8eafad736311,171eff38-5bfa-4352-8c96-706020785734,10.26,maintenance fee,2024-07-14
aca7561f-dde6-4ff1-91e6-47d2e51035c3,27b60f61-c35e-4518-a303-be51f3faafc0,25.63,overdraft fee,2024-07-14
c42cf5d2-d996-4312-b1c0-00e9d1db8a6d,3f540963-4d4b-4485-a93c-ca1870e43ac3,64.72,ATM fee,2024-07-14
f92f6d40-5d88-4ee1-9183-5e26c3dc06ea,b7db75c9-df44-4416-b082-f4f579781a39,99.33,overdraft fee,2024-07-14
316a208a-a91f-4854-8b2a-11130bdfb416,806f0899-5a06-4a18-bb6a-6cff8f54c9e5,72.1,ATM fee,2024-07-14
928a797d-e05b-4647-9d71-18ae7c2572d5,afaee260-6999-4b55-8514-b468595473fd,72.8,overdraft fee,2024-07-14
10e09406-af4d-49a1-ab3a-c32bef0f4f7e,3c41c1b8-81e0-40d8-9e53-e87d2521536c,11.24,maintenance fee,2024-07-14
15e66adb-b433-4ddd-bf88-159abee4489a,70f019cf-2861-4b45-856d-5636b761b990,39.44,ATM fee,2024-07-14
4ce4804c-5de7-4a70-b9ee-fe529bfcb9cf,a8f75d34-5a5f-41f8-8bcb-76b0642f542d,86.27,overdraft fee,2024-07-14
76645168-7511-4f57-a07a-7cf74dd78a24,612ce8d2-04bc-4c03-8a56-d38865cb5175,62.45,ATM fee,2024-07-14
3dd98b39-1c83-403d-8e31-402180acfc6e,16d73c1c-e735-4640-aa6e-2c1b14a8e27c,56.66,maintenance fee,2024-07-14
b6262c07-c7b8-4ec6-80a8-cd161f59e4e3,2680925a-cbdb-4975-b6f1-82e1dbe3555d,12.86,maintenance fee,2024-07-14
457c571a-e95d-44f6-9fed-b6c99885cba5,2af3352a-955d-4955-a3bc-b7e1bedcc04f,61.93,overdraft fee,2024-07-14
0505534d-0553-45c2-b583-a0c0cfdb65d2,c0d45c2f-5410-44a9-b96f-ae4e123092e7,14.28,ATM fee,2024-07-14
28ccef76-1b38-450c-a044-a7f72a13ae8e,20061481-ee44-41f5-9479-2ac7ac783c42,10.28,maintenance fee,2024-07-14
b8d95f85-306a-4ef2-ae16-2aee9e20b9aa,9bedd204-ad45-4612-9104-d97bf42b25a8,89.01,maintenance fee,2024-07-14
c7ed2cdd-ea5c-4904-8b67-320c3fd7d353,1f279614-40f8-4a3d-a247-523708efcf2d,60.34,overdraft fee,2024-07-14
9cf5e24f-02b0-4392-acd5-4dcc1e3621a0,99f149c7-2b27-4441-a3d1-831b91f7cb9b,29.87,maintenance fee,2024-07-14
82f3e19b-d05c-499e-b75c-4c7045e53d4a,3fcfa462-1154-4401-b60f-eaf7136be0d5,39.63,maintenance fee,2024-07-14
bdcc1520-9567-473a-8562-12f9b1faab53,0bce8a43-5c6b-4523-9e53-6d386b47d978,17.16,ATM fee,2024-07-14
3f34cf7d-f9c3-4752-8487-e55e700e596c,e662ba34-fc94-4dfe-9a02-5430638d7c18,82.09,ATM fee,2024-07-14
f8a9c795-fa4c-4648-8b7c-fbfd8fc557c8,3c41c1b8-81e0-40d8-9e53-e87d2521536c,22.61,maintenance fee,2024-07-14
a7194f31-07e9-4726-b2e3-49dc8f09d9bb,f7be6cef-6707-4cd1-a99c-0b7f228f1ba0,34.32,maintenance fee,2024-07-14
9c218c54-eabc-444a-9f43-761378524797,08c1d465-6d34-42e1-9a8b-3c6406fa3ac9,61.93,overdraft fee,2024-07-14
8ce6b9b5-52cb-4da7-85a1-64a4849376e6,0d60bd4e-c96b-4fa6-a52d-11e10499e234,48.84,ATM fee,2024-07-14
9f55c5d4-ea07-4564-a210-86490a06a176,5f111506-3333-474e-8078-1230439a4014,79.28,overdraft fee,2024-07-14
e8279e5e-5c45-4530-be4f-ccfcdbf1f266,342658ca-f17e-45aa-8e71-06be0cd972e0,55.63,maintenance fee,2024-07-14
8c83b4dd-1f75-4c5c-8052-756cf002b84a,baf5b9e8-623a-4cc9-aaa0-c7a3444ea26a,16.64,maintenance fee,2024-07-14
b56a434a-3cb9-4b36-9ae5-e607b377af53,79fb14e1-ed83-4eb8-968c-4646134f39cd,34.07,ATM fee,2024-07-14
5848b3e1-f346-4a7f-b99b-ffae3d07469a,d4130a46-c289-443e-95eb-547428583e9e,62.53,ATM fee,2024-07-14
9656ac20-4983-43bb-ad17-e190319480b5,d9b5c1e3-ec82-48ee-b8ac-7c4fa0da86dd,9.16,maintenance fee,2024-07-14
2ee90f79-201d-4164-b222-7390f79510ef,62c3fbce-ce83-4d35-b929-b939d9d224c3,21.95,maintenance fee,2024-07-14
08396a74-9b58-459a-9516-79cf9ce56538,8cb32f0b-6358-4d5a-9a6d-f3541c52390c,74.69,overdraft fee,2024-07-14
f1d66b4c-cae9-47fb-8118-f63979c3f99f,ccf48659-dc3f-4681-be8a-d10d70633aaf,96.28,overdraft fee,2024-07-14
59fe93da-8c9a-404e-84ba-067fb39d103c,def88ddd-c1d9-4b6c-90a2-01dcd94b83f7,58.86,maintenance fee,2024-07-14
056beb16-ecb1-48e0-89ff-01f4705d9bf4,cb818dc3-9c9c-4844-93c8-45e7c6a70b69,30.61,ATM fee,2024-07-14
6d8c23f5-60b2-4fff-8236-58e8ec84a18b,44d28d3a-2062-4561-b14f-3bbc89e481a4,30.68,maintenance fee,2024-07-14
e86ca386-cecd-4a0e-8119-9adc869cc004,41b7ef69-17f8-486b-b34b-d8e4054157a9,35.34,overdraft fee,2024-07-14
369921d3-d53c-418b-a73c-9cb8468ab29d,952f1d5a-f789-4520-b37f-f1bdd94298f6,66.13,maintenance fee,2024-07-14
f4a195b8-aec4-4afb-a3fc-ce4a42b02143,e0ae979e-61c3-4426-a499-96f896e04c23,83.81,maintenance fee,2024-07-14
03a43e38-b5bf-4dc8-a9ce-b548023df4f2,1524b281-dc0d-4a41-969d-45d612437e81,91.47,ATM fee,2024-07-14
b119ee04-e22b-4efd-8854-e92c2bf1c80a,4292181e-108e-4fb7-8ba8-f0a2d2c44b8d,63.44,ATM fee,2024-07-14
3b9a280f-9617-43d7-a551-a0637492007e,236915ca-af56-4f2d-b53f-520d7a3e7224,57.72,overdraft fee,2024-07-14
d3675141-6a45-46ba-88e4-00ba202435eb,925e5207-ffe1-4efb-96e8-1dd157632e66,66.29,overdraft fee,2024-07-14
bb67b8f8-b9d2-4346-9d8d-13ece56113a8,c9e5c917-0309-4d88-afbb-3c3b4224c50f,5.7,maintenance fee,2024-07-14
50a8b8dc-1aeb-42b4-aa56-aa59da198cba,cc002246-d5b8-450d-b5f5-7502eae6436a,36.28,overdraft fee,2024-07-14
fdc9f281-09e4-4318-9cf3-173ade8c3306,6bf336bf-c99b-4a27-bd48-2a96525fe06e,51.17,ATM fee,2024-07-14
9ce6eb0e-7601-426f-b2a0-b0ac5aa739a5,164070a4-ddb7-491c-96de-3b3d3c06394e,99.13,overdraft fee,2024-07-14
5767df89-f203-48d2-bfbf-3c313b59feec,64eb5307-b063-4b21-8fae-d5668d9f5e80,76.29,overdraft fee,2024-07-14
f11be19f-c1b9-41a4-a54e-295aa2ea9bdd,681fa84a-ccd4-453f-b2d1-0cb51183a1c2,55.85,ATM fee,2024-07-14
2b7880e0-0c8a-4065-a347-42c0f32846f6,47e3a1c1-c0d1-4691-9f8c-86ab0dbbd6ec,64.23,overdraft fee,2024-07-14
7688dcb5-d593-4689-bcaf-886e1fcfb7bc,3fbcc975-915c-4582-a806-7d9d2ee74423,18.13,maintenance fee,2024-07-14
61cdcb83-1389-44a6-8686-1054cca3583b,fa96fd1a-16ab-4d64-b6be-6ce22600d3ee,67.03,maintenance fee,2024-07-14
fb3da2d0-85f2-4c24-9da7-088c48cb59d2,2dad4c03-93e9-4bb0-86d8-41126edb2633,43.21,overdraft fee,2024-07-14
8e35fd86-b293-4b7d-ba5c-2a14c0698fa6,fcbe006a-6390-4336-bf9e-f298119b292c,71.91,ATM fee,2024-07-14
89d7063c-9858-404f-8290-382a6d50adf8,fc311e61-9c77-4cdd-a6cf-c5b58b3be70d,54.05,ATM fee,2024-07-14
af4fa29e-be8e-4beb-967e-5635aefe79a5,4ecdd9a8-88bc-403a-a89c-24cdfef4cc8c,48.87,overdraft fee,2024-07-14
fa4a1365-917f-4dd1-956e-42b096eac603,0a03301f-13d1-47ff-a779-1ab797af0fb5,20.68,overdraft fee,2024-07-14
4404a1d6-7e35-4232-b1a0-676b525a9e0d,05f93e64-c32a-4591-8907-ae60edfb253c,34.24,overdraft fee,2024-07-14
e6d30df1-702a-4b2a-a512-6d787ea4f3c8,117f7c96-0afd-4c67-8f6a-0ea015c2e60e,43.8,maintenance fee,2024-07-14
dc58479f-a879-4540-8815-83128ca267da,8a4d54f7-ea83-40a8-abc7-6e6fe0d38ad3,36.94,overdraft fee,2024-07-14
b30f3600-1fe0-4e67-9daf-dd26c7c307ec,ae83a47d-a277-450e-8aef-5bbece15b595,51.51,ATM fee,2024-07-14
f6b202dd-01fc-4071-84ec-0790f727af38,c11800bb-b31f-4e81-84b1-43efd16d386c,18.12,maintenance fee,2024-07-14
855d0f7c-8f43-42ca-bbd4-73c478ccdb04,767bb73a-8c17-4fa1-b12f-ae3b28a8c0b0,18.71,maintenance fee,2024-07-14
f818d4d0-ae65-4eca-bc48-6bace0234988,15abf0e0-6b48-4f0d-b73f-1380e8fc8318,60.6,overdraft fee,2024-07-14
93be6409-7ac6-480f-b65d-739963cf844a,59f4a481-f28a-4e46-9cbc-9cb20c3c1921,46.21,maintenance fee,2024-07-14
397db9e6-5c1e-4eff-afa9-d18f317ce385,92a8d8e4-ac63-4d47-9ff4-41412ae509ed,67.52,ATM fee,2024-07-14
1b1f901a-11d4-4eac-8a9e-6cc34518c99a,aac78ea1-d33b-45d6-8748-a64c89c3f912,82.92,ATM fee,2024-07-14
2139787e-63be-4dfe-be94-fc13f4e05781,995c74d5-f181-4f79-8ea0-634aee8d5032,44.44,ATM fee,2024-07-14
13f225d1-2816-4858-bd05-f5faf96737ec,ab6d41a9-08da-4cbb-8034-204aed0fbdaf,33.68,maintenance fee,2024-07-14
9ea6de0e-4dc8-4f2d-a10b-299de935a400,45f066ed-6624-4383-86cd-6fb890c369fd,25.3,overdraft fee,2024-07-14
4ed4a8c3-ca8c-4a06-ab3f-3078604dff67,c768f9a8-3cbf-4fd7-ac18-49f343b11a66,30.94,ATM fee,2024-07-14
6b5fe10f-f1b4-443d-b299-9705e78b500d,0368a61c-681c-488b-8ceb-4bdf474acc2a,9.13,overdraft fee,2024-07-14
2f87e5af-57eb-43bc-9c97-2882edc25aad,30015a41-4d54-423e-b873-768519a75bf9,38.45,maintenance fee,2024-07-14
5ead76da-9140-4982-81c7-131e6999c4d9,3589103d-a49b-46bb-b254-ad284aa760ee,18.77,overdraft fee,2024-07-14
e819a196-55f8-4405-b684-b867d81019f9,840e7598-95cc-4e30-99ce-7828a6e10e6d,33.26,ATM fee,2024-07-14
4ccf2eeb-96b0-4aea-af2b-bc954f046b86,28d691bb-f0f8-4acd-b492-b1b8eb6aa027,40.29,ATM fee,2024-07-14
4e0467b9-5fd4-4de8-9b3d-2bd0202cf85c,de9f5d6f-1b89-4566-bccf-6d7fa4e96c89,52.57,maintenance fee,2024-07-14
4e7aafaa-cb00-46af-bde3-d46e879db0e2,1a8f1870-41ab-42c0-9f19-630e2370a9a4,69.4,ATM fee,2024-07-14
4aa9c571-afd0-4429-8c96-4193e56ba524,60bedcb8-4a52-45f6-b991-543fff62afe3,80.15,overdraft fee,2024-07-14
b7bad741-dce3-47f6-b798-71b491710ed0,b1ae8581-9cee-43dd-85e3-8e3065ae22de,86.48,overdraft fee,2024-07-14
95ab9d18-e52c-4c67-9bec-20f31e70aa02,3dd66d6e-3595-4152-8f10-d4b9d4506591,83.59,maintenance fee,2024-07-14
9f581b34-29cd-4f31-9ad4-0e4a6e5be581,1e65ab6f-bf90-4668-be88-8c550a7f02e0,73.58,overdraft fee,2024-07-14
1101ed65-c5a9-41a1-b3cf-147eb68c68ab,832ea8d8-d1ae-4966-9000-351f548a082f,54.14,ATM fee,2024-07-14
dc5343c8-10b9-47f1-94d3-7552bf9e6444,7a04253e-e311-47bc-9f30-d3a2a139f249,66.13,ATM fee,2024-07-14
aef7ab38-e5a9-4bf1-98fb-314cc6761157,c0ea0021-e3f9-4dc3-b246-222139e13348,31.6,maintenance fee,2024-07-14
65a5088c-dfa4-4795-b10d-9885da2351e0,27c7d071-11e8-4fd9-8f8b-59d41e461719,54.25,overdraft fee,2024-07-14
2413959b-594f-473c-9723-2ea59549ed4c,3e25a397-f578-4915-bca7-aadd5621f43b,66.09,ATM fee,2024-07-14
9c30af9c-ee33-4e4f-9375-bd7284bbdf5d,bc30cc8a-fa55-4a41-84d3-83237577a805,65.9,ATM fee,2024-07-14
b5e76425-5313-4d96-8f57-6e767bb26fdc,e7e94473-288e-4870-8210-089f4eb39b66,30.12,maintenance fee,2024-07-14
7f304ea6-35b7-4e00-91c7-6a04a66101ba,433540f3-2139-479c-956d-261b2bc479b2,6.78,ATM fee,2024-07-14
040c443b-e3aa-4f76-abd9-66586dc8d08c,21df6ca3-4a65-4a24-ad1f-2713b354d587,83.26,maintenance fee,2024-07-14
717fbf68-d196-418d-9562-6a1ffb6be594,4a3be2d4-fab7-412a-9f8e-ee295507a28d,72.66,ATM fee,2024-07-14
73af87ac-eddc-4139-83cd-e48d86492a9d,d6ab19f9-d650-49b3-809c-869defcd86c5,58.73,maintenance fee,2024-07-14
ba3d97b8-7368-49a6-b57a-c239556e255c,5407521d-a005-4e78-a967-6e76d2afa989,72.98,ATM fee,2024-07-14
ea38dbb6-41b4-4e35-b63e-5bc67ddd1a92,8a4e8672-fd60-4fb8-8526-33b760fbad20,20.22,maintenance fee,2024-07-14
910b18ab-573a-4a86-943c-df4890f11428,d605a091-d8d8-4dff-bcd1-62546e07f260,16.39,ATM fee,2024-07-14
a8dc08c0-d6a8-4666-bbd0-8444e47d432c,2661936b-39e1-47f3-a350-e3c695f48bc0,82.35,ATM fee,2024-07-14
0c1fcfdb-0bb1-4c3f-8be5-a205d448ec6e,0a3a4c37-e901-4822-b789-bbb7208a42e9,48.74,maintenance fee,2024-07-14
3804faf1-7838-49bc-8bb9-aa309e94d5dc,6f7d612d-04e6-496b-ac50-7bd84a33d8b0,24.38,overdraft fee,2024-07-14
62852342-e18f-4f48-885a-a752299ec5bd,a584107d-800d-41df-8193-1de9e3108883,29.55,overdraft fee,2024-07-14
db9f31ca-758c-4bc9-aff2-4100b8067ffb,951e8820-4aea-4f52-80b1-2e59ada2d40a,89.71,overdraft fee,2024-07-14
702862bc-fc34-4350-b0ee-6020d3cf793d,bd2ca2b1-d0d1-47ba-b9db-46a34f86f141,98.71,ATM fee,2024-07-14
0c4d37c6-2c51-4a5f-bf68-ca785b001509,27e4cf63-0661-41be-b7f7-168e63307d53,75.32,maintenance fee,2024-07-14
ccbf2262-9452-4377-8643-8324c98b95e4,20e3dc3b-f974-4d1a-b8a5-fa2e14bb2d6e,67.9,ATM fee,2024-07-14
8d0cc9cc-490c-42cc-983a-6dda280ad03a,79fb14e1-ed83-4eb8-968c-4646134f39cd,23.99,overdraft fee,2024-07-14
6669ab18-8f33-45d0-880f-6d206452c8ae,02439a00-4f6c-4afb-9f8e-22ab7fd34ab4,11.64,ATM fee,2024-07-14
53d5810b-6132-456d-9d1f-7c52d888a573,ee0f619e-21d6-44fc-85a9-3582859899dc,78.53,ATM fee,2024-07-14
0bda79d1-3d32-41ca-b634-0152db327abf,3db4f527-3798-4dd3-adad-69b984caf7f7,36.82,ATM fee,2024-07-14
8a72bbea-97f9-40ee-93a0-426c926e101c,73293e77-5168-4d9d-a752-4047883190ea,8.57,maintenance fee,2024-07-14
f71f1d40-0ed5-48bb-9df9-9fdef8006d58,b7590677-091b-46df-b1cb-f21b2d96f854,9.55,overdraft fee,2024-07-14
f655c3a6-a509-4d14-917e-0e31d3c2f722,c965bd8a-9d06-49b9-8421-11d9f45e62b1,82.19,overdraft fee,2024-07-14
2e5fb659-83e2-4573-aea6-adf6579076df,59025b8d-d3d9-4d6c-95d3-03d1bc9abe5d,17.59,maintenance fee,2024-07-14
8530a95a-8b15-436d-95bb-fc95c396725e,b23772d0-1bbd-48a7-a818-e5162c0712ea,53.61,ATM fee,2024-07-14
3b4cd295-0d5a-4d69-91cb-58b3cb0a4d0b,0a3a4c37-e901-4822-b789-bbb7208a42e9,51.37,overdraft fee,2024-07-14
31ed8085-5b71-46ea-acb5-c3edb5c1e6b8,1a580a18-a1bf-4530-b922-40439f1d6277,83.74,ATM fee,2024-07-14
2de82ef3-63cd-46a5-b5ac-4e14dbe694bf,c5d96dd1-3d74-4219-a123-f98559f06e30,68.21,overdraft fee,2024-07-14
fc9aa521-9a3a-4953-a584-f977a1c5f417,40fc9f30-baf2-4e2a-8232-705c5b177e66,59.7,maintenance fee,2024-07-14
497751c2-84fd-4872-9390-18029176ab35,8e89880c-42f0-464d-b0a3-1b4ab2de7df6,81.97,overdraft fee,2024-07-14
aeff1b93-0b2c-4be9-ae99-affef2a0af9c,574c1aea-ef6f-4c8a-ab9f-9376c6684cba,96.31,maintenance fee,2024-07-14
fc419cd9-4aed-494a-9b28-c3c8605d588b,8d975984-c27a-41ef-bccc-501431ecbc53,57.18,overdraft fee,2024-07-14
b93bb4a3-0c98-4173-b3a4-783d610e62bb,363bc408-1476-454f-bf6f-57c6b4f5e9c5,95.74,overdraft fee,2024-07-14
abf1d1f2-7fc3-427f-838d-65b8489bee1a,1414c0ea-89dd-4748-bbf1-690058a8dad4,71.56,ATM fee,2024-07-14
907def26-1cd8-4b13-b4e2-d6528c7db0b4,648d0d9f-7bc6-4524-88ef-14c4a0c3a89e,24.19,overdraft fee,2024-07-14
2ee89217-05a4-499d-829f-b4cabf3c89bf,4ba3956c-6f39-4491-be3b-11ac1cff244c,90.59,ATM fee,2024-07-14
1b438a76-4a8f-4a6a-a707-e0039ee720c5,6d72b47a-a44b-4228-94fd-25aff0e8c7f7,66.98,maintenance fee,2024-07-14
bcadbf84-4dc9-4559-bae2-65155e0ab0d6,7a4ba226-8378-4ffe-8a4b-f9c0fb168e8f,72.79,overdraft fee,2024-07-14
dd673405-e347-446a-96e9-4f93ae99636d,d8e6e39b-1d8d-4341-b00b-b98a333f168f,98.59,maintenance fee,2024-07-14
79f0b469-c04f-4876-8fe2-441666a14972,4b35ac48-8da6-41be-88d6-4c4bb20e332c,30.18,maintenance fee,2024-07-14
4ff24e01-8686-45d9-80a5-c44ed84de9d2,4993e380-cefc-4172-ade9-cb4a456d134a,70.95,ATM fee,2024-07-14
22bd120b-7806-4f94-ba94-aa1de2acdf9b,6cc6bbba-1c51-46ef-8e4e-165c9b6ea943,72.93,maintenance fee,2024-07-14
f3a5e23e-ca6b-4f63-8e44-1c5f70e773b2,de735c13-abd7-4903-ba94-584a789f6263,49.59,maintenance fee,2024-07-14
1e2be767-ed1e-4178-b200-a7f024450ba9,3abefc67-c533-4671-9d63-55270f7614db,56.03,maintenance fee,2024-07-14
1a4a4240-dacf-4cfb-a0d6-c4ba79ec059f,f0a340b4-d2a5-44e4-a83e-65b482aa0f94,34.42,maintenance fee,2024-07-14
b80cb767-7ea7-4ada-8217-e3e0febfd08b,0f5892e1-63b7-482d-9600-d00d8195533a,90.51,overdraft fee,2024-07-14
d3681e89-4b5f-47c8-aefc-d40202c02cc5,d60219f4-1a01-448a-9de8-8f0bf985d70d,38.88,ATM fee,2024-07-14
50c96109-a4c2-4818-99b3-c5500e8cad9a,972cbf3a-7375-4d67-ac40-c25c8bfbc42f,27.25,ATM fee,2024-07-14
0a9fa113-266b-4ab6-ad54-76072ccf005b,e3052646-e21a-42e4-bb76-a5e9cdc2ef01,75.42,overdraft fee,2024-07-14
a1a08378-556c-4063-927a-9a01b60c3266,ff388497-c030-49c8-a54d-2199f93bca7b,67.29,overdraft fee,2024-07-14
d1847c99-9f99-44ed-9c6a-441f377a536e,bec4f6e0-33a2-4d77-860d-22bcc405f6d3,59.59,maintenance fee,2024-07-14
7094821b-dc91-4059-aab9-a1daa1764134,b145753e-f103-4c8a-b87c-6f95e1ee14d7,30.23,maintenance fee,2024-07-14
10ada1e1-df74-4a86-ba28-fe5f61b23403,a4b6b202-b192-4040-8497-e35e043e25df,31.84,ATM fee,2024-07-14
e03657c5-54e4-4f0e-9f42-f7982037608b,dd0393fb-8df0-4381-ac40-ec746ad80f9d,38.19,maintenance fee,2024-07-14
2838f4c2-a84a-40d5-8ca1-16cb2c46cb96,ddf878d2-ede0-4f69-82c7-1d186b3c9792,36.34,maintenance fee,2024-07-14
c623f51d-cd0a-4fa1-8605-b60e9789acd5,fed9949d-84c9-45b2-8078-784c2bbc0b4b,17.41,overdraft fee,2024-07-14
6945fa0a-5521-4117-ae65-750a02849721,779ff306-fc6a-47f1-9f57-9a246323d586,97.62,ATM fee,2024-07-14
fa275037-87b7-41fe-afed-8ad46b746a10,839f0162-0043-4b89-a85f-61a6f1b3e3df,48.68,overdraft fee,2024-07-14
edfdca05-1d65-48e3-851e-77cbc22dbac7,fd781ffc-e32b-423a-8691-6d3a15a9cd31,72.92,ATM fee,2024-07-14
db71ba92-7f1c-4c10-a1d2-61638b5611f2,af146440-8df6-470f-b4da-074450a589d0,85.7,maintenance fee,2024-07-14
0726ee24-895e-479f-9f32-1d542acc59bb,dd6aca92-64d9-465a-a018-9694c3f97854,80.49,ATM fee,2024-07-14
caa2f7b8-afed-4c0c-a830-77778881d8b5,55542993-3e14-4fb6-b58e-de9cca739086,48.32,maintenance fee,2024-07-14
53cf9b5e-b133-4ac8-a8d9-e0e0bd5f6ce7,dbf4deec-f775-41c8-9d15-67a18ea936d0,39.22,overdraft fee,2024-07-14
c18d2d68-1e41-4afe-b497-6db3c676647a,6122fdac-9351-4f02-8b1b-296ac8693cca,61.15,ATM fee,2024-07-14
eddd22fd-d969-4541-b442-d00a688ac2a6,7fa24de7-0cdc-4edc-9edb-edb56e62cd1c,57.69,maintenance fee,2024-07-14
f8286c44-6e33-469a-b1ee-7707d41e2279,6a4a151c-75a3-4474-90fe-bf4815449b38,51.42,overdraft fee,2024-07-14
87de8002-0d24-494c-9342-b3bb40f58f80,1f69f969-b192-4b2c-988c-eff64e14ec33,98.11,ATM fee,2024-07-14
225700df-4495-4742-9b08-2ead4d766201,d328412d-12c2-434a-9c7b-b707bc25ae3f,25.09,overdraft fee,2024-07-14
357aba9b-141e-4ee4-a94b-e9dc607eb7bc,535602d9-99e6-4118-b3eb-69f19df88922,68.89,ATM fee,2024-07-14
940624f8-ac31-4700-b430-61519df92db4,239f8bc3-35f0-4c0b-90d9-394a50c3825f,17.96,maintenance fee,2024-07-14
177bd50b-ed48-43db-8bb0-bfd5869740b6,46050103-47ae-4fbe-b920-c7202c137f3c,98.85,overdraft fee,2024-07-14
3b5ffed3-bd7a-44ff-a824-9da2985a3a18,cca58df8-bf04-4704-95ec-fe0960e9787f,48.26,maintenance fee,2024-07-14
308994a8-cab7-42af-9513-596f9232499a,794c822f-2172-40a5-81a0-045f752dd555,91.13,overdraft fee,2024-07-14
948b8b0d-99af-426d-ad5e-bdf56f05faed,f914ef1a-c726-4081-a7e1-90a0153fd01e,44.88,ATM fee,2024-07-14
f9fb52a4-7ab3-4968-842a-ca53201beeda,c5a86455-3780-4fd2-8f7d-39b2caadb228,48.97,maintenance fee,2024-07-14
6c7df93a-7126-41ab-a5ba-ed6a6f0a006d,dbf4deec-f775-41c8-9d15-67a18ea936d0,13.16,ATM fee,2024-07-14
a5eaa5e6-669d-4213-80d0-6580279587aa,1eba5299-8c6d-496d-909b-2382f0c12318,83.74,overdraft fee,2024-07-14
e174ce6b-e13f-41a2-a64f-4d383b6387ea,4b8ae568-1c20-4aa8-8e43-9ada9ce44146,76.29,maintenance fee,2024-07-14
e92c5faa-6e91-4cc5-9064-a125cdd66083,911630ef-9d5f-4cc2-b848-aaf03328ad41,21.82,maintenance fee,2024-07-14
51dc03bf-9bf6-4cb2-8650-0e68f7ddb690,7745d657-0822-4848-8206-4a6ee9e15f73,69.65,maintenance fee,2024-07-14
abb20456-cd04-412c-adcd-605590319545,8d5aa060-86fc-48e4-ac9a-a0785d1bd0bc,30.51,ATM fee,2024-07-14
4a350f7f-500e-463b-a097-9ae6faf761bf,bdd64ad5-49fd-4dc9-b0a9-a552d3717568,64.41,ATM fee,2024-07-14
608ed3f5-4948-48ae-8533-7a288b9d0513,a4b604ca-29d1-470f-98f4-dbfc88fc5b1b,35.41,ATM fee,2024-07-14
4ab24284-f48c-405f-9e5b-c96400870256,2661936b-39e1-47f3-a350-e3c695f48bc0,72.18,overdraft fee,2024-07-14
6d741f38-2508-4ac7-a17e-e46763b7cb84,b23772d0-1bbd-48a7-a818-e5162c0712ea,52.16,ATM fee,2024-07-14
f6e9454e-09de-4716-a2ee-5735d2d31aa7,0a03301f-13d1-47ff-a779-1ab797af0fb5,23.11,maintenance fee,2024-07-14
75f6a1d1-1b9a-4569-a391-4b9356b33d2c,bd7820cf-5225-435c-8102-bc862fb99c68,36.26,maintenance fee,2024-07-14
956e4ca2-1916-41f0-9f0f-5f9a68ebccfd,88a921e2-ab2a-4bf7-9bb9-f742b52e18a3,52.19,overdraft fee,2024-07-14
7057d0e6-292b-415c-8a02-ce615e5d5fc8,da754467-61e2-4153-bd41-398e8618af6e,82.22,maintenance fee,2024-07-14
9a5975e8-5251-431b-89f8-9223de835ca3,09752b2f-2852-4312-83e4-8006aba6604d,90.25,ATM fee,2024-07-14
00059331-17b7-49ef-80f4-391b4ea40556,c4307bdc-d902-4cdb-9d3c-23f817e814d9,15.59,maintenance fee,2024-07-14
bc455e3a-1f70-47b1-8668-20c7ddb5bc03,753f0e5e-1896-4455-b467-41e80e991fed,97.73,ATM fee,2024-07-14
7f61cb33-552e-4d9b-a028-ffca8a60cc34,4f363f93-a4dd-4b03-82a3-a7df299ad871,58.83,overdraft fee,2024-07-14
d84e2df1-b8b9-49a1-9d64-e504b10b13c6,8e2a131a-2c80-485c-a446-883f5d8c8d71,73.53,ATM fee,2024-07-14
dacf51f3-2745-46a7-bafe-204e7d5c9056,510537d2-5ac3-429d-b5fe-f129b8464ccf,95.44,overdraft fee,2024-07-14
23337eec-95be-4a0f-a41f-a8f37be85835,99f149c7-2b27-4441-a3d1-831b91f7cb9b,84.31,ATM fee,2024-07-14
cc9b44d8-9859-429c-97c2-71dca87f9ade,6f7d612d-04e6-496b-ac50-7bd84a33d8b0,33.23,ATM fee,2024-07-14
f292c8f4-2d30-44ba-a02d-d4b407d7795d,e6148865-044c-4db6-afba-83071b5b5add,95.41,ATM fee,2024-07-14
6faf5160-b08d-4e1c-bcea-2a57c37eb741,31b76b0e-eefb-4233-9c51-e01f5c41fea2,18.44,overdraft fee,2024-07-14
27c79e82-712e-4635-82c4-f369501f3d86,184be558-e5de-45b0-87d6-692f8c55d1a9,40.18,overdraft fee,2024-07-14
2420fb6b-7ba2-450e-9a8b-b5ab66f7c11b,d3adc94f-e0b5-463c-8154-a4ae2f28e8fd,93.5,ATM fee,2024-07-14
8f8daa8d-4e7e-4f26-a98e-1a3303df7ecb,a6491f8d-f26a-41bd-923b-6dfdfa7d89d5,19.84,maintenance fee,2024-07-14
785da270-d58c-422f-9d27-4d257f40063c,d6b24b1f-4be4-4e5a-8ca8-c093fab0e0ab,24.94,maintenance fee,2024-07-14
8c78af6a-a526-4b4f-bffa-e8c9bf17e9ae,3eae7425-1e4c-456e-9595-1cec8c9f48f3,36.3,ATM fee,2024-07-14
3ea04d7c-b6ba-4df5-bbd4-29904c1b727c,98eac8db-65a6-453b-a68e-6a5cfd5636cd,16.61,ATM fee,2024-07-14
fa22dc00-e09f-4058-8a40-c948c3fb6fa2,cd36709b-71eb-4d56-b450-a4ee2d3a0f3d,14.98,maintenance fee,2024-07-14
56458de3-c560-4801-a4c9-0956305bad06,5d4a1a68-3749-47f8-9171-f54090bf537e,22.54,maintenance fee,2024-07-14
f466a4ff-9344-4973-90c5-f78083dde780,1b2978af-412b-477a-8a8c-625aeddaaddf,76.41,maintenance fee,2024-07-14
7137bec5-c257-4c23-90d5-581bbab49962,b017d004-68fa-4fdc-8add-ef9e8ea84d90,29.21,maintenance fee,2024-07-14
45414e55-4e36-42d2-9f44-1e87c7e55568,e11def9f-ff06-45a3-89eb-a176f91f2cf1,58.08,ATM fee,2024-07-14
4139841c-bea1-4bbe-9fdc-2190ac139902,3eab08e3-8d82-4838-8243-cc0e6ba6cb17,87.26,overdraft fee,2024-07-14
772faebc-703b-415c-a02f-66e0bb2bd48b,f33e9f1f-76b2-4957-92c2-412b61176511,24.85,ATM fee,2024-07-14
a74111bf-d46f-4033-9049-a679664b7eda,a7331284-d716-4818-8021-e8d2494e3cad,35.2,overdraft fee,2024-07-14
73d0f5db-e3f5-49b6-910f-1f41025d11ed,fefaed21-ef77-4f62-9a97-28304a8791d4,76.4,ATM fee,2024-07-14
bb789762-847b-4eb3-944a-bcb6dd5b830d,79120871-283a-498b-abc6-103d8552c512,9.94,maintenance fee,2024-07-14
373db41c-9ec3-41fe-859f-be96aa5498d5,3bc8a59f-3a11-480c-af48-b686f3d35667,50.51,ATM fee,2024-07-14
fb408d2f-5ee5-4dc7-aea0-e25525ad7160,d96625de-3c6f-4fa2-8439-05e55cfdb9e8,18.51,overdraft fee,2024-07-14
20b19a47-64a7-4c3a-a2db-0197a97ee227,ed1cc4a0-5835-430e-ad67-245d1557066d,65.2,maintenance fee,2024-07-14
5837a32c-5426-41d0-b26c-fe93e031617b,0a1e6a76-1801-48d1-adf8-393475a3ce69,17.05,maintenance fee,2024-07-14
128347ac-be64-4ec4-90ef-adf2a7234751,0ffe481b-39c1-4c08-9c78-5c11c8880f7c,62.85,ATM fee,2024-07-14
ea08e987-13c4-4ee9-b18f-ef18ac8930ac,cade0d42-2565-41d2-834f-796e90139716,65.56,ATM fee,2024-07-14
d46fe075-b1de-459e-b498-965444961886,0ea72519-e3f6-47aa-ab0e-a668497b6035,32.25,maintenance fee,2024-07-14
0b657960-aec3-48aa-b80b-2b57bf76332f,c4aaeb96-7d04-4cb9-b2cb-1193aed60780,17.17,maintenance fee,2024-07-14
89b7d292-a258-4178-82bc-830d1c049e69,a2bb95d6-eb27-4e2d-83d3-5293177b7d4c,33.65,maintenance fee,2024-07-14
7bcb3789-8f28-4e5d-9cf5-8f73d4f79141,2370ab72-c770-46cb-b03c-155856bf3b1c,89.95,ATM fee,2024-07-14
86392412-3508-4538-b727-0e7b467650dd,02f49e68-067b-43b3-9d09-3b6e782b1143,85.33,ATM fee,2024-07-14
47569986-ff8c-4580-affa-d743537ec489,691e7d6c-e27d-48cf-84a1-272b13f6a045,98.3,maintenance fee,2024-07-14
8eff0487-523a-4dde-9ec7-2f7266c91a49,806f0899-5a06-4a18-bb6a-6cff8f54c9e5,72.04,maintenance fee,2024-07-14
ae94f31a-3f6d-4829-96ba-6431ba685ac8,65b3a981-0a8a-4282-8b22-b24f376f3293,5.13,maintenance fee,2024-07-14
2e0ac53c-2990-44ec-a1ad-d7907d379830,500db1eb-5762-4563-a38c-7cd0b5b7ed2c,10.99,maintenance fee,2024-07-14
69c57ee0-9657-4fc8-867c-c19d54782ebe,10ab1dd4-55bc-41d0-9eae-e3a1e1e45c81,40.81,maintenance fee,2024-07-14
253d8ac8-9f0d-4bec-9d38-526aa5606a33,aa1a3623-4d60-4654-b19e-55e2ab056132,65.91,maintenance fee,2024-07-14
51cfb139-e571-42df-b670-dd0d53417faa,86882618-7c91-477d-b7b3-bbbfc9f71c0f,40.46,overdraft fee,2024-07-14
08076c41-cbea-459c-887c-a5d01ea4a9ae,0ba0dbf2-2762-4167-800f-8e79cd570cc1,33.05,overdraft fee,2024-07-14
52a4a90f-bff2-4c5d-853a-149c01a2b268,408b0aae-ee67-45fd-ac33-d46187b5a6b9,66.17,ATM fee,2024-07-14
1382378d-5725-4574-b850-f05a39c1f8ce,73293e77-5168-4d9d-a752-4047883190ea,46.48,maintenance fee,2024-07-14
0c27ce17-d326-4f3d-846b-f206f08aeb6c,9e8ea4b4-1147-4336-8dad-5d20a3e19a40,38.35,overdraft fee,2024-07-14
5cc03c99-5c4c-4c67-b01c-e97ea7d1c108,7d1c9413-5906-43fa-a7a3-e42059967d6c,65.35,overdraft fee,2024-07-14
bd43e9f3-f5af-439d-805a-79eb2800bc3c,7098b6c3-05db-49ea-84df-75a3ede0a836,66.3,maintenance fee,2024-07-14
35a1ffab-baf2-4244-94b3-90eff2ef12d4,e755c847-d76c-4ff8-bb78-d836eabb85a9,57.88,ATM fee,2024-07-14
f2ee16ba-ccb8-45d3-8fc6-2dd0e26ed696,6b414ffd-93b1-464f-bf49-c13febb2ef92,10.95,maintenance fee,2024-07-14
7d62929d-046f-4cf8-9e9a-8e757e30ac2d,7918d10a-77c0-431f-b0ee-f500801db574,69.02,overdraft fee,2024-07-14
db8f9c98-9401-4633-80ff-c2f9e8357d75,284e628b-605c-41c6-81f2-c2106b81d8dc,75.55,overdraft fee,2024-07-14
7bb9070d-a77a-4e55-ba84-7ee5b6588c39,70587b13-d2b3-4aba-bc16-f9f61d6919a4,78.53,maintenance fee,2024-07-14
34096528-4b03-490c-8887-9d4423653e07,273d2096-ce7a-4de5-9bc2-72b118ea8589,88.51,maintenance fee,2024-07-14
cde15641-b703-4074-9aca-869aa3047065,908ca0e9-fab8-461e-b53f-703bafb3a8ad,49.77,overdraft fee,2024-07-14
4f0a1d02-3e25-42e3-8dcc-b579461bf686,4626cf68-8903-413e-b188-5073e75966ed,59.69,maintenance fee,2024-07-14
dd37c772-cfcd-45c0-bb46-375195f5c0da,e81de8c8-2771-4871-be8d-da885f0275cc,91.62,ATM fee,2024-07-14
41d1a1fa-d0f0-4687-824c-19a1786c77fb,24b27539-c0b9-4bea-aef0-c15f435daa83,8.21,maintenance fee,2024-07-14
8a0508e5-3b9d-4d6b-922b-cae882123bd4,39085222-b8b6-4cc0-8365-c944c1343c9f,80.36,overdraft fee,2024-07-14
95f4a629-e534-4582-9d05-55267a28ae7f,2fe68280-b038-4ffb-b06d-8f579fde0608,84.82,overdraft fee,2024-07-14
5e040d01-b2f0-43ce-b2ab-d83c8663ae04,ba2bcbcc-142f-4793-8d97-6a15c8883251,65.65,maintenance fee,2024-07-14
92b0b1bc-bf3d-4fe0-9278-6eece2beeb22,786020ef-66ef-45a3-a069-1609077cee08,21.32,maintenance fee,2024-07-14
0957dc3d-b254-4187-a4de-24ac0e65e6e7,0fa68fcd-b69e-46fb-8504-20f9a1268064,40.55,overdraft fee,2024-07-14
1dd1e11c-dea4-4c2a-90de-1a456014b93a,ce8b1192-c7e1-4323-a0a7-ed26fbbcc757,22.72,maintenance fee,2024-07-14
32506cab-e10b-4dff-897d-3cfb223f7c5d,d8b75b22-3b7d-475e-a816-4e064b413056,73.94,ATM fee,2024-07-14
b2ad1c1d-58a6-4424-b05d-f7ea8f6584fb,ffb7dc94-24f7-4398-8b6e-af7ae04ad871,27.28,maintenance fee,2024-07-14
0b8e5a37-073a-4526-b4fe-a9f0c4693dbe,ff388497-c030-49c8-a54d-2199f93bca7b,37.48,ATM fee,2024-07-14
383a6499-fe1f-42e4-8a0a-64394fb702a7,2ed8cacf-b539-45df-8cb6-e60cf77acfec,65.04,maintenance fee,2024-07-14
7c188daf-f1e3-4e1c-a83e-481e27db2083,b78f8ddf-3895-4170-ad76-a01fe135344a,76.26,ATM fee,2024-07-14
c4469e6a-39a3-413c-a989-fbde1d4f818f,a7af5f5c-cffd-4d2a-a881-0569ed8dc409,76.72,maintenance fee,2024-07-14
06e9c5fb-fd43-4570-86d8-b1d88b332039,380a5a95-00af-43eb-8527-4bd00d032772,99.75,maintenance fee,2024-07-14
56845aba-97de-4df8-8e63-901ba8445d50,d6b24b1f-4be4-4e5a-8ca8-c093fab0e0ab,19.88,maintenance fee,2024-07-14
442734ba-37ea-4fc1-a3d3-d4a5b296ab15,d0e78532-0ed7-4fba-b899-4c9a43709d3c,30.75,overdraft fee,2024-07-14
8d079820-d9c1-45dc-93b3-d46b52d5e944,5d783003-7aa2-4bc1-9581-526ca8b70b44,63.4,maintenance fee,2024-07-14
c8cf8aaf-5d12-46f4-943e-272dd291561a,d32aa457-f2f2-41a2-ba21-dcc853ca7f50,56.19,maintenance fee,2024-07-14
653ca806-e6f8-4f97-8bd2-7a0d430e7cfe,cd40004e-034c-486b-9ca3-67f87fc451ba,96.03,ATM fee,2024-07-14
a6f5a741-eb96-4a1e-90fb-f581829cbfde,49053dcc-51ee-4333-9375-e06569d7127f,45.24,overdraft fee,2024-07-14
09110472-c4c6-4cac-938f-5bf3f4a3f727,7b7a8840-21d9-4618-96f9-e3d65fdab15b,89.43,ATM fee,2024-07-14
fc9a052a-c078-4b3e-ad5c-a13a0e502e0e,a87d6ca3-2291-401d-89bb-a7ed41acc571,48.43,maintenance fee,2024-07-14
4ccc481e-4f32-4e75-b7e8-123b0629d26e,cf125372-6812-473f-817e-379aee7df40c,91.27,ATM fee,2024-07-14
dc5079a2-04e6-4bdc-8a56-4249abab88d2,817d616b-7dd3-4451-9c72-a89c2e33df60,57.61,overdraft fee,2024-07-14
3104ff01-1607-47cc-a1b0-fbb5cc5e9e82,23362947-a914-4b09-9759-13685455b8b3,94.09,overdraft fee,2024-07-14
c6d26c4a-e12d-479a-a3b9-fa1c9a4fe3b3,d4bad457-4baf-4371-9bc7-0eb9505b17cb,45.92,ATM fee,2024-07-14
d5785db6-2398-4d9b-ada8-6c9ae38dc923,4603d718-112d-4e11-a7cc-b241bc8a6598,72.06,maintenance fee,2024-07-14
cad96d24-7641-4a72-a573-17b8be4ec1ff,0dca8c7a-94ca-4614-a6ae-a49fec477969,21.65,ATM fee,2024-07-14
ba0b5bc3-b555-4733-951c-4b309211ebac,cf769f35-605a-42d3-b0c0-54d5f3d26996,97.22,overdraft fee,2024-07-14
41100ae1-b31f-40d3-a7d4-6e8eefc4f5e3,d211d4bc-e59a-42a9-804b-5831fd3622ec,69.7,overdraft fee,2024-07-14
d984ffa1-606a-45bf-bfcf-aea5d7751210,c27eeb05-a9bd-478d-abb4-836dadbcc90e,27.34,maintenance fee,2024-07-14
f02aab93-827d-4508-9c1e-1c95b0f6deec,c768f9a8-3cbf-4fd7-ac18-49f343b11a66,54.72,ATM fee,2024-07-14
80f32643-f372-40a0-8560-bab174b28030,0ba0dbf2-2762-4167-800f-8e79cd570cc1,50.39,ATM fee,2024-07-14
7620bf44-fee1-4589-84e1-3e4c0bcc0d6b,9a8955f0-e424-446b-ab59-a05240856b4b,31.4,ATM fee,2024-07-14
8e63ed63-a5a7-4bf3-a2cc-f5c6e00f75b1,287d15cf-be89-497d-a9fa-be584397804a,10.64,overdraft fee,2024-07-14
65e3e164-0937-4c90-8ba4-c6f3cf4a2c4d,8b858f48-51bd-4f34-93e5-9603ec5ea8b5,19.3,ATM fee,2024-07-14
241f90ab-c62d-4496-ae29-63dfd9716445,2af3352a-955d-4955-a3bc-b7e1bedcc04f,98.99,ATM fee,2024-07-14
d3dd23b6-8253-42d2-ad6e-e07496c5dd90,159ded7d-f942-42ae-b36c-1967061d6f00,62.33,overdraft fee,2024-07-14
aac59d7b-1951-47b1-82dc-073b07d9093f,ccf48659-dc3f-4681-be8a-d10d70633aaf,82.42,maintenance fee,2024-07-14
8618e3b0-bec4-45c1-9c4b-ca691a5fce45,ac51533c-1697-40ed-a0a2-11d9f83b3bb3,75.67,ATM fee,2024-07-14
9e9295a5-f857-4633-9781-a1adec043b7a,38dc3c64-0752-4d67-9f6a-c2c30a81d2a9,8.88,ATM fee,2024-07-14
6063623c-cac0-4c03-8da7-3eeb68a075b0,79346a66-29a9-4c8e-a0ad-497356972a91,18.97,overdraft fee,2024-07-14
e8549b11-df4f-40dc-8d31-d3646f625098,419795b6-7616-40f7-a04d-1c7bab0c140d,54.29,ATM fee,2024-07-14
7927bf81-b056-4ac1-9142-4fd8dad7bb42,f4b706d8-2afe-4973-98b1-d2bbe1ddf4b8,58.51,maintenance fee,2024-07-14
577948fc-3d24-4398-8f79-851f42d2adbf,8918adc0-1ddf-4740-957e-cf06b6e5c1f2,77.98,ATM fee,2024-07-14
c95d8625-e8b6-4b64-97f5-770e5ab47567,3b69ea8d-4498-46a9-bf2d-3390f8a32f84,74.44,maintenance fee,2024-07-14
127d0c50-9183-414e-a920-8b8d44649ff7,cbfb232c-2798-4ea2-ae75-43ccd99f7d76,41.09,overdraft fee,2024-07-14
694121c0-79e4-46f8-818b-05fc86d7d094,4ce54568-dde9-43f7-b04b-abf6ea7b00c5,40.62,ATM fee,2024-07-14
6315d85c-a44d-4478-9806-cb0a4481b932,5dae4889-c8fb-4778-af97-943fd327aee1,21.93,overdraft fee,2024-07-14
7feb50b5-0452-4385-9cfe-9f5ceca93d55,af05b9ca-73c1-4722-b94b-a21e196aa77d,53.89,overdraft fee,2024-07-14
0039e166-f42e-4499-805e-6d78dc58c592,98eac8db-65a6-453b-a68e-6a5cfd5636cd,8.73,overdraft fee,2024-07-14
803c90bd-cbe8-45ab-b5b9-8db7d1ddecaa,58059f44-8052-4d30-8708-e15c59a00cf7,77.41,ATM fee,2024-07-14
32502085-6fbb-47c3-84b2-8be6368c587f,af146440-8df6-470f-b4da-074450a589d0,30.9,overdraft fee,2024-07-14
f6f1a137-a9da-41ed-8215-90c58c0dd984,dcda9062-88f9-4272-8c4a-9e9bc0e9c286,40.39,maintenance fee,2024-07-14
1ef55609-07b5-4a40-a755-1bef525797e4,a3c87ceb-c667-494c-ae2e-a2f4f3158afb,66.19,overdraft fee,2024-07-14
57a58942-24d8-46d3-80cd-dc7583580718,65e2da36-1cde-4e91-a1d3-326c53601dab,20.45,ATM fee,2024-07-14
b4807503-99db-4387-a6fa-7be4ffb8339a,6731daa6-5a78-4acf-a447-7cec2172f619,14.52,overdraft fee,2024-07-14
1122ebf7-76cf-4b31-9f37-5d2a0bb0df7b,4b691023-4c35-43f6-bd4f-30f3b4a7ea19,65.6,ATM fee,2024-07-14
9019f97d-9dd3-43f8-8401-3e3b56100beb,79eaa6e6-2273-41e7-9329-a7342e17ef90,71.82,overdraft fee,2024-07-14
b013d4bf-a189-4954-9922-85eb1444b127,4e969bee-f3e5-423a-9ea4-fc1954cef649,46.41,overdraft fee,2024-07-14
d385ebcf-a72e-43c5-b13c-9852f71340f7,45f066ed-6624-4383-86cd-6fb890c369fd,74.38,maintenance fee,2024-07-14
b176ee48-1256-4e2e-a166-634361ef8402,ecc4d039-1a92-4a68-9022-f0146b7b5060,76.89,maintenance fee,2024-07-14
ee4aa3b5-c048-43eb-a60e-866bbf42a872,68b70dd1-c22f-42d5-b7fb-a51ffaee3bf6,45.92,ATM fee,2024-07-14
e3b239be-2aad-476f-ba42-82590c58a935,e235b724-e27e-46bb-ae7c-cc5fb1d3d221,57.81,ATM fee,2024-07-14
3649f061-cbec-4e1e-a0cb-83ddc699c9c1,bfcb58f8-e1ad-4a2a-bbdc-608710230605,77.35,overdraft fee,2024-07-14
39626bbd-75ed-4962-9100-9384b89e41e8,41ffffa4-4b52-40b9-a7dd-67fe1cf5bbbd,26.91,maintenance fee,2024-07-14
92210649-14fb-4ed6-a460-e4f543ab446e,6d2a501e-1033-4481-b000-d115542d8b1a,99.58,ATM fee,2024-07-14
74d6d690-65e5-42ee-866b-72eee2ae3d2c,2af3352a-955d-4955-a3bc-b7e1bedcc04f,98.24,ATM fee,2024-07-14
f33fc3c8-24e0-4046-8a62-18e06a9b5205,16f2c27f-d798-47ae-9b13-d07f81e5b6c4,41.24,ATM fee,2024-07-14
7eac7a0c-5d36-48ca-81df-bd8502c4036b,958bec61-a37f-4031-8e29-e37061bbdb93,69.42,ATM fee,2024-07-14
01e5d705-0fc7-4119-93e4-de131e496ce0,1b232405-260a-48a6-a00d-ad41529e25db,10.91,maintenance fee,2024-07-14
91173c9f-256f-46f7-8ae6-9f66ee374a08,228908b0-081c-4b45-ba28-822eb3f80a5f,47.24,maintenance fee,2024-07-14
6821d98b-2e11-4409-8582-93456b1c3b45,2afc24ad-96e6-45ea-9e20-c7c1d97c68d7,10.68,overdraft fee,2024-07-14
f3b464b6-c65c-4d37-a22f-15563bc4db72,949d0e6b-abc4-404a-b368-57b737fb8716,85.05,ATM fee,2024-07-14
9d47d208-df23-49fd-a88a-21132fb0d7f4,892430dc-d13e-4f1f-8d00-902cc8f43330,9.07,ATM fee,2024-07-14
d4867350-2b0d-4d04-ad7c-44f7a09b4fad,e9faafe5-98c6-4d8b-bd66-14c96861160e,50.91,maintenance fee,2024-07-14
4e158579-557f-4f1e-9fa5-a7009e604820,e0bd9e9d-2ff4-4c5c-8d93-0adfda87a411,32.67,overdraft fee,2024-07-14
ad2229a4-f841-4a58-87a9-072e3bf63ff6,bd7820cf-5225-435c-8102-bc862fb99c68,53.44,overdraft fee,2024-07-14
e33ff2e4-6016-4b98-ac45-fb73558e838d,432f9198-3fd0-4b82-a0e4-5542f93a5542,39.93,maintenance fee,2024-07-14
91e492f9-266d-4600-9330-9a41ad36c2d7,6e53bd0e-2d2c-4854-8add-d70fe8ac9efc,67.59,maintenance fee,2024-07-14
8816bcc6-1df8-4b4e-9f03-c68db4282085,cca602f5-ad93-4fda-9cf5-13d4ff697dfa,64.47,maintenance fee,2024-07-14
4bf97cea-3599-4e29-8433-122cc5ba42f6,31b76b0e-eefb-4233-9c51-e01f5c41fea2,58.92,ATM fee,2024-07-14
c2fb99bf-d4bb-4dac-9e80-76804c13f6db,d3c65621-edb2-417e-8ac2-25999795cc97,13.09,overdraft fee,2024-07-14
d367cb2a-8a31-4c2b-9aba-d206fa7ce0cd,aa19d6bc-7f75-4f5b-9798-6d346c8660b3,50.71,overdraft fee,2024-07-14
f4490fa1-b8ff-4226-a549-73058f88c728,4b8ae568-1c20-4aa8-8e43-9ada9ce44146,24.06,maintenance fee,2024-07-14
2d9aa4c5-7c8b-4e6d-b916-8180209c73cd,62515075-a6cf-4b9f-b6ba-acf9878e42ec,28.71,overdraft fee,2024-07-14
cdf45db9-3654-4e4d-905e-645b0cd763f6,4c1eb63a-8ded-4323-978d-23d2945c4915,98.36,overdraft fee,2024-07-14
72e99161-9e34-48c1-8ca7-e66fe07be3ef,5b9990d4-c523-478d-82b0-074484955c47,34.11,maintenance fee,2024-07-14
70f24619-a0a9-4e2e-a3fc-646c9fedcbd5,08a337f1-4040-4279-9110-eb0514d9b837,52.8,maintenance fee,2024-07-14
67cf3c9c-6a32-4857-bc5b-c73dc3597f61,dddc31c0-329e-4954-87d3-2e8a9dcd031a,68.41,maintenance fee,2024-07-14
32ba12f7-a351-4396-a675-e1698a44137b,e82249ca-df7e-4e7a-ac92-93bfeb255c7b,85.86,ATM fee,2024-07-14
c890b61a-e036-4139-9e45-b1141046eaf6,bf798bec-db0b-48c8-9b78-191f3993d8ca,27.6,maintenance fee,2024-07-14
1f29f8ba-5586-4293-8281-a3f73c4a44ef,29308767-b2ae-4afe-93cf-98d2bfabb5a0,56.25,maintenance fee,2024-07-14
6153eff4-53e7-45c6-bcf1-6863b278136d,1a580a18-a1bf-4530-b922-40439f1d6277,23.62,ATM fee,2024-07-14
da516fc6-066e-4760-b1db-c37c5e68047e,36af2d5e-cd1e-48c5-b17b-b90bdaab7b27,77.51,ATM fee,2024-07-14
46116a12-4da2-4576-9dbf-7ed867a6d92f,c0704810-7c37-43ae-bdaa-0a4a7f73538d,20.98,ATM fee,2024-07-14
5a331872-0d63-4e2a-a48a-539085e7cc5b,79120871-283a-498b-abc6-103d8552c512,88.59,maintenance fee,2024-07-14
d4cc035f-2329-47d3-9b44-b9d6113e628c,68486b62-3e95-44cb-aec4-6bb795a9edff,20.44,maintenance fee,2024-07-14
e1083cc4-f9bc-48bc-a3f5-8ae38c8a4fdc,d0e78532-0ed7-4fba-b899-4c9a43709d3c,81.42,maintenance fee,2024-07-14
a8bd63a6-8d5f-403a-8884-7ed649354875,3aee97e5-a416-45a0-b18f-536f51b3d08e,94.88,overdraft fee,2024-07-14
50fa456c-1683-445b-814a-a74d6cfe0a25,0e3e3ffa-7a3a-4115-94a1-e6552f8861bd,77.97,maintenance fee,2024-07-14
6d570f38-684e-459d-8a9b-5cb8b2102510,ac5c1ced-0aff-4f5f-8820-836532c9c3be,5.26,overdraft fee,2024-07-14
0fad15c9-ca7e-480c-8103-17d984da0415,ddffa7a0-fb7c-4ddb-96b1-0f6eb18350ab,27.34,overdraft fee,2024-07-14
47aac994-b38b-4991-8f77-b01dba8e08ee,7bccf880-a92a-42f7-8dc0-c8f28da02895,15.48,overdraft fee,2024-07-14
70a98d05-5d98-4ce0-8358-13eaff009a34,feb6a55f-fe1a-4336-9e15-1bf06def69a5,47.34,maintenance fee,2024-07-14
a9b9c596-c948-408c-aa9d-4cbf6c1b428a,d0e78532-0ed7-4fba-b899-4c9a43709d3c,32.21,ATM fee,2024-07-14
7ef327e1-f87f-40fb-a1be-33ffcd3e548d,6ffad229-7f7f-412d-ae57-b83efa8f3b1c,72.43,overdraft fee,2024-07-14
9b41b42e-c794-4902-b300-007ee8d88d46,627081c9-46c2-429f-8d9a-b92b6c7d89fc,9.16,ATM fee,2024-07-14
1d8889db-2c91-42d0-b8af-d85db78ec6b0,4c7191c0-6a4d-4470-abdd-d4a37b7d7e4a,29.08,overdraft fee,2024-07-14
d6bd9f47-9c06-48ef-9013-81a1796fd189,a55f508e-1e6d-4222-9411-b9c95aa40636,44.17,overdraft fee,2024-07-14
f3a18bfd-5b6e-4b25-879e-ce22d52394d4,fb3f20fd-b8d2-4905-ac20-c22e4d0a28fc,83.36,ATM fee,2024-07-14
e5156e1e-a7d1-4c70-817c-0361783d48c9,680459b6-278f-46b7-84b8-15cc71a3104d,25.24,ATM fee,2024-07-14
463f9fc4-67fb-4c35-994e-6d692fb3a863,a07d74fa-f967-4934-9613-69dbce980ff7,35.35,overdraft fee,2024-07-14
e611d97d-5fee-48e0-8fbf-1b15a155c913,e6148865-044c-4db6-afba-83071b5b5add,72.6,overdraft fee,2024-07-14
eb273645-e560-4a66-808a-fc123354aba1,fd574fef-12e7-486a-bd0a-3d9aa5799399,98.02,ATM fee,2024-07-14
cd84008a-8026-43f1-aaae-eb985ea5c96c,1c98a16a-1e2e-42e3-b7ca-6317a0243750,92.43,overdraft fee,2024-07-14
edd7af21-4a75-4682-a3ff-1481491baab3,7930bf38-4577-45a4-b856-368c633f4102,27.23,overdraft fee,2024-07-14
2023e39c-98b0-42cc-9756-075efdaa3519,b9c39007-04d9-4926-acee-438c731e1e09,86.41,overdraft fee,2024-07-14
8794e18b-941a-4888-a943-5eee4c6dae1e,2133cfce-ac70-4169-8bae-e4acb901687c,85.43,maintenance fee,2024-07-14
b399b753-500e-440e-ab88-cc7000eb043b,5a7f152b-cc99-4497-a183-9649166575e9,75.06,ATM fee,2024-07-14
1f5932c2-60c2-44c1-8572-39085d80afc3,dba5dd9e-c28d-44da-976c-7fe3f95d0476,11.0,ATM fee,2024-07-14
c68b8886-4208-4376-ae9b-3c909d6dea62,7a4ba226-8378-4ffe-8a4b-f9c0fb168e8f,59.29,ATM fee,2024-07-14
aa17211c-1c70-4802-8c83-9c6db21646ee,31286f81-e099-46fc-9794-63e15df8926d,85.34,overdraft fee,2024-07-14
b58b5bb0-4968-42ce-99a4-6b9b1829d199,68069f55-7564-4d76-b292-22828c3700bd,42.32,maintenance fee,2024-07-14
58b7127e-c931-4213-a580-f136bf905969,e235b724-e27e-46bb-ae7c-cc5fb1d3d221,58.88,overdraft fee,2024-07-14
77433e21-bab8-4a3a-852a-eb9697ad4192,abd67bfa-99f2-4623-b5bf-9220099ffac0,21.13,overdraft fee,2024-07-14
0cd76b62-0f00-487a-9719-2417b72226fb,45f4da28-d97d-4cb4-8281-3a1ddfe0e516,41.36,overdraft fee,2024-07-14
8e713b3e-e217-4278-b8d2-b8dda7dde4b2,5430e4d0-ec89-4b68-a69d-8936549c4463,63.26,overdraft fee,2024-07-14
61e4037f-1900-41b9-8244-7efc9fb9c2b6,0dca8c7a-94ca-4614-a6ae-a49fec477969,27.75,overdraft fee,2024-07-14
f1353191-2f81-49e8-8e09-2c57db42a8e5,2c956aab-3422-4391-8cb3-967bda75227f,94.73,ATM fee,2024-07-14
55c5fb95-df28-4187-89f8-ef3be6e6285f,6789092f-5af4-4a51-a30a-9e2bc143801c,94.34,maintenance fee,2024-07-14
555f7b82-cdc6-4ad1-86b7-3be3b76411bd,f4771931-0617-4ed0-aa31-d544d5fea8c4,81.82,overdraft fee,2024-07-14
5d2bda16-894b-44a9-8e87-d9e96912dfb5,713a3c0a-fbfc-4329-800f-86980b3b6972,30.71,overdraft fee,2024-07-14
38b23872-4d2d-4986-ae35-6bd02e112d4e,81764077-76f1-473d-be7b-ba1c23c3bff5,16.84,ATM fee,2024-07-14
8dee0e2d-5ef3-4da2-82ed-6a5b921f1657,1b2978af-412b-477a-8a8c-625aeddaaddf,58.92,overdraft fee,2024-07-14
a240c3e3-9f5d-4e37-abfd-dfa441b5ee23,52c11bc9-6761-494f-8b9a-e67d8126e648,30.46,ATM fee,2024-07-14
956a9319-38ac-4452-9a8a-034f2b4f9579,dee0f328-e8d8-4331-a0f4-03d1754d4f03,14.02,maintenance fee,2024-07-14
834e7ba1-382b-42ac-9386-d39d5bf3a0b1,a60bede5-5a9e-43d7-b15e-3dd1ea40389f,39.59,ATM fee,2024-07-14
92cac9ca-cf15-492a-ac3b-8a7106946009,612ce8d2-04bc-4c03-8a56-d38865cb5175,69.74,overdraft fee,2024-07-14
a567211f-5311-49a7-8fed-8312333d3c5c,c40e62cf-395e-47e5-a388-7d6196b36959,37.71,maintenance fee,2024-07-14
adaf4a85-2a31-4978-b9ea-de6e07188735,f9aee48e-02d0-472e-a5f4-015f7c287c95,94.7,overdraft fee,2024-07-14
71c04f30-535c-4749-90fc-04a6cabc4871,79a4a640-f1e3-45bd-b527-5bd3dd581b75,85.11,ATM fee,2024-07-14
9f8388f8-4793-4bae-89ae-c5162c074afb,2413e092-1164-45ea-83b3-90c6ad78fbbf,44.79,overdraft fee,2024-07-14
1265a24f-b8c8-4d51-8e24-886f38c9371e,e7e94473-288e-4870-8210-089f4eb39b66,10.1,ATM fee,2024-07-14
74dd3608-819d-4433-9cb7-dc5ad5d018cb,c9cd0033-11d3-4ad1-9e8c-cb7025a781b0,89.89,maintenance fee,2024-07-14
f334df97-e6eb-4f56-b782-5e9e6129e2b5,194475f2-37e7-4677-9bc2-d1ac5726b331,17.65,ATM fee,2024-07-14
37b44193-6e1c-41f5-bbef-3d488d0f3d21,106b319b-5764-4f9d-8f16-2a98d61cf918,20.16,maintenance fee,2024-07-14
7fdc3735-e029-474f-81b8-91ea528f018b,9170013e-7871-461a-ad2d-fcab3ee244f8,28.19,overdraft fee,2024-07-14
739eba82-fb47-4fd5-a34d-2a4cb4b5f481,a7f7bcdf-94f7-40c2-8a27-a8e863fab945,45.09,ATM fee,2024-07-14
b56b0e73-ee48-4f39-959d-f54e2f6d7815,bdece298-715e-42d9-9edf-853d1d6f9167,98.43,overdraft fee,2024-07-14
60bb0a7a-406a-4bf6-86db-276a97df576f,fef4fce1-a251-4f4b-b9b4-1b316395ac8d,94.31,overdraft fee,2024-07-14
fe185868-0518-4d3e-a716-02de66103b78,0c8110da-569d-4729-9474-2ea9ed0aac59,59.35,overdraft fee,2024-07-14
e74ed636-18b9-4eae-a09b-5024fd6be52f,10c1b0bf-4dab-4b48-aff9-83234e4ab077,77.35,maintenance fee,2024-07-14
1cff6792-622d-484e-b434-b6b40cbc43a4,2536d342-0cec-4c0c-b7c5-1b7d544b06e2,75.09,maintenance fee,2024-07-14
7eea60e6-9cfb-4bde-86bc-3df930849a61,23362947-a914-4b09-9759-13685455b8b3,39.22,maintenance fee,2024-07-14
f6f23699-83f6-4af9-9b40-0dd8d48ec384,2e063b80-3341-4dbc-a44b-e59dd967aa81,9.04,ATM fee,2024-07-14
2ae06202-7b35-49a2-b544-6789b7c01cab,4b177960-775b-404f-88ce-c40fa90e1923,34.51,maintenance fee,2024-07-14
10bfc641-caa3-4798-b01d-fd07a5aa27d8,612ce8d2-04bc-4c03-8a56-d38865cb5175,62.33,maintenance fee,2024-07-14
b6d21799-6706-490f-ba9c-4b89320b6402,71bc21ca-bef8-4aec-9d6b-cf7ebbd2e109,33.07,maintenance fee,2024-07-14
0b28a29c-468c-4b5b-b94f-8315888ec2b6,65561839-798e-4804-9ee2-6408e50795bd,93.75,maintenance fee,2024-07-14
16dda871-a11d-470f-88a6-f6c604bd4e86,fbcdd620-0db3-429c-9014-613f1beb486c,74.28,overdraft fee,2024-07-14
fdede276-ab5a-4352-a1cf-7b264253049c,65561839-798e-4804-9ee2-6408e50795bd,32.01,maintenance fee,2024-07-14
e35f0795-e8d5-4c1b-8c61-480127de2afc,d7d4a0b5-1caa-45ba-9e21-efc1c5e0912b,30.55,overdraft fee,2024-07-14
0db67774-5b0b-40e7-9421-ac87337bcf13,05ad0808-2c72-490e-be11-dfeb421d9a4d,65.94,maintenance fee,2024-07-14
4aa2dc01-6ef1-40b5-a3e3-5a8c3f25b41f,a7af5f5c-cffd-4d2a-a881-0569ed8dc409,14.32,overdraft fee,2024-07-14
e2076175-9167-48b1-bae2-bdd8a1bff78b,22afc689-46bc-4bb8-b044-c0a6d1fb0981,40.96,overdraft fee,2024-07-14
c9a1a7e2-3bad-4577-a497-862960d179ad,716db4d1-5706-4471-87f1-58ee5a16eadd,26.04,ATM fee,2024-07-14
d1864f59-ee20-427d-8ec4-8e5b1baa4f1b,b6a904d7-12e3-4ab2-80eb-38a75ad3e372,38.13,maintenance fee,2024-07-14
a0830ec3-7bbf-4232-a6ed-10c47d566e27,65e48f62-8060-41af-8184-5264845c7a9b,49.15,overdraft fee,2024-07-14
c18a3c7e-05c8-415c-b33c-7323ecb9e6cb,9e1b2a30-b55f-4737-b852-f3d3688c3ce4,76.22,maintenance fee,2024-07-14
0f0ac13d-c413-4d78-993b-0808cca4fed7,7d60c810-93e9-43e1-bccd-6af455d0db1d,39.09,ATM fee,2024-07-14
94048b16-3042-46dc-85a0-7baeb3024d6e,8824fece-737a-4c10-b988-8342fab0f2b9,19.45,maintenance fee,2024-07-14
3f3ba2cc-8892-4131-baec-359a955a6e8a,11895260-dfbb-45cb-91b3-360da713a7b1,10.85,ATM fee,2024-07-14
b8113d5c-3467-4d79-a9aa-a8c0f15b9e3d,f8b16425-1b2a-4ba7-90e7-7126326fb004,26.54,ATM fee,2024-07-14
cb7d08e2-053a-44fa-a9c7-697cf0ad997a,bcb1407b-b037-4b2d-9f1a-f51c350794c8,42.88,overdraft fee,2024-07-14
e7517ecd-163b-4611-af88-b4dbdd32c31f,cc9c1f47-1003-4dc6-8192-7b35773e2d3b,22.91,maintenance fee,2024-07-14
472b872d-8282-4cd9-94a9-940a9cd40351,c34a10d6-5f0e-4793-adee-ea5506985b87,86.45,maintenance fee,2024-07-14
a1fdda83-41f3-40d7-9ca2-5952b5caab7c,e5039aaa-09a0-4969-bb5f-069ed4f1e8bd,73.38,overdraft fee,2024-07-14
a02ef3d5-c3a0-4fea-9e07-662f28398bc2,186a5be1-dc69-4321-b765-b3b2a0cf0da3,45.06,overdraft fee,2024-07-14
c754d820-bc98-4657-a38b-b15fc1f79a79,6e8d01c0-14b9-4c5e-bbde-12afd4124202,37.09,ATM fee,2024-07-14
565313d5-9c03-4b2f-9539-6f2dfe7428d4,d0be3d6e-5556-4158-9a9e-876d50fef3f2,24.29,maintenance fee,2024-07-14
799e13a1-e1da-439f-ab57-bedb2956e698,3d8c08bf-6d1e-46a8-91f0-60f779eca252,5.42,ATM fee,2024-07-14
03bd3725-50a0-42c2-9323-c4127572c3d3,d2881b4f-d448-455c-8d3c-e182bb92f9ba,23.8,overdraft fee,2024-07-14
c40cc5c8-74d6-452f-9293-9945d28ecc92,fcae39d6-02f5-447c-8e80-7d3a4602ea4c,88.85,maintenance fee,2024-07-14
7c28f0ae-97ea-436c-b5c6-251b5d58684a,af55908a-3226-475f-9e7c-944806d43384,18.58,overdraft fee,2024-07-14
45c90dab-933f-4e07-a90b-98298129685e,1b232405-260a-48a6-a00d-ad41529e25db,14.81,overdraft fee,2024-07-14
6889b400-97ce-421f-98d0-9bf1ba1d7488,3589103d-a49b-46bb-b254-ad284aa760ee,91.56,overdraft fee,2024-07-14
94bda353-6e0e-4b93-8c84-6450a5df7e43,41963756-7295-4f08-844f-cf31252da9a0,73.4,maintenance fee,2024-07-14
9009a09b-a864-489d-b93c-1aa687a76297,66871fe3-8f28-4d26-85dc-3914cbc29741,23.87,maintenance fee,2024-07-14
91d9b84b-6b88-4754-b403-ed567581d590,d328412d-12c2-434a-9c7b-b707bc25ae3f,13.78,ATM fee,2024-07-14
7995a2a2-6b00-460e-a18f-f50f7aba8ac3,02439a00-4f6c-4afb-9f8e-22ab7fd34ab4,24.96,overdraft fee,2024-07-14
f18c4f62-0dcd-41f3-ae9b-d88c29963aff,4ba3956c-6f39-4491-be3b-11ac1cff244c,75.86,ATM fee,2024-07-14
f859842c-b98f-4024-8486-d7c3a5341f92,4722edad-b88d-45b1-ac30-3c5098566e06,17.77,ATM fee,2024-07-14
6577bea9-b1cc-4c21-bd3b-10e7d9100cd0,f70c8423-416e-4a1a-b516-e6aa408f4f56,96.34,ATM fee,2024-07-14
e891d6b0-b92b-4d9c-95d7-cf3b26ee5750,372f2241-2e5a-4e00-ab1b-d79f06bdbd99,34.24,overdraft fee,2024-07-14
bd86c9be-759a-4097-aca8-d2c9c6a1ffe3,85e01c5a-0042-4531-97f1-9654a694306c,11.0,overdraft fee,2024-07-14
0d1bdada-72ef-4067-82a6-6a5709361e41,90620850-d77b-47e0-a644-caf76d0d78b4,74.63,maintenance fee,2024-07-14
b55172fe-4709-4244-8b9a-05414c724835,983c1471-0d71-4423-b5ab-658ce45a3a7e,77.93,ATM fee,2024-07-14
9d05acbb-d2a3-4147-8a41-c72cf2b94f44,2335da9c-41f0-46f1-8010-a0235aa58ce6,94.13,overdraft fee,2024-07-14
6132f443-b382-49a6-8e4e-9c981b7069db,2e822acf-adf2-4296-879f-05e6174984fb,33.74,ATM fee,2024-07-14
aa747331-d6b9-4013-99aa-627df5c27fb0,b3de71b2-1e7e-4c06-8266-353040eb7cc7,58.61,maintenance fee,2024-07-14
d3e190e5-8f4e-40b5-b6b9-9847516f56de,aa19d6bc-7f75-4f5b-9798-6d346c8660b3,68.71,maintenance fee,2024-07-14
3f6ddbce-d6c0-4d93-854b-25f2dae3750a,27c7d071-11e8-4fd9-8f8b-59d41e461719,90.56,ATM fee,2024-07-14
93f8cc9f-6bfc-42c6-bf61-ebc606486400,1c28b54c-92d7-4e33-8a97-6bef0bdbea55,85.15,maintenance fee,2024-07-14
f4ebdcb2-b197-408f-9730-1a6d59c78f32,cabc4cc0-5850-479d-b8c3-108c3410e524,21.43,overdraft fee,2024-07-14
6280c522-7fb4-47a3-915b-a6ad05c9db5e,8d2d842d-de05-439c-9df1-d04b860ef20a,85.83,overdraft fee,2024-07-14
4b027056-a015-4d77-8a5e-3fc375c8c381,6f50d7f8-6450-4568-b340-001dc838bb18,92.84,ATM fee,2024-07-14
faeb0aa8-8437-49e7-9456-ce0b171fc3cb,303fc20f-a949-4b48-bcef-6e2deb5ba226,89.2,overdraft fee,2024-07-14
fe826ec0-6ab0-4c4d-9f84-77de5f05a850,f17b674d-47e1-4859-8bc0-7fbee6770971,10.33,maintenance fee,2024-07-14
7d98d59c-66d6-4c5e-9bbb-50cd88f2cff6,2a2e45d1-078e-4ef1-81cc-7faf64a7e10a,73.79,overdraft fee,2024-07-14
5ed25c32-6e4a-4ab7-8889-e20c188574c8,57347d6a-bac9-446c-999f-960aad940aa9,10.83,overdraft fee,2024-07-14
0086a6ee-bae4-491e-a341-404a065da0e2,7ad49dd6-dd56-4dfd-b301-f89b26d47057,40.34,maintenance fee,2024-07-14
6e11e293-ad28-4f22-b87d-6a51a465bcaf,1a2a8aaa-1f63-4fa4-9f95-29d70fa53a20,16.86,overdraft fee,2024-07-14
cf1a5ae7-1d1d-4d2a-bbfb-d316d50801e9,9d120f07-7151-4dba-a178-ff554507810c,56.66,overdraft fee,2024-07-14
38f90310-2851-4770-a065-8256256a5391,294537a8-6127-4b23-b5bc-2de1e206c956,94.61,ATM fee,2024-07-14
7279b3b5-95a4-4db1-a632-eae5b6cec29f,ba056c23-296d-474d-974d-cb4f8d6d3068,41.94,ATM fee,2024-07-14
37699758-08c3-4e0b-a70a-89acfd7e27ec,4f8b843c-fada-4a56-a419-70cb8b175367,25.27,maintenance fee,2024-07-14
ffd4a5f4-7548-489b-8e3e-24fabdaa162a,d6b24b1f-4be4-4e5a-8ca8-c093fab0e0ab,93.58,overdraft fee,2024-07-14
913e89b9-367b-4c99-bf79-12a7ba55f3a7,5eaef69e-955c-479b-b360-227f0ae425be,98.77,maintenance fee,2024-07-14
b61f82ab-2b34-463e-b3fa-ffa21d7b5240,ba9704b3-614d-48aa-83ac-0a3c7d1d76db,65.59,overdraft fee,2024-07-14
8afa50ce-166c-4832-adc7-72549f1b44a3,6f89553e-e9dd-40a9-a6df-0bb2f4eaa2f2,57.19,maintenance fee,2024-07-14
47b8e479-fb9a-4ae7-8439-462d2f4762fc,d2fc44a3-9058-4538-b33e-56e02abadd1d,52.53,ATM fee,2024-07-14
6381d889-2193-4e77-b92c-c79a54829295,238375cf-fba4-41e8-93ff-a16292b48f88,59.06,ATM fee,2024-07-14
0686dc9a-d39d-4ded-8d16-2582601c30ec,605f6069-2773-41d0-9b34-233d5257d1aa,51.75,ATM fee,2024-07-14
69f30571-23bf-4c0e-aa09-e75629e68696,26a64804-5576-46f3-91bd-cbc7dd915a5c,90.59,ATM fee,2024-07-14
39a073df-a6c4-4f16-9990-77c79d0cae29,78a73a59-0f4b-4298-b08e-3a5e0eaccfe1,14.29,overdraft fee,2024-07-14
c0e409ce-0833-4250-8023-40831dc69d7e,7fa26ea6-8992-4ec3-9c3b-a65a95ed1f4b,10.42,ATM fee,2024-07-14
bda21fc9-336f-4a46-8b21-ea347ab78c82,9f1a2a9a-a071-4e62-98d1-dc785a399673,58.35,ATM fee,2024-07-14
6a663df6-e08d-4744-a66a-25f2b2a74527,b9b57bcd-fbd9-4efd-b6af-cffc40067189,84.64,maintenance fee,2024-07-14
f540279e-5016-4ff5-aa2b-2a0946899ae6,ccfe261f-6e42-4103-9fb5-7140722b7a11,18.85,ATM fee,2024-07-14
2390b1ac-4662-4f00-9e41-b08a11263e03,ac51533c-1697-40ed-a0a2-11d9f83b3bb3,85.68,overdraft fee,2024-07-14
ca6876b8-1da2-4104-bdc7-fa54784dbfc7,b09c1174-e273-4c70-88a9-ee61c14579b0,29.37,ATM fee,2024-07-14
eb36ea66-6e28-4b1d-868f-05c9c5610029,6dff9640-2242-4af4-a05f-cda2fa93e9d9,97.67,overdraft fee,2024-07-14
dca5d3a8-ba23-4bb9-a752-25214a14c485,e6d08193-1c58-4552-a470-04272c91d4ef,91.99,overdraft fee,2024-07-14
f25fb3d3-8f65-417e-a0f5-b3ce3dee9f2e,85ec695a-1c48-4c3c-9113-ce3e01847f50,49.92,ATM fee,2024-07-14
0e48ba71-0f41-4e50-a5ff-f360f195422c,6fb414de-de97-437f-82e7-113e0ccce586,6.18,overdraft fee,2024-07-14
fabceb44-f1b8-4173-b36d-23c0422fd55a,fc7cdf47-cb26-4113-91a9-193f19dfe886,29.25,maintenance fee,2024-07-14
b4131334-f8ae-4c8b-bc80-2b099bcef1df,99e41397-0727-4369-b83b-2a2372531bae,33.98,maintenance fee,2024-07-14
ec1b8cd6-1c4c-4d94-ad0f-1671fe6123b6,5112b92a-a942-4059-bbe9-ac050b34196c,67.92,ATM fee,2024-07-14
77392be3-dd30-4f61-9c45-b5ce492319cc,7ac3783e-ee35-43f8-a96b-5339f38df39a,56.14,maintenance fee,2024-07-14
d4060255-6128-47be-8fa8-7ab5f9af617d,8086873c-e8a0-48a9-9ea0-cdcad8b80039,22.34,maintenance fee,2024-07-14
998b2a06-fa81-47f8-b822-81e2e21fd227,d3c29916-6556-4c81-82bc-410813870ff8,33.5,overdraft fee,2024-07-14
9456c63b-1f38-4cfa-bfc1-3ae4904f4384,24271c60-12e8-428a-b0f8-8aa7d9e5cc33,7.01,overdraft fee,2024-07-14
9a17cfff-2cf8-431f-a156-4e6a863aa608,8f70a041-4146-4367-b3a0-0ed30367534b,60.53,ATM fee,2024-07-14
4cf95130-87ab-4f42-b98f-daa28081ad37,466047be-8d07-4e3d-ab52-f2ec65eb5b39,27.45,ATM fee,2024-07-14
218b8a81-5284-4c5a-85e4-eddcaa9320ff,133ed16e-dcaf-43da-b0d8-0966d17717e8,17.84,ATM fee,2024-07-14
de765408-e172-4ff9-b524-d3441b61ad50,fef4fce1-a251-4f4b-b9b4-1b316395ac8d,50.07,ATM fee,2024-07-14
c8bb0a99-b3ff-40ee-86c2-0d2ae2fa62ee,2c99e27c-5ac7-4765-bf7a-3bcccc4a2bfd,6.74,ATM fee,2024-07-14
8e2844a7-617c-4ecf-a1a9-1665923d6cda,dab077b0-cbbd-45cd-8ed2-4d3747fc8886,17.66,overdraft fee,2024-07-14
d01000a0-cb60-413a-8c28-6edb69550ef0,8c2152c1-0659-4851-afe1-253d5aff55df,49.41,ATM fee,2024-07-14
c82b02cd-5203-4361-beef-772350f95820,85ec695a-1c48-4c3c-9113-ce3e01847f50,50.52,maintenance fee,2024-07-14
264038df-8811-4a8d-942a-218597a13c8b,6bd2031e-1776-4806-9b25-bc06fe327672,48.62,overdraft fee,2024-07-14
5f942733-be10-4d91-8cfc-c290a131fbc5,627081c9-46c2-429f-8d9a-b92b6c7d89fc,22.15,overdraft fee,2024-07-14
6f3c0293-d554-43aa-8967-055d6243d6e4,e8fd4969-b97a-40a1-a755-4f3431f18104,44.43,maintenance fee,2024-07-14
ee0f602e-09b9-44c6-b8d2-a3b0add23d74,91e06ec2-2124-4003-ac61-7e08e0ffc292,72.74,maintenance fee,2024-07-14
52b26a3f-db26-43f6-9765-bf65986b4822,dd723db4-2b09-4071-9d4f-8e794aaa9eef,93.45,maintenance fee,2024-07-14
8fe00fb8-d602-46c4-b12d-790ccc7177ad,046fa277-21ca-457e-9d28-379d14137135,96.96,overdraft fee,2024-07-14
8651a1e9-1e46-44e2-8b0b-d71302711f15,2a6a4972-006b-4e5a-8be3-c37134934328,97.01,overdraft fee,2024-07-14
664fc6ea-d710-4d1a-a534-67dd9e41b057,044a1e79-39da-4e68-858e-3f29cf15698d,23.29,maintenance fee,2024-07-14
39230ca7-71cd-407f-baf2-4ebfb59b3fc1,dd723db4-2b09-4071-9d4f-8e794aaa9eef,37.54,ATM fee,2024-07-14
f5c78ab3-1408-48ff-80cf-b91ee0373df9,dd595dcc-b651-491b-a8c7-cb4a87a1b5a6,70.26,overdraft fee,2024-07-14
508fca06-1620-4004-8450-ae862428974d,9f7a355a-1251-4b38-bcf3-f3dcee59b918,89.18,ATM fee,2024-07-14
2cfb1609-549e-4b35-a86a-2255691eb484,d09e6ca6-8e06-4284-aac8-05bae31470ac,58.96,ATM fee,2024-07-14
a2d6c86c-7851-4608-9694-aa7e7bdcc877,6e2dc766-391d-475c-ae0d-cb29d1544c6d,89.96,ATM fee,2024-07-14
2594ea38-d746-4e0c-8920-80f94ca91016,1ea32e4b-e04d-496f-893c-7ce9e0b36c58,8.23,maintenance fee,2024-07-14
cb7f05ee-1ce0-4d16-b9c6-2067d2432886,8d58b93d-8f07-41e8-840c-69ecde50a73d,58.9,ATM fee,2024-07-14
6c1462ff-af0b-438c-be11-d73ddac3065d,6cffb969-c46e-4841-ae68-ffd8de63972f,13.84,maintenance fee,2024-07-14
0fd6f3bd-5188-45a9-839d-240c40ef78f6,182b76a0-250f-419c-8b37-1d6359834760,29.17,maintenance fee,2024-07-14
5bf10481-7ec4-4ca4-b997-d8707bbad887,7e30c374-cce9-4acb-8e25-66e6a01431e2,78.38,overdraft fee,2024-07-14
ae4d83a8-15cc-40ab-b22c-a9da6689087e,a021b793-96cb-4d9c-951e-e7f8d214d843,47.39,overdraft fee,2024-07-14
15bd7f35-c629-4e2d-8ee9-03e303f8575b,d53db6a8-0425-45cd-b1ba-2758296d08c1,95.77,overdraft fee,2024-07-14
7b66aada-b56f-4d0f-989b-b7e47df5e8b4,858ccfe8-edeb-4f40-8370-432657b173d3,22.22,overdraft fee,2024-07-14
6c539ad3-b4f6-49c8-859a-a5a6b043b3d5,3bdbbffe-cb73-4037-b111-385a83f74807,25.54,ATM fee,2024-07-14
907c856a-509d-4b83-b04b-454cf94a8abb,c9b7545a-57d0-4070-b587-b4ed9dd92003,7.38,overdraft fee,2024-07-14
3b1e5314-72ec-45ef-b1b1-bf0660ac7cda,a15dc83a-69f3-4272-964c-318efc695e0d,89.48,maintenance fee,2024-07-14
ba2fed3d-f46e-41e0-90a3-0fa775331586,a161c1db-939b-4528-bd06-3ff3fe0ab41d,22.14,ATM fee,2024-07-14
63535138-e2f3-4c24-8e2f-c08f7cf4a296,d2e47547-f33a-4a9e-898b-0955648768dc,88.67,ATM fee,2024-07-14
b6d74ced-063d-4a0e-a434-4459a7df07b4,f9614df7-fc48-441e-b27e-51d786aa115c,76.74,ATM fee,2024-07-14
03851768-1230-46cf-b9a7-730ed5cab4eb,38ab5273-854d-43c7-a6d3-ad9e7f3e55c9,46.23,ATM fee,2024-07-14
a2fc7cfb-c927-49e1-9841-2b4787d0adc2,9e8ea4b4-1147-4336-8dad-5d20a3e19a40,99.85,maintenance fee,2024-07-14
90360f1a-ed0a-4adf-82ff-f1f71bbdb36b,062a8e0f-9e42-465d-8214-6fe8cb6478e8,61.1,maintenance fee,2024-07-14
d99b08d4-1ee4-4abd-b776-0020874e9118,352e0a10-4b96-47c9-aa6b-07800894aa51,69.42,ATM fee,2024-07-14
2fc6c6a2-3321-46a9-a196-948522fad061,abf177bd-a8c3-4d77-a3e4-18490f982937,13.03,maintenance fee,2024-07-14
214c473d-763e-46d6-a1fe-a07cf839be7c,b3777a25-60a2-4916-b584-cc8deae1fdd3,66.78,ATM fee,2024-07-14
12ba28ed-29c7-4a84-ad88-e310aefa4842,d31266c5-d635-4b8c-993b-4dc1ec8d558e,13.69,overdraft fee,2024-07-14
695fa595-4a8f-4d77-bba8-4f4fbf1f2d93,179bcd7b-c549-4e48-a32a-f8af978db597,76.85,overdraft fee,2024-07-14
ae71e5f6-4119-4947-b4fb-f512f7632a73,2287972c-1170-4931-bc5e-f6a13103d958,95.62,maintenance fee,2024-07-14
5f38ea36-324e-4292-a0ed-c354a8743c35,22bfcd75-8379-46de-8e53-04a75ab51166,79.84,overdraft fee,2024-07-14
b4c69645-9f3c-49da-8933-53663bce5ade,4fa3e73d-6ec1-4eb1-9fb2-34b6c2b826cd,87.79,maintenance fee,2024-07-14
f38c6913-8a8a-49c1-981c-43ea7dc81f41,12efc961-5d37-482f-a9dd-673f7526d80b,23.34,overdraft fee,2024-07-14
d623708a-1c25-4d07-8976-9abe0d9fd56a,ccbcfb41-67af-43c0-889d-f184f08a87f4,75.46,ATM fee,2024-07-14
a8ca27ba-6f4f-4cb1-a7ff-2b084cb69e98,16f88d8d-81d3-4b0b-8ada-9dd60cdd74e0,84.51,maintenance fee,2024-07-14
6b4fafb5-7307-4160-8aa2-2c4232648329,159ded7d-f942-42ae-b36c-1967061d6f00,24.37,overdraft fee,2024-07-14
6dd94e2a-f0fe-44bb-91bd-2a0b35915a73,5f111506-3333-474e-8078-1230439a4014,49.37,ATM fee,2024-07-14
76cf199e-1bfe-4055-b5f1-a1df06c61e09,3a13e701-3de9-4413-8f73-f9f8eb45fdff,41.53,maintenance fee,2024-07-14
cd0673de-3908-42b6-81a8-1a592fbe6f2b,e89e3b92-0ac3-4c54-8f51-751fda6a9c12,32.39,maintenance fee,2024-07-14
a8f44372-0205-4e65-8d24-ed747a20cea0,4b885017-e947-4753-b0a5-11669008c2dc,42.09,maintenance fee,2024-07-14
b4e2227c-ea0d-4696-92c8-c95ea05a6ac8,3bbb2322-eedb-41ed-bf67-66c3bc6acd17,36.74,overdraft fee,2024-07-14
254771f7-8e88-472a-9cef-23e429df4ffd,19bf31d3-1118-4620-9d37-c6c51d7d9bc0,94.83,maintenance fee,2024-07-14
8fffd47d-c899-4aac-adfc-d10287c96f18,64eb5307-b063-4b21-8fae-d5668d9f5e80,66.84,ATM fee,2024-07-14
1105dbda-0cf9-47c7-8ed1-8b81a0d60885,9400dae7-c272-4812-a06c-da89887bf4eb,52.13,ATM fee,2024-07-14
7d9709d9-b28b-4e67-9933-335a2bb8ff26,ae04e4aa-bc3e-4f01-a4d6-baf5f450a91f,95.6,overdraft fee,2024-07-14
123c8471-5640-4fb0-97ee-8d11d30d31ac,b663ea5d-f412-4fca-a883-2ab46ce847d0,44.83,ATM fee,2024-07-14
bc61fccf-6705-4937-ade0-3275758cd979,8e16e7cb-42d3-4265-b37d-3765bf1ff953,54.81,ATM fee,2024-07-14
a3e37f77-f692-44c1-b75a-7a063e961d9e,87b327ea-ab6f-4797-8079-85bc91795de9,41.63,overdraft fee,2024-07-14
00d26b78-b913-4942-9d51-1be5e7c1bfaf,3bbb2322-eedb-41ed-bf67-66c3bc6acd17,57.82,maintenance fee,2024-07-14
668c6f51-c762-4cef-b261-ee155d826325,9cf669da-5671-479e-b665-7a61956d07d8,36.37,ATM fee,2024-07-14
23657bed-9804-4703-95a3-4da5d07e9388,cc148999-bf12-46c0-b25c-abc51c44ac79,11.51,overdraft fee,2024-07-14
ceb0f9ec-d048-4e8c-8b18-2b94e8ccb0b3,91e06ec2-2124-4003-ac61-7e08e0ffc292,30.55,overdraft fee,2024-07-14
59ef7339-6964-401b-a959-eaec256db06d,17ec5198-d1d8-421f-b1c7-42b9459c4086,25.49,overdraft fee,2024-07-14
53190a98-3da8-4f2f-8190-9aa8103ae364,7785f032-c8bb-442a-ad46-d978c22e1212,48.84,maintenance fee,2024-07-14
060cbcbe-c952-48e1-855c-b20659977f34,bfcb58f8-e1ad-4a2a-bbdc-608710230605,32.08,overdraft fee,2024-07-14
46e725e6-7cc7-4252-97b4-ff8978a155d4,c926daec-5cbe-4377-b1ba-49b8ca3ec620,97.04,overdraft fee,2024-07-14
f28ac9a8-cead-49e0-9f7a-e4591b2943dd,681fa84a-ccd4-453f-b2d1-0cb51183a1c2,77.05,ATM fee,2024-07-14
f0cddb6f-0746-4937-b77f-f8951b121c57,014554ea-d2d7-4714-8362-cc5fbee9af5e,79.88,maintenance fee,2024-07-14
9d13def3-665d-4a68-9a81-027bf7650d09,dddc31c0-329e-4954-87d3-2e8a9dcd031a,82.83,maintenance fee,2024-07-14
f4a03200-4de2-4dba-8584-2916915f2fde,e6f9bed3-1b35-4508-afb3-085da1591b64,37.81,ATM fee,2024-07-14
d0439e04-bcf3-47a8-8292-277a2fa17d02,af0a2a0f-fa3c-46b5-b56c-54c58e1c52c0,15.06,maintenance fee,2024-07-14
584be656-f809-4a02-9811-a02bd729cd2c,405e0376-72f2-4a19-b1bf-5a526fe8188e,89.65,maintenance fee,2024-07-14
e62fd3fc-624a-4c3c-9130-71248350f994,db6f4545-eb00-4e1a-8c1d-e1f17585d8ec,16.21,ATM fee,2024-07-14
363d0608-0fbf-4634-9509-10b7f3f2e9ab,ffb7dc94-24f7-4398-8b6e-af7ae04ad871,82.46,ATM fee,2024-07-14
8342b71f-3203-4be7-9d25-2bfdb3eb2f4a,e89e3b92-0ac3-4c54-8f51-751fda6a9c12,39.82,ATM fee,2024-07-14
080bfa30-e8f2-4d04-8803-43b6deb5f06a,7af7cd7c-f13f-4c7c-9965-953695e5d09f,15.32,ATM fee,2024-07-14
e0149337-a16c-4c46-adf4-9b59117fb41d,1ef76390-96cd-464a-adee-e4ba72ac1952,88.31,overdraft fee,2024-07-14
f99aad69-550f-4b58-a10d-07d6bc04c7b6,6f59403c-fc6e-44e4-9c96-79350af08e95,57.37,maintenance fee,2024-07-14
7c869779-92b1-465f-af94-82ed2826df7e,f922ff42-351f-4c31-8576-c668cf5c10e4,33.37,maintenance fee,2024-07-14
6aa30058-a4b1-4f65-b59e-09f283249402,8b2bbc57-e9cb-4365-8962-f5ee89c83f24,74.46,overdraft fee,2024-07-14
797945f3-0729-4667-aa89-b08d2d7e6411,4292181e-108e-4fb7-8ba8-f0a2d2c44b8d,9.82,overdraft fee,2024-07-14
f289eb51-aede-453a-9872-d622577526d4,550a0c63-52d2-4e28-a876-690d3dbad54e,54.8,overdraft fee,2024-07-14
97b7c8be-21fa-43a4-91e3-7cc0ed4741b7,abbd3a83-dbe4-4c3a-9d0d-e204cb78f00b,14.19,maintenance fee,2024-07-14
5b7e06ad-a95a-4e0b-bebb-5f216543af3f,e13f3ec9-2ec7-4a36-903b-2e131150dc47,57.29,ATM fee,2024-07-14
7d5d21fa-afa0-4ea4-8343-6b13182ae110,0f191915-4280-46f0-89a5-73c039d45eec,43.15,overdraft fee,2024-07-14
3e45bdf3-712d-4211-91d3-a4adb6468f06,4b177960-775b-404f-88ce-c40fa90e1923,23.04,ATM fee,2024-07-14
04e2c471-8342-49e1-b5ad-68670a5d8825,9b03cd34-ec59-4a63-8fa3-220ae31e1a36,21.41,overdraft fee,2024-07-14
be9b84db-e189-48c0-852d-99aaa3f79484,d9206561-97b7-41e9-b336-39579c589c10,14.16,ATM fee,2024-07-14
6c75f7f0-6f19-4b5a-bd65-d17a2d82755e,d60219f4-1a01-448a-9de8-8f0bf985d70d,82.68,maintenance fee,2024-07-14
c2791b4e-540c-4d30-a5d9-187535609b32,ffb82d3b-86e5-408f-ae6d-e089229c94d4,41.42,ATM fee,2024-07-14
127e8eec-2cbd-4ead-8983-b97bb7fadcb9,a2bb95d6-eb27-4e2d-83d3-5293177b7d4c,47.58,ATM fee,2024-07-14
3f76bd08-1289-4d9b-a685-8082fced0637,feb6a55f-fe1a-4336-9e15-1bf06def69a5,40.98,maintenance fee,2024-07-14
aba349b0-ddf9-45f3-b4be-a4633abc163f,294537a8-6127-4b23-b5bc-2de1e206c956,29.24,overdraft fee,2024-07-14
cbd099c8-4132-4287-96b3-4c426f998d08,f089be3d-ca11-4314-b732-c40a8592d05a,10.53,ATM fee,2024-07-14
c31e579f-5379-4158-a84d-f6fc2827c419,b67ba5b0-edd9-443e-8134-9bd372372a5f,24.39,overdraft fee,2024-07-14
771d9e20-19e5-4b57-bcdf-ead1998c5ee3,b9455a53-59f4-4df6-87ff-f4003b42bc48,19.29,maintenance fee,2024-07-14
46a5f96f-4ec8-4fe1-8f88-11b221a90d3d,71b00dcc-da28-4aba-a923-7467ee9a8097,79.47,ATM fee,2024-07-14
0fc29990-a90a-421a-82e9-df770bfab91c,1a8d8db6-8348-40a9-ad61-c19af44b01dd,15.57,overdraft fee,2024-07-14
23f37bf1-18bc-4f60-b7fd-4118596069e0,0d3c5792-1946-4652-840c-855a1324cb26,91.88,ATM fee,2024-07-14
92b9c334-50fd-4321-9674-02d0f0623789,c7bcf5c3-6146-4ec6-834a-c8ca88666c30,85.99,overdraft fee,2024-07-14
c3a1355b-db85-4ed7-848d-4278bd37c128,0d96e1a1-5c13-4bd3-898d-adbfc9f07c4e,44.66,ATM fee,2024-07-14
a838678d-08a3-49b8-b0d7-fb2454c765dd,abd67bfa-99f2-4623-b5bf-9220099ffac0,18.24,ATM fee,2024-07-14
ee6cbe08-ca09-460e-85c9-5e33f7b5d9ae,0acd0654-9ee7-4fce-91a3-a17b7173010c,54.81,maintenance fee,2024-07-14
6e00d6b9-68fe-4fa3-9240-be283005b023,7b7d3bcf-4e93-4fda-848a-172667090f69,78.99,ATM fee,2024-07-14
04332c51-75af-4cb3-b553-d01ec27a1c9d,bb01b807-7db1-42a5-94dc-40f7df982da3,18.37,maintenance fee,2024-07-14
ea38ed7d-b04f-44d0-aed4-e41b01f053f1,cece20d6-52fb-4685-8b1b-b6381f54785a,31.87,ATM fee,2024-07-14
8774675b-13bd-4b43-adbd-31e10b34a1f7,1c749645-e71b-4bbf-a01e-b1d4094fc4b1,45.09,maintenance fee,2024-07-14
08d13dca-c454-479e-9843-6b6251ca5900,11d8498e-e3d0-49b8-a5fb-472fd93dcac2,54.68,overdraft fee,2024-07-14
93c70db9-f432-4e7f-946e-14c2f5660100,3589103d-a49b-46bb-b254-ad284aa760ee,33.19,ATM fee,2024-07-14
9d31dc5a-dc63-4ffe-91ab-596990a14e59,401e733a-b5c3-4456-be7d-d14c33834b02,43.87,maintenance fee,2024-07-14
82c013c0-0421-4798-ac0a-8c5a5e9d6504,ddf878d2-ede0-4f69-82c7-1d186b3c9792,50.23,overdraft fee,2024-07-14
3468c28b-581e-4c5f-a0c4-93f7d26cf3e5,db322058-843d-4d79-8107-56094006f7e8,69.71,overdraft fee,2024-07-14
370a3703-dd72-4e53-85d2-7c05851f20e4,bc6be580-c03f-4e1d-af67-3bd5ae939596,38.73,ATM fee,2024-07-14
2db896c9-1ef1-49ae-af5a-1c4c1b43794c,a71f8f15-8f72-44bd-90bb-0075e2fbc8d4,70.4,overdraft fee,2024-07-14
1b8a5a3d-ba01-48cc-87a3-d88c24ed1fb7,c83a1a12-3d44-403d-80f3-9e5529be1614,92.9,overdraft fee,2024-07-14
e1af0361-998c-43d9-a6f0-0e48b5b921b3,131f4817-40e9-44f6-bbe0-843df117d1a7,7.08,ATM fee,2024-07-14
0f53a248-7ff6-4f12-a944-4fa476258440,6789092f-5af4-4a51-a30a-9e2bc143801c,20.92,maintenance fee,2024-07-14
37596509-7398-4d77-ae05-333fd2dd48bd,46dbd340-6d6f-4726-994e-6a26625127f8,23.6,maintenance fee,2024-07-14
138cd676-c395-4d1a-8b97-f3c7f9604277,4c1eb63a-8ded-4323-978d-23d2945c4915,24.67,overdraft fee,2024-07-14
274bc646-ebbc-4b0e-a0f8-c87306030910,c926daec-5cbe-4377-b1ba-49b8ca3ec620,38.62,overdraft fee,2024-07-14
8c772c89-6ad7-4683-81d5-12a1d3789a02,c0d45c2f-5410-44a9-b96f-ae4e123092e7,26.74,maintenance fee,2024-07-14
45d97586-450e-4096-bd46-8ba20827079e,0f191915-4280-46f0-89a5-73c039d45eec,90.41,maintenance fee,2024-07-14
3e3ea4fb-a176-4128-af8b-7239e76f5893,14510e16-fc57-485f-92db-fcb1cfc04d7c,49.05,overdraft fee,2024-07-14
32078dab-6b29-48d5-8ac4-5c0510529998,a176d5b8-f357-4d07-bebf-8de106887bea,10.26,maintenance fee,2024-07-14
99edc849-bb2e-46ef-82d6-a1a18a03f539,c9e5c917-0309-4d88-afbb-3c3b4224c50f,7.5,maintenance fee,2024-07-14
09a80aff-cc76-4c1e-a9f6-fe1536d49e57,dc756dd4-f1b6-4a47-9ac6-73cc5ccbd98f,61.72,ATM fee,2024-07-14
686bc01d-1eb2-46d5-8feb-ed8ad5d800f4,108f9fd2-3372-4d01-b6d9-64ff08561831,91.75,maintenance fee,2024-07-14
a690f9c4-6166-4f6d-b0cc-5f5a19b98b01,9af0fe4a-dcd0-4b4d-81af-f3cdf5a3696a,40.98,overdraft fee,2024-07-14
e949f9fb-f03d-4cbd-8500-44a18f89d5d1,ed2cc8e5-fb59-472a-aa4f-6d9f495c2bc1,48.61,overdraft fee,2024-07-14
c3a3d437-df09-417d-bfc8-9cb80c4f1d19,22bfcd75-8379-46de-8e53-04a75ab51166,33.2,maintenance fee,2024-07-14
f2c594ab-50a8-4a88-999c-fa38444c5970,885cced8-8bdf-44c1-b559-7e1f33e0bae6,58.52,maintenance fee,2024-07-14
3fdb48b8-c636-45d1-8c63-a079410bc099,9c2bf67b-8dd4-494f-907c-319f1f3ec9a7,78.28,ATM fee,2024-07-14
28a02283-c353-4e9e-b6b8-b295aa60d739,8cb32f0b-6358-4d5a-9a6d-f3541c52390c,35.1,maintenance fee,2024-07-14
4e93acca-0288-4bfa-b110-df26e67964fa,b0aa7148-d442-4970-82a0-eeb8298ae159,22.18,ATM fee,2024-07-14
59da02c2-c5cd-4850-995b-7accb7128177,391b3736-d42e-414e-843c-b4587d51c7b9,55.99,ATM fee,2024-07-14
5bcf83b5-3c20-4eec-80cd-c4c30cf93380,680f8353-18fe-468c-a439-54cea69fbed6,92.35,ATM fee,2024-07-14
e0bdb78b-0103-4d26-9fa5-8372321d4642,df8bec85-7015-4d0c-a78c-e3a822c84e61,38.77,ATM fee,2024-07-14
c12a1cee-b07d-4bce-99dd-7ce7812c5aeb,e1559f0c-f7be-4dc2-a040-bf4a6480df95,93.81,ATM fee,2024-07-14
e348176e-f292-4ace-acfc-448bd09104c1,613925a5-64a4-4821-b05c-9583262903c5,73.82,ATM fee,2024-07-14
cbd24ae0-afa2-414b-8839-cceebc8e8e42,c87db016-8ac4-4fea-b0cc-5bcb2e80a8f1,58.3,maintenance fee,2024-07-14
a1723097-d791-4e40-90a8-714ab15be29f,f0742520-e4cb-47e0-9d15-79555d312246,19.36,overdraft fee,2024-07-14
5b978930-e08f-43fb-9917-93aacb653d91,a791b2b2-7c51-4ca4-ba40-2256a95e3542,66.0,maintenance fee,2024-07-14
960f5411-aed1-4cc1-b84f-6d21aeb6b775,6f25a5b5-5391-4065-8f1c-98340b250a97,92.35,maintenance fee,2024-07-14
cdb487d5-b77a-4598-a5c9-8d71ba12143c,b4ea1242-9a04-48f0-96d2-be86e7b8f158,24.85,ATM fee,2024-07-14
9afc2276-88ee-4641-b087-c984aa37793d,cd40004e-034c-486b-9ca3-67f87fc451ba,55.62,ATM fee,2024-07-14
502bf9ab-241d-4643-87dd-b536690aa725,3cc62f85-03eb-4da9-b6f3-83e32d6469ea,66.97,overdraft fee,2024-07-14
0c9b9487-3dba-4597-9085-da237851647b,24b27539-c0b9-4bea-aef0-c15f435daa83,28.67,ATM fee,2024-07-14
f7fc319b-06f0-48ab-a7ad-68c3b3da2d44,bcf8d260-6f83-4358-8af7-69ebb40d8108,15.61,overdraft fee,2024-07-14
ee53827b-4a80-425d-a0e1-00d0ec87cd8b,2cc9ca2a-aae6-47b9-b007-a7e4db2b5678,30.39,overdraft fee,2024-07-14
0c989736-ccb9-4ac5-ab88-6363bb679aea,e73d0505-a1c7-4382-8fa1-f53483704719,46.99,overdraft fee,2024-07-14
7fb46386-d464-453f-8d31-aa4855900b6e,aef64355-71b0-488b-895b-ece8d3e42616,60.53,maintenance fee,2024-07-14
649390f7-024e-4662-99fe-ebb8fae8f7b1,530086ba-70d1-4c60-9664-e4ab3e32be86,36.61,ATM fee,2024-07-14
3d53d2bc-3ffc-46af-b9b2-435a8629e937,be7cade7-e79e-4f6e-b4e2-c7f466bdf55b,75.71,ATM fee,2024-07-14
d3dee1c2-ee01-40a4-86bd-6a671b45537b,bbcad192-6414-4595-abda-423b651117a9,8.57,maintenance fee,2024-07-14
ac9ef192-e8a9-4d14-86c7-c214c8bc8565,72668853-20fe-42de-94c9-d2b9ca536fab,28.51,overdraft fee,2024-07-14
a3a16907-c38e-48a6-856b-57c652086eda,1a732e73-67f3-4c4c-9737-22622cbedeea,40.66,overdraft fee,2024-07-14
f5e233cd-e9b3-43b8-bf83-4eda44d17d21,1ef76390-96cd-464a-adee-e4ba72ac1952,97.03,overdraft fee,2024-07-14
a590110f-7008-4dd2-9e53-c500e230ccd2,2ce8a896-4a02-4870-b39f-91fe2df36d58,36.22,ATM fee,2024-07-14
c62f4b43-da9e-4a24-b30b-88d62d89f6bd,ca9446c5-b7dc-49b9-ba03-eb3a22ac0750,55.69,overdraft fee,2024-07-14
6149def3-ec05-4747-ab3c-ce0aebf40fb2,2d773fb9-ab9c-4242-b532-176ea2b9b9bd,23.02,overdraft fee,2024-07-14
6a413429-62c4-4aa7-ad06-9a8639ffdf2b,9c8824d0-5c43-442c-81f2-757f623d5be1,55.7,ATM fee,2024-07-14
4f191abb-ea98-44c2-a7cb-d61f85cd382f,4401063e-e0fd-4f96-a2e4-b40a7fd6d8f6,23.09,ATM fee,2024-07-14
e40d4609-bd17-45d1-8766-abfe6d500058,cca602f5-ad93-4fda-9cf5-13d4ff697dfa,95.17,ATM fee,2024-07-14
0b9c17fb-c51d-4b62-b2bf-d5be5748e4f5,6c0c79c4-4109-42f8-938e-6905d688bb30,94.39,ATM fee,2024-07-14
5d3e0b2a-ac5b-40c2-bdf0-9604111ea258,4ff20fd2-8f9e-460b-b2c9-1c8641c0d2d7,73.3,ATM fee,2024-07-14
c1af89e6-a265-4890-ab92-d8566291cead,fefaed21-ef77-4f62-9a97-28304a8791d4,76.59,maintenance fee,2024-07-14
135d9448-5cf9-43ff-96e5-88aa8ae89b86,5e187101-7ded-4cb8-8cd6-00e44b2736fb,59.83,ATM fee,2024-07-14
dbe6484a-deff-4c86-a143-0ac4c31bc7ea,3ee414dc-af49-44b1-95c9-57a286230e4e,97.59,ATM fee,2024-07-14
e0a11df8-1cfc-4cfb-a99e-3cdf8206d936,c95718ac-9ac6-4890-a7d8-a01d521fd889,91.22,ATM fee,2024-07-14
63d64e87-487d-4abe-b410-3260cf1539df,c352840f-6e37-4595-b47d-c45be59ae54d,13.37,maintenance fee,2024-07-14
b57ccd8e-ec15-49ab-ad77-d8f2574347a1,d96625de-3c6f-4fa2-8439-05e55cfdb9e8,37.57,ATM fee,2024-07-14
e97edd00-ac57-479c-a37f-033df4c0b13e,9f01b566-6f3d-4bd2-a677-8a0ee1eb93a9,49.54,maintenance fee,2024-07-14
9a794797-861b-4160-ae19-cbd34f7fe9e8,3482a804-58a9-469b-ab5e-20028c93ff9b,70.28,ATM fee,2024-07-14
aa0a3ef9-7d02-40db-ad94-d8292c58ce1d,4f7f0d35-0d93-4e7a-8640-058cdb7f8fde,33.71,maintenance fee,2024-07-14
55522223-973b-4a60-a652-d0f15386135c,479320e0-b206-478f-9c42-ac12a3c27bcd,91.37,maintenance fee,2024-07-14
ec8f0776-5729-4505-9641-70418e336e82,54476390-f37e-499d-b365-9c38033e5172,58.49,overdraft fee,2024-07-14
a189fc58-02b8-47e9-905e-91aab77408dd,573cc034-a1d6-4dd8-9cc7-6b0be009e9f1,19.67,overdraft fee,2024-07-14
3976efd7-1c38-4e50-8ea9-3724b69014fe,85a9b605-a15e-4234-81ce-41b11f3210ba,60.26,maintenance fee,2024-07-14
0763552a-718d-4bc6-80e6-aca7c205cebb,22d2f61a-54ed-45f9-aac4-0353e098f411,85.36,ATM fee,2024-07-14
de68b5e1-38f3-4439-9bed-77f60f6cbe26,8d35599b-3dd1-4e5a-9532-8cff6b5d2404,46.09,maintenance fee,2024-07-14
aa729f77-30f4-41ff-b44a-35292f0be4ab,773342de-6ae9-4a38-a44e-8e7c458f5bea,56.22,ATM fee,2024-07-14
d2716cc8-2a17-4333-9623-a6033bffbd3f,d24a9a38-7ecf-4b25-adfd-44eb669785af,30.35,maintenance fee,2024-07-14
9c4c87fd-918e-45cf-8de2-babb5ef00bd4,ddc60c01-9b40-4f1e-8bc2-55635e25577d,55.14,maintenance fee,2024-07-14
3f02e087-7acc-426a-8bea-1393aabf9164,1ff71281-74fd-42ab-9412-52722dbc2718,65.12,overdraft fee,2024-07-14
01f37f2f-c614-42b2-991f-7e2883b22a39,713de202-9f1a-4469-bb41-975bf6077fd4,58.02,maintenance fee,2024-07-14
b56b0c28-a6e4-42e4-8c2c-341a1afee741,228d7c83-5459-47f0-a118-6e0365f82a5e,10.82,overdraft fee,2024-07-14
d01838d3-536e-4f5d-8434-65d40c214ef5,685c40aa-cfcd-4d5a-873c-acdb768a234b,26.59,maintenance fee,2024-07-14
22c03026-c274-457d-9fb1-d1699724edcf,ef32ce51-5958-49e8-8fab-39e77a1c8f17,27.09,ATM fee,2024-07-14
aa2a730b-4a39-48f3-bead-7c2b5f6a53ff,c5c32ffe-d6fd-457e-8f23-8b22a6144a8c,53.78,ATM fee,2024-07-14
a2490c9f-1446-483a-9511-5551a804f6a3,0f191915-4280-46f0-89a5-73c039d45eec,31.16,ATM fee,2024-07-14
e3d8522e-5682-4aac-b97c-aa9ed175baed,7388ab7d-efe3-4c2a-a111-f2bf191818f3,62.05,overdraft fee,2024-07-14
0eff9190-6a2c-4740-ba02-903c86be431e,2c67b81d-ab9d-486a-89e5-2bc68e86117d,7.24,maintenance fee,2024-07-14
221de8ce-89b7-47ee-aabf-f596a688d89f,d2e5ac77-bae0-4107-8ac2-36ee10a28a9e,97.14,overdraft fee,2024-07-14
794f5d05-993c-4301-a9d6-22e9ebd7b428,bf1c86cb-1149-4c49-9f7f-6f56a305c3ac,69.26,overdraft fee,2024-07-14
e8a443b7-58b4-4428-b20a-525e7dbcdf18,d2218475-757f-4674-8cb8-74f7bfbcebf4,61.35,ATM fee,2024-07-14
e85a4572-8139-4146-8b42-5bdc2763571d,d86adfd2-bef7-40c4-8448-30326cd53317,35.55,ATM fee,2024-07-14
8f79d29f-e062-477c-8fdc-123b16686961,4b691023-4c35-43f6-bd4f-30f3b4a7ea19,17.08,ATM fee,2024-07-14
d21c05b8-3c86-411e-9f54-82364a8e2b11,3d5d2857-2d54-48e6-9818-ebf38da423a0,91.32,overdraft fee,2024-07-14
8fa4ced0-bf5a-46c3-af21-429d08737c6c,617d4823-0fb1-40c7-aa23-19b4f926a16c,44.12,maintenance fee,2024-07-14
eb7b059d-4dde-4239-9921-573b48656687,60058c5f-363d-423f-93b3-f8e21b1077b7,75.34,overdraft fee,2024-07-14
cb3cc24d-8714-4b2c-bdb2-72588eae84a4,d42e820c-ae92-4e5d-92b0-10f917184df0,38.64,maintenance fee,2024-07-14
ed15cc21-51df-445b-a989-2d22c7d85641,71ee9a2c-a983-41b6-8d16-1b4af60fdfcf,36.04,maintenance fee,2024-07-14
0a536aff-e74e-4d70-8556-97e6d0750ad6,03cd70c6-6be3-416c-a26b-9da396c79f5f,38.49,ATM fee,2024-07-14
a0e42353-1f28-4c43-88c9-717dfeb197f8,8a8e0f65-35a1-4fd3-bff8-ba363f8aadaf,79.65,maintenance fee,2024-07-14
b1e2aa84-42e1-4e3e-8de3-836b5e70baab,85e44265-0ff9-492e-9c11-d231463eb7c1,96.85,ATM fee,2024-07-14
006633c1-d21f-497c-b508-77b3dc848a7d,d9f74f79-4228-4470-b1f5-d405774f9f1b,37.15,ATM fee,2024-07-14
362c1779-4844-4481-884e-dfd852ef30aa,beb88d33-b813-43c4-b112-9663cf7c71ed,11.72,maintenance fee,2024-07-14
f87b8651-60f0-4492-9a9f-e1c80db9981f,65acc2ba-250b-4015-8996-9701805d500e,59.67,ATM fee,2024-07-14
9a92d505-15fa-4641-9ec1-5cbb152468c3,e7e94473-288e-4870-8210-089f4eb39b66,80.36,overdraft fee,2024-07-14
453903b1-b43e-4d69-a68a-618a3dc1df8c,8086873c-e8a0-48a9-9ea0-cdcad8b80039,53.9,overdraft fee,2024-07-14
ed2c25bf-08a2-41e2-bcfe-990fedbc57fd,5f4df774-a9ec-4c12-ae76-83b12aefd004,16.45,overdraft fee,2024-07-14
04fb4bb2-3282-4fed-a5f7-802aea6b3bef,de9f5d6f-1b89-4566-bccf-6d7fa4e96c89,43.95,overdraft fee,2024-07-14
ae3c3a72-6933-499f-af51-bc4af8565e95,5b8a94c5-bc56-45fd-bb65-610a2d4eba44,83.13,maintenance fee,2024-07-14
9d7e1389-e1f7-496a-8c74-5b684d56b0c5,5e81991d-a71e-4ee0-854e-501d46e02ef4,56.11,ATM fee,2024-07-14
c0224e5d-e872-4ed7-b01b-b94081ff9a6e,ed89dcaa-7d58-4221-8184-ea57c286bd16,45.7,maintenance fee,2024-07-14
52bf91c5-965c-4795-8d2e-a6706c07dea5,6796730f-b6a5-42d1-a396-14ec81b5408a,40.87,overdraft fee,2024-07-14
8856ab44-f7d3-416f-8f60-6c73f5161e6a,141517d3-bb63-4e4f-aeb7-fdfdd00fd840,89.54,ATM fee,2024-07-14
005f7c9c-0160-4079-bafd-4f33efb425ad,a0412071-ae48-4be6-aec5-e8f4d3125af2,21.68,maintenance fee,2024-07-14
08a2532c-57df-4efa-b2ed-2b5f9eb7576d,ae04e4aa-bc3e-4f01-a4d6-baf5f450a91f,54.87,overdraft fee,2024-07-14
d51a1f2a-f1f3-4c64-bc02-85a2696ef72a,7a90e217-4f85-4f15-831f-4a1d17241aaa,60.45,overdraft fee,2024-07-14
b5404fcb-3470-483c-9c03-625292ea278a,0c099283-aedb-4c50-82c4-4e37d1dc9814,17.48,maintenance fee,2024-07-14
184c4116-34d1-43dc-bd04-7f100397b053,03a83b31-84f0-439f-b146-bbc983c9aeed,70.06,ATM fee,2024-07-14
0de72445-0f28-4093-a206-1dc0e12cc035,ec9dbcb3-6cd3-41a0-9d4b-348d393babd7,16.19,maintenance fee,2024-07-14
523dd2ae-2dd6-4d84-b22a-8f67f1794229,5f25232e-7d44-4ee7-8f48-b7de5f643670,8.81,maintenance fee,2024-07-14
0e05cabe-8a03-49d6-a0d2-802981ebf8c9,370eedeb-786e-4b8b-8078-8b0f937eae32,15.58,ATM fee,2024-07-14
f6de1be3-9208-426c-8d6e-5311b64970e7,8a4d54f7-ea83-40a8-abc7-6e6fe0d38ad3,33.43,maintenance fee,2024-07-14
bd927b9b-e905-4e33-8cba-15e0f10962a6,0c099283-aedb-4c50-82c4-4e37d1dc9814,83.99,maintenance fee,2024-07-14
9c2c528b-ddaa-4b72-8428-b5a738c39936,59025b8d-d3d9-4d6c-95d3-03d1bc9abe5d,55.73,ATM fee,2024-07-14
f0dc211f-2150-4915-af11-3493932d68c9,99fcb923-faab-458a-9c0e-7a687ec6b6a5,24.55,maintenance fee,2024-07-14
dd2377a7-2193-4e08-8052-f7d7dcde1ef6,0c8110da-569d-4729-9474-2ea9ed0aac59,54.89,ATM fee,2024-07-14
64037b86-ed54-4296-85dd-fd41e6f43dbc,6d72b47a-a44b-4228-94fd-25aff0e8c7f7,62.65,ATM fee,2024-07-14
f8fa5471-f23f-4fe9-b485-ebbcdfb06e84,afda7dc0-fa1d-4377-98ad-cb90d754515c,30.11,overdraft fee,2024-07-14
37073ecd-5787-40a2-9371-974916b211c0,e0a7b56e-a79d-4bd1-85e8-d17a4657d0f7,47.93,maintenance fee,2024-07-14
6972b4e5-ca56-4a5e-a7e8-4e6db5599036,56151e94-fec8-4367-9fbf-6bfcf40ffb8a,61.38,ATM fee,2024-07-14
9020ec43-297d-4b93-8d54-93e0fe7d4dbc,ae493557-6acf-4674-80a0-9aef18cedef0,63.89,overdraft fee,2024-07-14
716a40fe-18b7-407c-9518-dc578ddd0764,5bf8e09f-f291-4efa-b7a7-b483509cdd38,14.26,ATM fee,2024-07-14
07c09ee3-3f01-4b25-8c39-c5befa036c88,dc045cbc-a263-4b9c-b6f0-5a5c1d0a6d2e,70.1,ATM fee,2024-07-14
2b5a0475-1246-48ac-9a2b-4321b5d16d36,b5b6eb17-3030-4b58-986a-33363151dd2b,40.99,overdraft fee,2024-07-14
60861ce5-2364-4f01-bd07-f4b0b7660769,d91bef6e-f68f-449b-94dd-61f455e5c684,27.66,overdraft fee,2024-07-14
dde3071c-038c-49ed-9971-c2cb5ce3d600,06344e1e-99c6-41f0-8449-8b67ff0619a3,6.11,ATM fee,2024-07-14
162c1796-4e1e-453e-b0b3-aaf532c8448c,efba4866-6f79-4737-a1a7-fc9076dda7fd,92.36,ATM fee,2024-07-14
f9911c5e-59c2-4248-9285-a5c9e09e0769,9a4c9174-9af0-4208-9232-0dea6cb629a3,85.11,maintenance fee,2024-07-14
eb3af69f-94e6-4c52-ba48-23a117253a49,0fc2105e-a700-435c-8547-8c534b722f9a,70.7,overdraft fee,2024-07-14
a92f59db-ac10-41d6-a893-4f07d2168904,120d9c7e-269d-4407-bde0-e87b6a5c9cf0,8.27,overdraft fee,2024-07-14
24317b9f-ec77-4d4a-8e87-71e3dc0a9079,3fcfa462-1154-4401-b60f-eaf7136be0d5,58.21,overdraft fee,2024-07-14
666e6e2c-57a8-4246-b531-e00e66d55ded,2661936b-39e1-47f3-a350-e3c695f48bc0,68.88,ATM fee,2024-07-14
53f5cba4-00e6-4a98-a89f-ffe2d7a576b2,7cf3bd9d-5212-421e-8a3e-d2c8ea22740c,94.13,ATM fee,2024-07-14
a56afb9e-0368-4130-b840-cbd5ae16b16c,03b582b9-9440-4e9b-b1e5-c53d0d22b69d,68.58,ATM fee,2024-07-14
a827c5de-10ed-4da2-b89e-a619c7240c6b,78c28e11-51f9-4918-a495-ff3d62fbf9a4,55.86,ATM fee,2024-07-14
62f5c568-fbeb-4faf-ba18-16209d8ea15d,c9cd0033-11d3-4ad1-9e8c-cb7025a781b0,5.32,ATM fee,2024-07-14
a7d7d53c-9ef1-45d1-9ff7-785be1fe8d29,40af1b4c-f5bc-466e-9529-51a3ebe3e676,18.33,ATM fee,2024-07-14
9d36cea5-7a83-4544-ad4f-f6462bb29a0d,b7d0c0d1-91c2-4a54-a7c0-a044f81c1857,77.37,maintenance fee,2024-07-14
b704b080-57c8-4e90-9037-3df8d4c6f94a,4d661217-4667-4b31-8815-bd4d3262c837,45.91,overdraft fee,2024-07-14
91d72af4-d6d7-4ed7-b4dd-9e49094f16a1,a5f934cd-f379-4230-b70c-b12fc4f640da,37.36,maintenance fee,2024-07-14
e118266a-a6ce-4617-b23f-64ceda4c29f3,4f68ccea-3a4b-497e-8d97-e516b88dc70c,87.13,ATM fee,2024-07-14
9ba55b7a-3747-443a-bb7c-9c8fc8d94499,44f15649-f977-46b0-b724-865cd2eade80,60.73,maintenance fee,2024-07-14
0d637dc5-d41e-47be-ae37-0828a97483eb,f6727626-970f-46b6-90a4-6926aaec7d9f,75.05,ATM fee,2024-07-14
16608565-d950-4be2-974f-0c109c76785b,c0704810-7c37-43ae-bdaa-0a4a7f73538d,30.0,maintenance fee,2024-07-14
08ca76ed-590f-418b-b951-ad6b9a660e10,82bb7c0e-09b5-4064-91a9-817a19f096b1,77.37,overdraft fee,2024-07-14
ff1164ad-66ed-4789-978d-4e696014c61a,a86274c7-2e53-462a-8f6e-65404fc2cd6e,36.15,overdraft fee,2024-07-14
66d9324e-f2b1-418a-945e-d7a4c01bf95a,d5b7a83f-3779-40cf-abbc-8d73c8890938,61.36,ATM fee,2024-07-14
c5f6d183-44af-43ff-9d51-a804a3866f46,e7e94473-288e-4870-8210-089f4eb39b66,23.45,overdraft fee,2024-07-14
d659a692-6cb8-4f75-9529-f5d453fa53e9,25cbeef7-e4cc-4202-9089-d85be4cb7e49,25.76,overdraft fee,2024-07-14
cc84314c-acfd-4332-82ee-84bf1be90592,983c1471-0d71-4423-b5ab-658ce45a3a7e,11.15,maintenance fee,2024-07-14
730e1d49-c49c-4ec4-a18d-2dd3e5f00691,8e89880c-42f0-464d-b0a3-1b4ab2de7df6,11.62,ATM fee,2024-07-14
49493bfa-95b7-4913-9552-1a37e1560a4e,7c1eef89-f3ff-45f4-ab39-45e68c41d0f1,14.05,overdraft fee,2024-07-14
81218db6-c11f-4723-ad4c-6a586ac6947c,fc7ac5a3-1e6f-4da9-98cc-e39a244ab5cb,43.73,ATM fee,2024-07-14
4665dd6d-3ee0-40d9-9136-b67389ab6561,77ca6dfe-9838-44e4-a145-ae35c36b2dad,74.37,overdraft fee,2024-07-14
d893114a-840f-44f7-b661-a9f8210be4c8,ec9c9d25-0b19-488d-98e2-8de6ad6f6c0e,18.18,overdraft fee,2024-07-14
52a7a341-5b39-444e-ad0d-b0615d174148,cbd4ba0c-1cf0-4708-82fa-027db5966678,76.62,ATM fee,2024-07-14
cb59a311-c27b-4b54-937c-2ef57eead32f,63f42fad-2a27-4997-92b4-9280fcde2e1a,96.88,ATM fee,2024-07-14
6cc4c0d9-da7f-4bbf-a400-ed5e1ff4ec20,adcf1cee-882b-430d-9157-d9c1c1684df4,95.77,maintenance fee,2024-07-14
b786f831-acdb-40dc-b58f-c504bbb05c4c,12253ca5-5356-48c6-9289-2bc0f39a13c5,53.98,ATM fee,2024-07-14
8011b1e8-71c2-4224-a49b-f367948c7fc9,da384d9f-0e4f-458d-a059-ea046fa7541f,45.19,ATM fee,2024-07-14
f471e6e3-f2f5-42cf-a7e5-4882b6cc965d,c7266366-dcf7-471a-a6a0-d83aa678b645,18.41,overdraft fee,2024-07-14
4fe7d3fd-ff08-470e-91f7-9e44d9f14bef,ab6d41a9-08da-4cbb-8034-204aed0fbdaf,69.99,maintenance fee,2024-07-14
85996664-86b2-45ac-9817-856788b1c9fe,c0ea0021-e3f9-4dc3-b246-222139e13348,18.94,overdraft fee,2024-07-14
ee66e67f-ffad-4c3b-b574-1217bd82c351,c96b3980-e079-43c8-a7a6-53d613ae5a50,74.5,maintenance fee,2024-07-14
bc435514-8a58-46f0-a768-1934deae69c9,7d24f77e-ee12-450e-8307-ccddc791547e,32.32,overdraft fee,2024-07-14
13a9865a-4941-4b00-ab37-b752f106bec8,7b30cf1b-32d8-427b-a855-9925711acf0f,85.85,maintenance fee,2024-07-14
bb3bf461-2a82-406c-9d4c-d912a475f6f9,f572239a-ea74-4df2-ae16-16008beafff4,95.03,maintenance fee,2024-07-14
4bcfb9aa-4954-4180-a8cc-84872e213825,6790fa47-c26b-4f4b-9b9f-80bdc1957a8d,83.98,maintenance fee,2024-07-14
